"Product page","Category","Etsy SKU","Child inventory SKU","Quantity per pack"
"Elephant Bead","focal-beads","FOC-ANI-BLU-BELLY-5PK","FOC-ANI-BLU-BELLY-1PK","5"
"ilicone Clam  hell  pacer Bead","spacers-accessories","FOC-CLMSHLL-LTORG-5PK","FOC-CLMSHLL-LTORG-1PK","5"
"3D Bead Cupcake Bead","charms-dangles","FOC-FOD-3D-CPCKWHT-5PK","FOC-FOD-3D-CPCKWHT-1PK","5"
"3D  nail Bead","focal-beads","FOC-ANI-3D-DKYELSNL-5PK","FOC-ANI-3D-DKYELSNL-1PK","5"
"15mm Bead","charms-dangles","SIL15-YELL-B-5PK","SIL15-YELL-B-1PK","5"
"3D Large Bow  ilicone Focal Bead","focal-beads","FOC-TAILBW-GLITTEAL-5PK","FOC-TAILBW-GLITTEAL-1PK","5"
"16mm  olid Light Pink Bead","acrylic","ACR-16MM-SLD-LTPNK-10PK","ACR-16MM-SLD-LTPNK-1PK","10"
"Printed Bead 15mm Round Bead","uncategorized","SIL15-PRNT-FRUIT-5PK","SIL15-PRNT-FRUIT-1PK","5"
"20mm Bubblegum Bead","acrylic","ACR-POLTCL-20MM-20PK","ACR-POLTCL-20MM-1PK","20"
"Acrylic Flatback","charms-dangles","FLB-XRAYTCHGLD-5PK","FLB-XRAYTCHGLD-1PK","5"
"Mu hroom Bead","focal-beads","FOC-SPR-ORGMSHRM-5PK","FOC-SPR-ORGMSHRM-1PK","5"
"Silicone Dark Purple Spacer Beads Round Abacus Lentil Beads 12mm 14mm 15mm for Beadable Pens Keychains DIY Crafts Bulk 5pc 10pc","spacers-accessories","SIL-12MM-DKPUR-10PK","SIL-12MM-DKPUR-1PK","10"
"Flamingo Bead","focal-beads","FOC-HAL-PTRTCGHST-5PK","FOC-HAL-PTRTCGHST-1PK","5"
"Book Bead","focal-beads","FOC-SCH-LTPCHBOOK-5PK","FOC-SCH-LTPCHBOOK-1PK","5"
"Butterfly Bead","focal-beads","FOC-ANI-BUTTBLU-5PK","FOC-ANI-BUTTBLU-1PK","5"
"emi Truck Bead","focal-beads","FOC-VEH-PNK-SEMI-5PK","FOC-VEH-PNK-SEMI-1PK","5"
"20mm Bubblegum Bead","mixes-bundles-kits","ACR-CRMSCNE-20MM-5PK","ACR-CRMSCNE-20MM-1PK","5"
"2","acrylic","ACR-PNTSWRL-BLK-20MM-5PK","ACR-PNTSWRL-BLK-20MM-1PK","5"
"3D Rubber Duck Bead","focal-beads","FOC-ANI-3D-WHTCWDCK-5PK","FOC-ANI-3D-WHTCWDCK-1PK","5"
"20mm  port  Rhine tone Bead","rhinestone-beads","RHNST-SCCR-10PK","RHNST-SCCR-1PK","10"
"t Patrick’  Day Beadable Pen Kit","focal-beads","BUNDLE-STPTRCKSDAY-60PC","BUNDLE-STPTRCKSDAY-60PC","60"
"18mm Marbled Pumpkin XL Hole Bead","acrylic","ACR-18MM-MRBLMIX-PMKN-7PK","ACR-18MM-MRBLMIX-PMKN-7PK","7"
"ilicone Round Bead","focal-beads","SIL-ABA-SKYBLU-5PK","SIL-ABA-SKYBLU-1PK","5"
"20mm Acrylic Bead","mixes-bundles-kits","ACR-20MM-GLTTR-SLV-10PK","ACR-20MM-GLTTR-SLV-10PK","10"
"Beaded Pen Blank","beadable-pen-blanks","PEN-SOL-XMASRED-5PK","PEN-SOL-XMASRED-1PK","5"
"Badge Reel","beadable-products","BLK-BDRL-CLIP-LTYEL-3PK","BLK-BDRL-CLIP-LTYEL-1PK","3"
"Ble ed Mom Bead","focal-beads","FOC-FAM-WHTBLSSD-5PK","FOC-FAM-WHTBLSSD-1PK","5"
"Beaded Pen Blank","beadable-pen-blanks","PEN-SOL-BLK-5PK","PEN-SOL-BLK-1PK","5"
"Acrylic Flatback","charms-dangles","FLB-FROG-5PK","FLB-FROG-1PK","5"
"Chri tian Flatback","acrylic-flatbacks","FLB-RELIGSMIX-6PK","FLB-RELIGSMIX-6PK","6"
"Gnome Bead","focal-beads","FOC-HOL-GNMETURK-5PK","FOC-HOL-GNMETURK-1PK","5"
"Mama Bead","focal-beads","FOC-FAM-MOMSQUR-5PK","FOC-FAM-MOMSQUR-1PK","5"
"Bright Bead","silicone","SIL-15MM-BRGHTBLK-10PK","SIL-15MM-BRGHTBLK-1PK","10"
"Rhine tone Bead Pen Blank","rhinestone-beads","PEN-RHNST-DKBLU-5PK","PEN-RHNST-DKBLU-1PK","5"
"20mm  olid Light Blue Bead","acrylic","ACR-20MM-SLD-LTBLU-25PK","ACR-20MM-SLD-LTBLU-1PK","25"
"Wavy  pacer","spacers-accessories","ACC-WAVY-SIL-100PK","ACC-WAVY-SIL-1PK","100"
"ilicone Round Bead","focal-beads","SIL-ABA-BRN-5PK","SIL-ABA-BRN-1PK","5"
"Rainbow Bead","focal-beads","FOC-SPR-DKPNKRNBW-5PK","FOC-SPR-DKPNKRNBW-1PK","5"
"14mm Purple Rhine tone Bead","rhinestone-beads","RHNST-PUR-14MM-10PK","RHNST-PUR-14MM-1PK","10"
"Butterfly Bead","focal-beads","FOC-ANI-WDWNGBUTT-5PK","FOC-ANI-WDWNGBUTT-1PK","5"
"Fall Bead","focal-beads","FOC-HOL-PMKNCPCK-5PK","FOC-HOL-PMKNCPCK-1PK","5"
"18mm Marbled Pumpkin XL Hole Bead","acrylic","ACR-18MM-CRMMRBL-PMKN-5PK","ACR-18MM-CRMMRBL-PMKN-1PK","5"
"16mm Bead","acrylic","ACR-16MM-UVAB-LMGRN-10PK","ACR-16MM-UVAB-LMGRN-1PK","10"
"Marijuana Bead","focal-beads","FOC-ADT-SMKREPEAT-5PK","FOC-ADT-SMKREPEAT-1PK","5"
"Beaded Pen Blank","beadable-pen-blanks","PEN-SOL-GLTBLK-5PK","PEN-SOL-GLTBLK-1PK","5"
"20mm Bead","rhinestone-beads","RHNST-BLKSLV-20MM-5PK","RHNST-BLKSLV-20MM-1PK","5"
"Dental Focal Bead","charms-dangles","FOL-OCC-TTHBLUBWTIE-5PK","FOL-OCC-TTHBLUBWTIE-1PK","5"
"Patriotic Highland Cow Focal Bead","focal-beads","FOC-PAT-MRCNMIX-3PK","FOC-PAT-MRCNMIX-3PK","3"
"Ying Yang Bead","charms-dangles","FOC-MSC-YNGYNG-5PK","FOC-MSC-YNGYNG-1PK","5"
"2","acrylic","ACR-PNTSWRL-RED2-20MM-5PK","ACR-PNTSWRL-RED2-20MM-1PK","5"
"3D Bead","focal-beads","FOC-ANI-3D-BRN-BBYCW-5PK","FOC-ANI-3D-BRN-BBYCW-1PK","5"
"20mm Bubblegum Bead","mixes-bundles-kits","ACR-HOHOHO-20MM-20PK","ACR-HOHOHO-20MM-1PK","20"
"Wine Focal Bead","focal-beads","FOC-ADT-WNE-ENDS-5PK","FOC-ADT-WNE-ENDS-1PK","5"
"20mm Bubblegum Bead","mixes-bundles-kits","ACR-SNTAKNWHM-20MM-20PK","ACR-SNTAKNWHM-20MM-1PK","20"
"15mm Bead","charms-dangles","SIL15-PRNT-PNKUNI-5PK","SIL15-PRNT-PNKUNI-1PK","5"
"Elephant Bead","focal-beads","FOC-ANI-DKPNK-ELEPH-5PK","FOC-ANI-DKPNK-ELEPH-1PK","5"
"18mm Marbled Pumpkin XL Hole Bead","acrylic","ACR-18MM-YELMRBL-PMKN-5PK","ACR-18MM-YELMRBL-PMKN-1PK","5"
"16mm Crochet Bead","spacers-accessories","ACC-CRCHT-ORG-10PK","ACC-CRCHT-ORG-1PK","10"
"3D Bead","charms-dangles","FOC-XMS-3D-WHTTREE-5PK","FOC-XMS-3D-WHTTREE-1PK","5"
"Flower Bead","focal-beads","FOC-SPR-REDFLWR-5PK","FOC-SPR-REDFLWR-1PK","5"
"Large Hole  pacer","spacers-accessories","ACC-FRRY-TURQ-5PK","ACC-FRRY-TURQ-1PK","5"
"Toa t Focal Bead","focal-beads","FOC-FOD-PURTOST-5PK","FOC-FOD-PURTOST-1PK","5"
"Ea ter Bead","silicone","SIL15-PRNT-ESTRPLD-5PK","SIL15-PRNT-ESTRPLD-1PK","5"
"Beaded Pen Blank","beadable-pen-blanks","PEN-SOL-PUR-5PK","PEN-SOL-PUR-1PK","5"
"Beaded Pen Blank","beadable-pen-blanks","PEN-SOL-MATTEPNK-5PK","PEN-SOL-MATTEPNK-1PK","5"
"16mm Acrylic Bead","acrylic","ACR-16MM-SHIM-YEL-10PK","ACR-16MM-SHIM-YEL-1PK","10"
"Halloween Bead","uncategorized","SIL15-PRNT-HLLWNWHT-10PK","SIL15-PRNT-HLLWNWHT-1PK","10"
"20mm Black Purple Rhine tone  wirl Bead","rhinestone-beads","RHNST-SWRL-BLKPUR-10PK","RHNST-SWRL-BLKPUR-1PK","10"
"20mm Acrylic Bead","mixes-bundles-kits","ACR-20MM-GLTTR-DKPNK-10PK","ACR-20MM-GLTTR-DKPNK-10PK","10"
"Silicone Summer Green Spacer Beads Round Abacus Lentil Beads 12mm 14mm 15mm for Beadable Pens Keychains DIY Crafts Bulk 5pc 10pc","spacers-accessories","SIL-15MM-SMMRGRN-10PK","SIL-15MM-SMMRGRN-1PK","10"
"20mm Acrylic Bead","mixes-bundles-kits","ACR-20MM-GLTTR-GLD-10PK","ACR-20MM-GLTTR-GLD-10PK","10"
"Big Flower Bead","focal-beads","FOC-SPR-BGBRWFLWR-5PK","FOC-SPR-BGBRWFLWR-1PK","5"
"16mm Bead","mixes-bundles-kits","ACR-16MM-METAL-DKPNK-10PK","ACR-16MM-METAL-DKPNK-1PK","10"
"16mm Bead","mixes-bundles-kits","ACR-16MM-UVAB-DKPNK-10PK","ACR-16MM-UVAB-DKPNK-1PK","10"
"Acrylic Flatback","charms-dangles","FLB-CZYSSN-5PK","FLB-CZYSSN-1PK","5"
"ilicone Round Bead","spacers-accessories","SIL-LENT-METSLV-10PK","SIL-LENT-METSLV-1PK","10"
"2","acrylic","ACR-PNTSPLT-PTRTC-20MM-20PK","ACR-PNTSPLT-PTRTC-20MM-1PK","20"
"20mm Bead","rhinestone-beads","RHNST-REDSLV-20MM-5PK","RHNST-REDSLV-20MM-1PK","5"
"20mm  olid Light Brown Bead","acrylic","ACR-20MM-SLD-LTBRN-5PK","ACR-20MM-SLD-LTBRN-1PK","5"
"ilicone Round Bead","focal-beads","SIL-ABA-XMASGRN-5PK","SIL-ABA-XMASGRN-1PK","5"
"port  Bead","charms-dangles","FOC-SPT-SFTBLLHRT-5PK","FOC-SPT-SFTBLLHRT-1PK","5"
"Acrylic Flatback","charms-dangles","FLB-HIDENSEEK-5PK","FLB-HIDENSEEK-1PK","5"
"20mm Bubblegum Bead","rhinestone-beads","ACR-PCHMIX-20MM-5PK","ACR-PCHMIX-20MM-1PK","5"
"18mm Marbled Pumpkin XL Hole Bead","acrylic","ACR-18MM-ORGMRBL-PMKN-5PK","ACR-18MM-ORGMRBL-PMKN-1PK","5"
"ilicone Round Bead","spacers-accessories","SIL-15MM-ARMYGRN-10PK","SIL-15MM-ARMYGRN-1PK","10"
"Horror Character Bead","focal-beads","FOC-HAL-ANNBLL-5PK","FOC-HAL-ANNBLL-1PK","5"
"20mm Rhine tone Bead","rhinestone-beads","RHNST-SPRLBLKSLV-20MM-5PK","RHNST-SPRLBLKSLV-20MM-1PK","5"
"Autumn Vibe  Bead","focal-beads","FOC-HOL-ATMNVBS-5PK","FOC-HOL-ATMNVBS-1PK","5"
"Beadable Keychain Blank","beadable-products","BLK-KYCHN-STAR-YEL-5PK","BLK-KYCHN-STAR-YEL-1PK","5"
"2","acrylic","ACR-PNTSPLT-90s-20MM-10PK","ACR-PNTSPLT-90s-20MM-1PK","10"
"16mm Bead","acrylic","ACR-16MM-UVAB-DKBLU-10PK","ACR-16MM-UVAB-DKBLU-1PK","10"
"Large Hole  pacer","spacers-accessories","ACC-MRBLE-WHT-10PK","ACC-MRBLE-WHT-1PK","10"
"Large Hole  pacer","spacers-accessories","ACC-MRBLE-PUR-5PK","ACC-MRBLE-PUR-1PK","5"
"ilicone Round Bead","focal-beads","SIL-LENT-GRY-10PK","SIL-LENT-GRY-1PK","10"
"Bird Bead","focal-beads","FOC-SPR-BRDHSE-PNK-5PK","FOC-SPR-BRDHSE-PNK-1PK","5"
"Mental Breakdown Bead","focal-beads","FOC-SAR-MENTAL-5PK","FOC-SAR-MENTAL-1PK","5"
"Ea ter Bead","charms-dangles","FOC-HOL-STTNGEGGBNNY-5PK","FOC-HOL-STTNGEGGBNNY-1PK","5"
"Large Hole  pacer","spacers-accessories","ACC-CRCKD-RED-10PK","ACC-CRCKD-RED-1PK","10"
"Acrylic  tar Charm","charms-dangles","ACC-CHRM-HOLOSTR-5PK","ACC-CHRM-HOLOSTR-1PK","5"
"Pa tel Green Acrylic Bead","acrylic","ACR-16MM-PSTL-GRN-5PK","ACR-16MM-PSTL-GRN-1PK","5"
"Chao  Coordinator Bead","focal-beads","FOC-SAR-CHAOS-5PK","FOC-SAR-CHAOS-1PK","5"
"Wavy  pacer","spacers-accessories","ACC-WAVY-GLD-10PK","ACC-WAVY-GLD-1PK","10"
"Acrylic Flatback","charms-dangles","FLB-SHKRSNTA-5PK","FLB-SHKRSNTA-1PK","5"
"3D Dumpling  ilicone Focal Bead","focal-beads","FOC-FOD-WHTDMPLNG-5PK","FOC-FOD-WHTDMPLNG-1PK","5"
"Cancer Awarene  Bead","focal-beads","FOC-MSC-RBBNBLU-5PK","FOC-MSC-RBBNBLU-1PK","5"
"20mm Bubblegum Bead","acrylic","ACR-PPPRMNT-20MM-5PK","ACR-PPPRMNT-20MM-1PK","5"
"8 Ball Acrylic Bead","acrylic","ACR-16MM-8BLL-10PK","ACR-16MM-8BLL-1PK","10"
"3D Bead Bat Bead","focal-beads","FOC-HAL-3D-VMPRE-5PK","FOC-HAL-3D-VMPRE-1PK","5"
"Gnome Bead","focal-beads","FOC-HAL-GRYPMPKNGNM-5PK","FOC-HAL-GRYPMPKNGNM-1PK","5"
"ilicone Round Bead","focal-beads","SIL-12MM-MAG-10PK","SIL-12MM-MAG-1PK","10"
"3D Animal Focal  ilicone Bead","focal-beads","FOC-ANI-3D-FROG-5PK","FOC-ANI-3D-FROG-1PK","5"
"3D Bead Dolphin Bead","focal-beads","FOC-ANI-3D-LTGRYDLPHN-5PK","FOC-ANI-3D-LTGRYDLPHN-1PK","5"
"20mm  olid Black Bead","acrylic","ACR-20MM-SLD-BLK-5PK","ACR-20MM-SLD-BLK-1PK","5"
"16mm Acrylic Bead","acrylic","ACR-16MM-SHIM-LTGRN-10PK","ACR-16MM-SHIM-LTGRN-1PK","10"
"ilicone Round Bead","focal-beads","SIL-12MM-NVYBLU-10PK","SIL-12MM-NVYBLU-1PK","10"
"Large Hole  pacer","spacers-accessories","ACC-FRRY-BLU-25PK","ACC-FRRY-BLU-1PK","25"
"20mm Bubblegum Bead","mixes-bundles-kits","ACR-CKKIESHP-20MM-10PK","ACR-CKKIESHP-20MM-1PK","10"
"port  Bow  ilicone Focal Bead","focal-beads","FOC-SPT-VLLYBLLBGBW-5PK","FOC-SPT-VLLYBLLBGBW-1PK","5"
"3D Focal Bead","focal-beads","FOC-MSC-3D-BOYALEN-5PK","FOC-MSC-3D-BOYALEN-1PK","5"
"20mm Bubblegum Bead","mixes-bundles-kits","ACR-TRTLE-20MM-20PK","ACR-TRTLE-20MM-1PK","20"
"20mm Bubblegum Bead","mixes-bundles-kits","ACR-READ-20MM-20PK","ACR-READ-20MM-1PK","20"
"Acrylic Flatback","charms-dangles","FLB-SQRRL-5PK","FLB-SQRRL-1PK","5"
"Di c  pacer","spacers-accessories","ACC-DISC-SLV-50PK","ACC-DISC-SLV-1PK","50"
"W","acrylic-flatbacks","FLB-GRLSOPTNS-5PK","FLB-GRLSOPTNS-1PK","5"
"16mm Bead","mixes-bundles-kits","ACR-16MM-METAL-LTPNK-10PK","ACR-16MM-METAL-LTPNK-1PK","10"
"Ca ino  ilicone Bead","focal-beads","FOC-REC-CRDSFLSHRT-5PK","FOC-REC-CRDSFLSHRT-1PK","5"
"10mm Sports Bead","spacers-accessories","ACR-10MM-SPRTS-FTBLL-50PK","ACR-10MM-SPRTS-FTBLL-1PK","50"
"Rainbow Bead","focal-beads","FOC-SPR-BLURNBW-5PK","FOC-SPR-BLURNBW-1PK","5"
"Cro  Bead","focal-beads","FOC-MSC-HTPNKFLWRCRSS-5PK","FOC-MSC-HTPNKFLWRCRSS-1PK","5"
"15mm Round Printed  ilicone Bead","mixes-bundles-kits","SIL15-PRNT-MOSAIC-5PK","SIL15-PRNT-MOSAIC-1PK","5"
"Mama Bead","focal-beads","FOC-FAM-PNKBWMOM-5PK","FOC-FAM-PNKBWMOM-1PK","5"
"Pen Ink Refill","beadable-products","ACC-INK-PNK-5PK","ACC-INK-PNK-1PK","5"
"M","mixes-bundles-kits","SIL15-PRNT-YELMRBL-10PK","SIL15-PRNT-YELMRBL-1PK","10"
"ilicone Round Bead","focal-beads","SIL-15MM-XMASGRN-10PK","SIL-15MM-XMASGRN-1PK","10"
"Bee Bead","focal-beads","FOC-ANI-LTPNKBEE-5PK","FOC-ANI-LTPNKBEE-1PK","5"
"Pot Leaf Bead","uncategorized","SIL15-PRNT-PTLFGRN-5PK","SIL15-PRNT-PTLFGRN-1PK","5"
"Beaded Pen Blank","beadable-pen-blanks","PEN-SOL-HOTPNK-5PK","PEN-SOL-HOTPNK-1PK","5"
"Wine  topper","beadable-products","BLK-WNSTPPR-DKPNK-2PK","BLK-WNSTPPR-DKPNK-1PK","2"
"3D Bead Dolphin Bead","focal-beads","FOC-ANI-3D-PSTLBLUDLN-5PK","FOC-ANI-3D-PSTLBLUDLN-1PK","5"
"Dog Paw Keychain Bar","beadable-products","BLK-DOGPAW-LTORG-5PK","BLK-DOGPAW-LTORG-1PK","5"
"Wine  topper","beadable-products","BLK-WNSTPPR-YEL-2PK","BLK-WNSTPPR-YEL-1PK","2"
"Badge Reel","beadable-products","BLK-BDRL-CLIP-BLK-3PK","BLK-BDRL-CLIP-BLK-1PK","3"
"Coach  ilicone Focal Bead","focal-beads","FOC-SPT-BSKTBLLCCH-5PK","FOC-SPT-BSKTBLLCCH-1PK","5"
"20mm Bubblegum Bead","mixes-bundles-kits","ACR-PWPRNT-20MM-5PK","ACR-PWPRNT-20MM-1PK","5"
"Gho t Bead","focal-beads","FOC-HAL-SMGHSTWHT-5PK","FOC-HAL-SMGHSTWHT-1PK","5"
"Large Hole  pacer","spacers-accessories","ACC-FRRY-PUR-5PK","ACC-FRRY-PUR-1PK","5"
"Red Bead Mix","mixes-bundles-kits","ACR-REDMIXNEW-20MM-5PK","ACR-REDMIXNEW-20MM-1PK","5"
"Fancy Rhine tone Bead","rhinestone-beads","ACC-FNCY-PNK-SQU-5PK","ACC-FNCY-PNK-SQU-1PK","5"
"20mm Bubblegum Bead","mixes-bundles-kits","ACR-MNTFOIL-20MM-10PK","ACR-MNTFOIL-20MM-1PK","10"
"Fire Truck Bead","focal-beads","FOC-PAT-FRETRCK-5PK","FOC-PAT-FRETRCK-1PK","5"
"ilicone Round Bead","spacers-accessories","SIL-12MM-BTRED-10PK","SIL-12MM-BTRED-1PK","10"
"Retro Bee  Bead","spacers-accessories","SIL15-PRNT-BEES-10PK","SIL15-PRNT-BEES-1PK","10"
"Dog Mom Bead","focal-beads","FOC-ANI-DGMM-5PK","FOC-ANI-DGMM-1PK","5"
"M","mixes-bundles-kits","SIL15-PRNT-LTORGMRBL-10PK","SIL15-PRNT-LTORGMRBL-1PK","10"
"Pink Duck Bead","uncategorized","SIL15-PRNT-PNKDCK-10PK","SIL15-PRNT-PNKDCK-1PK","10"
"16mm  olid Blue Bead","acrylic","ACR-16MM-SLD-BLU-5PK","ACR-16MM-SLD-BLU-1PK","5"
"14mm Rhine tone Bead","rhinestone-beads","RHNST-YEL-14MM-10PK","RHNST-YEL-14MM-1PK","10"
"15mm Cracked Bead","spacers-accessories","SIL15-PRNT-CRCKDDKPNK-5PK","SIL15-PRNT-CRCKDDKPNK-1PK","5"
"Printed  ilicone Round Bead","mixes-bundles-kits","SIL-PRNT-15MM-BSBLL-5PK","SIL-PRNT-15MM-BSBLL-1PK","5"
"pider Web Bead","uncategorized","SIL15-PRNT-SPDRWB-10PK","SIL15-PRNT-SPDRWB-1PK","10"
"Beaded Pen Blank","beadable-pen-blanks","PEN-OMB-LTPNK-5PK","PEN-OMB-LTPNK-1PK","5"
"M","mixes-bundles-kits","SIL15-PRNT-TRQMRBL-10PK","SIL15-PRNT-TRQMRBL-1PK","10"
"Glitter Bead","uncategorized","SIL12-GLTTRPUR-5PK","SIL12-GLTTRPUR-1PK","5"
"20mm Bubblegum Bead","mixes-bundles-kits","ACR-PUR-GF-20-5PK","ACR-PUR-GF-20-1PK","5"
"Beadable Mirror","beadable-products","BLK-MIR-HRT-DKPNK-3PK","BLK-MIR-HRT-DKPNK-1PK","3"
"Ea ter Bead","charms-dangles","FOC-HOL-RBBTEGGS-5PK","FOC-HOL-RBBTEGGS-1PK","5"
"Glitter Bead","uncategorized","SIL12-GLTTRBLK-5PK","SIL12-GLTTRBLK-1PK","5"
"16mm  olid Peach Bead","acrylic","ACR-16MM-SLD-PCH-10PK","ACR-16MM-SLD-PCH-1PK","10"
"Gnome Bead","focal-beads","FOC-HAL-SMLNGPMKN-5PK","FOC-HAL-SMLNGPMKN-1PK","5"
"Beadable Mirror","beadable-products","BLK-MIR-HRT-PUR-3PK","BLK-MIR-HRT-PUR-1PK","3"
"Ea ter Bead","silicone","SIL15-PRNT-PSTLHRTS-5PK","SIL15-PRNT-PSTLHRTS-1PK","5"
"16mm Bead","acrylic","ACR-16MM-UVAB-LTBLU-5PK","ACR-16MM-UVAB-LTBLU-1PK","5"
"Fi hing Bead","focal-beads","FOC-FAM-BTME-5PK","FOC-FAM-BTME-1PK","5"
"3D Bead Reindeer Bead","charms-dangles","FOC-XMS-3D-RNDEER-5PK","FOC-XMS-3D-RNDEER-1PK","5"
"20mm Bubblegum Bead","rhinestone-beads","ACR-ESTRMIX-20MM-10PK","ACR-ESTRMIX-20MM-1PK","10"
"Chri tma   ilicone Jar Focal Bead","focal-beads","HAL-3D-JR-REDPPRMNT-5PK","HAL-3D-JR-REDPPRMNT-1PK","5"
"16mm Bead","mixes-bundles-kits","ACR-16MM-UVAB-DKBLU-10PK","ACR-16MM-UVAB-DKBLU-1PK","10"
"20mm Bubblegum Bead","mixes-bundles-kits","ACR-VLLYBLL-20MM-20PK","ACR-VLLYBLL-20MM-1PK","20"
"Large Hole  pacer","spacers-accessories","ACC-FRRY-BWN-5PK","ACC-FRRY-BWN-1PK","5"
"20mm White Rhine tone  wirl Bead","rhinestone-beads","RHNST-SWRL-WHTRED-2PK","RHNST-SWRL-WHTRED-1PK","2"
"Large Hole  pacer","spacers-accessories","ACC-MRBLE-AQUA-5PK","ACC-MRBLE-AQUA-1PK","5"
"ilicone Round Bead","focal-beads","SIL-15MM-DIMGRY-10PK","SIL-15MM-DIMGRY-1PK","10"
"Rhine tone Bow  pacer Bead","rhinestone-beads","ACC-FNCY-CLR-BOW-5PK","ACC-FNCY-CLR-BOW-1PK","5"
"3D Plant Focal  ilicone Bead","focal-beads","FOC-SPR-3D-BKPLNT-5PK","FOC-SPR-3D-BKPLNT-1PK","5"
"Cupcake Bead","focal-beads","FOC-FOD-3DPURCPCKE-5PK","FOC-FOD-3DPURCPCKE-1PK","5"
"Bird Bead","focal-beads","FOC-SPR-BRDHSE-YEL-5PK","FOC-SPR-BRDHSE-YEL-1PK","5"
"Mama Bead","focal-beads","FOC-FAM-UGLYCHLDRN-5PK","FOC-FAM-UGLYCHLDRN-1PK","5"
"Printed Bead 15mm Round Bead","uncategorized","SIL15-PRNT-ANTLERS-5PK","SIL15-PRNT-ANTLERS-1PK","5"
"16mm Clear Bubble Acrylic Beads Color Core Round Beads Transparent Beads Beadable Pen Beads Jewelry Making Craft Supplies","acrylic","ACR-16MM-BBLE-DK-5PK","ACR-16MM-BBLE-DK-1PK","5"
"Dog Paw Keychain Bar","beadable-products","BLK-DOGPAW-SLV-5PK","BLK-DOGPAW-SLV-1PK","5"
"16mm Clear Bubble Acrylic Beads Color Core Round Beads Transparent Beads Beadable Pen Beads Jewelry Making Craft Supplies","acrylic","ACR-16MM-BBLE-DK-20PK","ACR-16MM-BBLE-DK-1PK","20"
"Large Hole  pacer","spacers-accessories","ACC-MRBLE-WHT-5PK","ACC-MRBLE-WHT-1PK","5"
"20mm  olid White Bead","acrylic","ACR-20MM-SLD-WHT-10PK","ACR-20MM-SLD-WHT-1PK","10"
"Pug Bead","focal-beads","FOC-ANI-PUG-5PK","FOC-ANI-PUG-1PK","5"
"Cup Charm Wire","beadable-products","BLK-WIRE-PNK-5PK","BLK-WIRE-PNK-1PK","5"
"Glitter Ea ter Acrylic Flatback","acrylic-flatbacks","FLB-HOL-PNKHPPYSTR-5PK","FLB-HOL-PNKHPPYSTR-1PK","5"
"20mm Bubblegum Bead","mixes-bundles-kits","ACR-STRS-20MM-5PK","ACR-STRS-20MM-1PK","5"
"Your Wing  Bead","focal-beads","FOC-FAM-WNGSRDY-5PK","FOC-FAM-WNGSRDY-1PK","5"
"3D Bead Gnome Bead","focal-beads","FOC-PAT-3D-GNOME-PLCE-5PK","FOC-PAT-3D-GNOME-PLCE-1PK","5"
"Large Hole  pacer","spacers-accessories","ACC-CRCKD-WHT-5PK","ACC-CRCKD-WHT-1PK","5"
"16mm Bead","acrylic","ACR-16MM-UVAB-WHT-25PK","ACR-16MM-UVAB-WHT-1PK","25"
"Beaded Pen Blank","beadable-pen-blanks","PEN-SOL-GRY-5PK","PEN-SOL-GRY-1PK","5"
"port  Bead","charms-dangles","FOC-SPT-FTBLLHRT-5PK","FOC-SPT-FTBLLHRT-1PK","5"
"3D Ba eball Cheer Focal Bead","focal-beads","FOC-SPT-3D-BSBLLGNME-5PK","FOC-SPT-3D-BSBLLGNME-1PK","5"
"Beadable Mirror","beadable-products","BLK-MIR-HRT-BLU-3PK","BLK-MIR-HRT-BLU-1PK","3"
"10mm Wide Hole Gem  pacer","rhinestone-beads","ACC-GEM-WDHL-LTPNK-10PK","ACC-GEM-WDHL-LTPNK-1PK","10"
"3D Large Bow  ilicone Focal Bead","focal-beads","FOC-TAILBW-LTPNK-5PK","FOC-TAILBW-LTPNK-1PK","5"
"Beadable Keychain Blank","beadable-products","BLK-KYCHN-STAR-WHT-5PK","BLK-KYCHN-STAR-WHT-1PK","5"
"ilicone Cup  traw Topper","charms-dangles","ACC-STRWTOP-WHTTREE-5PK","ACC-STRWTOP-WHTTREE-1PK","5"
"20mm Bubblegum Bead","acrylic","ACR-STRPE-REDGRN-20MM-20PK","ACR-STRPE-REDGRN-20MM-1PK","20"
"We tern  ilicone Focal Bead","focal-beads","FOC-WES-3DOVRLLS-5PK","FOC-WES-3DOVRLLS-1PK","5"
"Pencil Bead","focal-beads","FOC-SCH-PNCL-BSTTCHR-5PK","FOC-SCH-PNCL-BSTTCHR-1PK","5"
"Thank giving Bead","focal-beads","FOC-HOL-TRKY-5PK","FOC-HOL-TRKY-1PK","5"
"Graduation Cap Bead","charms-dangles","FOC-SCH-GRDUTNCP-5PK","FOC-SCH-GRDUTNCP-1PK","5"
"Chri tma   ilicone Jar Focal Bead","focal-beads","HAL-3D-JR-GRNPPRMNT-5PK","HAL-3D-JR-GRNPPRMNT-1PK","5"
"Wavy  pacer","spacers-accessories","ACC-WAVY-MAT-50PK","ACC-WAVY-MAT-1PK","50"
"Beaded Pen Blank","beadable-pen-blanks","PEN-SOL-MATPUR-5PK","PEN-SOL-MATPUR-1PK","5"
"20mm Bubblegum Bead","mixes-bundles-kits","ACR-SNFLWR-20MM-5PK","ACR-SNFLWR-20MM-1PK","5"
"port  Bead","focal-beads","FOC-SPT-VLLYBLLBW-5PK","FOC-SPT-VLLYBLLBW-1PK","5"
"20mm Bubblegum Bead","acrylic","ACR-GRNSNWFK-20MM-20PK","ACR-GRNSNWFK-20MM-1PK","20"
"Coach  ilicone Focal Bead","focal-beads","FOC-SPT-SFTBLLCCH-5PK","FOC-SPT-SFTBLLCCH-1PK","5"
"Acrylic Flatback","charms-dangles","FLB-DNTLHYGNTST-5PK","FLB-DNTLHYGNTST-1PK","5"
"Chri tian  ilicone Focal Bead","focal-beads","FOC-MSC-NEWRELMIX-5PK","FOC-MSC-NEWRELMIX-5PK","5"
"Rhine tone Bead Pen Blank","rhinestone-beads","PEN-RHNST-LTPNK-5PK","PEN-RHNST-LTPNK-1PK","5"
"16mm  olid Black Acrylic Bead","acrylic","ACR-16MM-SLD-BLK-10PK","ACR-16MM-SLD-BLK-1PK","10"
"21mm Clear Acrylic Flat Round Bead","acrylic","ACR-CLEARDISC-5PK","ACR-CLEARDISC-1PK","5"
"Pearl Bow Focal Bead","focal-beads","FOC-PRLBOW-TEAL-5PK","FOC-PRLBOW-TEAL-1PK","5"
"16mm Bead","mixes-bundles-kits","ACR-16MM-UVAB-WHT-10PK","ACR-16MM-UVAB-WHT-1PK","10"
"20mm Bandana Acrylic Bead","mixes-bundles-kits","ACR-20MM-BNDNA-DKBLU-20PK","ACR-20MM-BNDNA-DKBLU-1PK","20"
"20mm Bead","rhinestone-beads","RHNST-YEL-20MM-5PK","RHNST-YEL-20MM-1PK","5"
"Floral Cro  Flatback","acrylic-flatbacks","FLB-BLUCRSS-5PK","FLB-BLUCRSS-1PK","5"
"Beaded Pen Blank","beadable-pen-blanks","PEN-SOL-RED-5PK","PEN-SOL-RED-1PK","5"
"arca tic Bead","focal-beads","FOC-SCH-BKFR-5PK","FOC-SCH-BKFR-1PK","5"
"3D Bead Bigfoot Bead","focal-beads","FOC-MSC-3D-BGFOOT-5PK","FOC-MSC-3D-BGFOOT-1PK","5"
"20mm Rhine tone Bead","rhinestone-beads","RHNST-SPRLREDSLV-20MM-5PK","RHNST-SPRLREDSLV-20MM-1PK","5"
"3D Bead Pumpkin Bead","focal-beads","FOC-HAL-3D-PNK-PUMP-5PK","FOC-HAL-3D-PNK-PUMP-1PK","5"
"12mm Bead","mixes-bundles-kits","ACR-12BLOCK-YELSTCKNG-10PK","ACR-12BLOCK-YELSTCKNG-1PK","10"
"20mm Bubblegum Bead","mixes-bundles-kits","ACR-PNKCWPRNT-20MM-5PK","ACR-PNKCWPRNT-20MM-1PK","5"
"Printed Bead 15mm Round Bead","uncategorized","SIL15-PRNT-MSTCH-5PK","SIL15-PRNT-MSTCH-1PK","5"
"Penguin Bead","focal-beads","FOC-ANI-BLUSCRFPNG-5PK","FOC-ANI-BLUSCRFPNG-1PK","5"
"65mm Printed  ilicone Ring","focal-beads","ACC-RNGNRSLFE-5PK","ACC-RNGNRSLFE-1PK","5"
"15mm Bead","charms-dangles","SIL15-PRNT-SPRK-5PK","SIL15-PRNT-SPRK-1PK","5"
"Rainbow Bead","focal-beads","FOC-SPR-REDRNBW-5PK","FOC-SPR-REDRNBW-1PK","5"
"Chri tian Flatback","acrylic-flatbacks","FLB-PRYFRYOU-5PK","FLB-PRYFRYOU-1PK","5"
"16mm Clear Bubble Acrylic Beads Color Core Round Beads Transparent Beads Beadable Pen Beads Jewelry Making Craft Supplies","acrylic","ACR-16MM-BBLE-YEL-5PK","ACR-16MM-BBLE-YEL-1PK","5"
"3D Coffee  ilicone Focal Bead","focal-beads","FOC-3D-PNKCFFEECUP-5PK","FOC-3D-PNKCFFEECUP-1PK","5"
"Gho t Bead","focal-beads","FOC-HAL-GHSTPMPKN-5PK","FOC-HAL-GHSTPMPKN-1PK","5"
"Acrylic  tar Charm","charms-dangles","ACC-CHRM-YELSTR-10PK","ACC-CHRM-YELSTR-1PK","10"
"15mm Blue  wirl Round Bead","spacers-accessories","SIL15-PRNT-BLUSWRL-10PK","SIL15-PRNT-BLUSWRL-1PK","10"
"16mm Bead","acrylic","ACR-16MM-NEON-GRN-25PK","ACR-16MM-NEON-GRN-1PK","25"
"20mm Acrylic Bead","acrylic","ACR-20MM-SHIM-LTPNK-20PK","ACR-20MM-SHIM-LTPNK-1PK","20"
"Ugly  weater Bead","focal-beads","FOC-XMS-UGLYSWTR-5PK","FOC-XMS-UGLYSWTR-1PK","5"
"Mom Life Bead","focal-beads","FOC-FAM-BDBTCHTEAL-5PK","FOC-FAM-BDBTCHTEAL-1PK","5"
"F","acrylic-flatbacks","FLB-FLL-PMPKN-5PK","FLB-FLL-PMPKN-1PK","5"
"Beaded Pen Blank","beadable-pen-blanks","PEN-SOL-LIMGRN-10PK","PEN-SOL-LIMGRN-1PK","10"
"20mm Bubblegum Bead","charms-dangles","ACR-BSKTBLLMIX-20MM-10PK","ACR-BSKTBLLMIX-20MM-1PK","10"
"3D  more","charms-dangles","FOC-FOD-SMRS-5PK","FOC-FOD-SMRS-1PK","5"
"2","acrylic","ACR-PNTSWRL-YEL2-20MM-10PK","ACR-PNTSWRL-YEL2-20MM-1PK","10"
"Beaded Pen Blank","beadable-pen-blanks","PEN-CHR-GLD-5PK","PEN-CHR-GLD-1PK","5"
"Ble ed Mom Bead","focal-beads","FOC-FAM-TANBLSSD-5PK","FOC-FAM-TANBLSSD-1PK","5"
"Beadable Mirror","beadable-products","BLK-MIR-HRT-RED-3PK","BLK-MIR-HRT-RED-1PK","3"
"Be Kind Bead","focal-beads","FOC-MSC-CRCLCLRFLKND-5PK","FOC-MSC-CRCLCLRFLKND-1PK","5"
"16mm Crochet Bead","spacers-accessories","ACC-CRCHT-BRN-10PK","ACC-CRCHT-BRN-1PK","10"
"20mm Bubblegum Bead","mixes-bundles-kits","ACR-ESTRGG-20MM-10PK","ACR-ESTRGG-20MM-1PK","10"
"Book Bead","focal-beads","FOC-SCH-LTPNKBOOK-5PK","FOC-SCH-LTPNKBOOK-1PK","5"
"3D Fruit Focal Bead","focal-beads","FOC-FOD-3DLMESLC-5PK","FOC-FOD-3DLMESLC-1PK","5"
"M","silicone","SIL15-PRNT-GLDMTTLC-10PK","SIL15-PRNT-GLDMTTLC-1PK","10"
"10mm Sports Bead","spacers-accessories","ACR-10MM-SPRTS-BSKTBLL-25PK","ACR-10MM-SPRTS-BSKTBLL-1PK","25"
"20mm Bubblegum Bead","mixes-bundles-kits","ACR-ESTRSPRNKL-20MM-10PK","ACR-ESTRSPRNKL-20MM-1PK","10"
"Fueled by Coffee Bead","charms-dangles","FOC-FOD-FLDCFFEEPNK-5PK","FOC-FOD-FLDCFFEEPNK-1PK","5"
"Candy Bead","focal-beads","FOC-XMS-GRNCNDY-5PK","FOC-XMS-GRNCNDY-1PK","5"
"Gingerbread Bead","focal-beads","FOC-XMS-CKKSMLK-5PK","FOC-XMS-CKKSMLK-1PK","5"
"3D Bead Robot Bead","focal-beads","FOC-MSC-DKBLURBT-5PK","FOC-MSC-DKBLURBT-1PK","5"
"F","mixes-bundles-kits","ACR-16MM-FRSTD-TRQUS-10PK","ACR-16MM-FRSTD-TRQUS-1PK","10"
"Highland Cow Flatback","acrylic-flatbacks","FLB-CHTHBWCW-5PK","FLB-CHTHBWCW-1PK","5"
"10mm Wavy  pacer","rhinestone-beads","ACC-GEMWVY-RSGLD-10MM-10PK","ACC-GEMWVY-RSGLD-10MM-1PK","10"
"Grandma Bead","focal-beads","FOC-FAM-BSTMIMI-PNK-5PK","FOC-FAM-BSTMIMI-PNK-1PK","5"
"ticker Heart Beadable Cup Charm Blank","beadable-products","BLK-STCKR-HRT-KYCHN-LTPUR-5PK","BLK-STCKR-HRT-KYCHN-LTPUR-1PK","5"
"Printed  ilicone Round Bead","mixes-bundles-kits","SIL-PRNT-15MM-VLLYBLL-5PK","SIL-PRNT-15MM-VLLYBLL-1PK","5"
"Beadable Garden Tool  et","beadable-products","GRDN-LTPNK-2PK","GRDN-LTPNK-1PK","2"
"Coffee Bead","focal-beads","FOC-FOD-NDSCFFEE-5PK","FOC-FOD-NDSCFFEE-1PK","5"
"Cro  Bead","focal-beads","FOC-MSC-SKLLCRSS-5PK","FOC-MSC-SKLLCRSS-1PK","5"
"Bird Bead","focal-beads","FOC-SPR-BRDHSE-GRN-5PK","FOC-SPR-BRDHSE-GRN-1PK","5"
"Pa tel Green Acrylic Bead","acrylic","ACR-16MM-PSTL-GRN-25PK","ACR-16MM-PSTL-GRN-1PK","25"
"Hockey Focal Bead","charms-dangles","FOC-SPT-ICESKTE-5PK","FOC-SPT-ICESKTE-1PK","5"
"65mm Printed  ilicone Ring","focal-beads","ACC-RNGBLKCHCKRD-5PK","ACC-RNGBLKCHCKRD-1PK","5"
"16mm Gold Flake Acrylic Bead","spacers-accessories","ACR-RED-GF-16-20PK","ACR-RED-GF-16-20PK","20"
"16mm Rhinestone Beads Two Tone Crystal Beads Sparkle Bling Beads Beadable Pen Beads Jewelry Making DIY Craft Supplies","rhinestone-beads","RHNST-16MM-2TONE-GRN-5PK","RHNST-16MM-2TONE-GRN-1PK","5"
"Pink Ribbon Bead","charms-dangles","FOC-MSC-CHTHHRT-5PK","FOC-MSC-CHTHHRT-1PK","5"
"Elf Bead","focal-beads","FOC-XMS-DABELF-5PK","FOC-XMS-DABELF-1PK","5"
"Bright Bead","silicone","SIL-15MM-BRGHTDKBLU-10PK","SIL-15MM-BRGHTDKBLU-1PK","10"
"Beadable Keychain","beadable-products","BLK-KEY-REG-HOLO-5PK","BLK-KEY-REG-HOLO-1PK","5"
"port  Bead","focal-beads","FOC-SPT-VLBLMOM-5PK","FOC-SPT-VLBLMOM-1PK","5"
"20mm Acrylic Bead","acrylic","ACR-20MM-SHIM-GRN-20PK","ACR-20MM-SHIM-GRN-1PK","20"
"Tree Bead","focal-beads","FOC-XMS-NRSTREE-5PK","FOC-XMS-NRSTREE-1PK","5"
"Wine  topper","beadable-products","BLK-WNSTPPR-WHT-2PK","BLK-WNSTPPR-WHT-1PK","2"
"Father  Day Bead","focal-beads","FOC-FAM-DADILY-5PK","FOC-FAM-DADILY-1PK","5"
"Pa tel Green Acrylic Bead","acrylic","ACR-16MM-PSTL-GRN-10PK","ACR-16MM-PSTL-GRN-1PK","10"
"Elephant Bead","focal-beads","FOC-ANI-MNTGRN-ELEPH-5PK","FOC-ANI-MNTGRN-ELEPH-1PK","5"
"Beadable Cup  traw Attachment","beadable-products","BLK-MKC-MINI-PSTLYEL-5PK","BLK-MKC-MINI-PSTLYEL-1PK","5"
"3D Bead Pumpkin Bead","focal-beads","FOC-HAL-3D-BGPMPKN-5PK","FOC-HAL-3D-BGPMPKN-1PK","5"
"ilicone Round Bead","focal-beads","SIL-LENT-SKYBLU-10PK","SIL-LENT-SKYBLU-1PK","10"
"16mm Crochet Bead","spacers-accessories","ACC-CRCHT-PSTLBLU-5PK","ACC-CRCHT-PSTLBLU-1PK","5"
"Acrylic Flatback","charms-dangles","FLB-BIGFOOT-5PK","FLB-BIGFOOT-1PK","5"
"Badge Reel","beadable-products","BLK-BDRL-CLIP-LTPNK-3PK","BLK-BDRL-CLIP-LTPNK-1PK","3"
"Hunting Bead","charms-dangles","FOC-FAM-GNHNTNG-5PK","FOC-FAM-GNHNTNG-1PK","5"
"Acrylic Flatback","charms-dangles","FLB-KNDLYFCKFF-5PK","FLB-KNDLYFCKFF-1PK","5"
"20mm Bubblegum Bead","acrylic","ACR-BLKDSY-20MM-20PK","ACR-BLKDSY-20MM-1PK","20"
"3D Bead Penguin Bead","charms-dangles","FOC-XMS-3D-PNGUIN-5PK","FOC-XMS-3D-PNGUIN-1PK","5"
"16mm Rhinestone Beads Two Tone Crystal Beads Sparkle Bling Beads Beadable Pen Beads Jewelry Making DIY Craft Supplies","rhinestone-beads","RHNST-16MM-2TONE-PCH-10PK","RHNST-16MM-2TONE-PCH-1PK","10"
"Bee Bead","focal-beads","FOC-ANI-LTBRNBEE-5PK","FOC-ANI-LTBRNBEE-1PK","5"
"mall Town Bead","charms-dangles","FOC-WES-SMTWN-5PK","FOC-WES-SMTWN-1PK","5"
"16mm Acrylic Bead","acrylic","ACR-16MM-SHIM-GRY-10PK","ACR-16MM-SHIM-GRY-1PK","10"
"Patriotic Bead","charms-dangles","FOC-PAT-DOG-5PK","FOC-PAT-DOG-1PK","5"
"ilicone Clam  hell  pacer Bead","spacers-accessories","FOC-CLMSHLL-MIX-5PK","FOC-CLMSHLL-MIX-5PK","5"
"20mm White Rhine tone  wirl Bead","rhinestone-beads","RHNST-SWRL-WHTHTPNK-5PK","RHNST-SWRL-WHTHTPNK-1PK","5"
"16mm Bead","acrylic","ACR-16MM-NEON-PUR-25PK","ACR-16MM-NEON-PUR-1PK","25"
"Motorcycle Bead","focal-beads","FOC-VEH-YELMTRCYCL-5PK","FOC-VEH-YELMTRCYCL-1PK","5"
"20mm Rhine tone Bead","rhinestone-beads","RHNST-SPRLRYLBLUSLV-20MM-2PK","RHNST-SPRLRYLBLUSLV-20MM-1PK","2"
"3D Bead Gnome Bead","focal-beads","FOC-PAT-3D-GNOME-EMS-5PK","FOC-PAT-3D-GNOME-EMS-1PK","5"
"20mm  port  Rhine tone Bead","rhinestone-beads","RHNST-BSBLL-2PK","RHNST-BSBLL-1PK","2"
"Mallard Duck Focal Bead","charms-dangles","FOC-ANI-3D-MLLRD-5PK","FOC-ANI-3D-MLLRD-1PK","5"
"arca tic  ilicone Focal Bead","focal-beads","FOC-OCC-DRGDLER-5PK","FOC-OCC-DRGDLER-1PK","5"
"Patriotic Highland Cow Focal Bead","focal-beads","FOC-PAT-MRCN250CW-5PK","FOC-PAT-MRCN250CW-1PK","5"
"t Patrick’  Day 20mm Acrylic Bead","acrylic","ACR-20MM-HOL-STGNMES-20PK","ACR-20MM-HOL-STGNMES-1PK","20"
"Cancer Awarene  Bead","focal-beads","FOC-MSC-RBBNORG-5PK","FOC-MSC-RBBNORG-1PK","5"
"20mm White Rhine tone  wirl Bead","rhinestone-beads","RHNST-SWRL-WHTDKBLU-5PK","RHNST-SWRL-WHTDKBLU-1PK","5"
"Blue  tar Bead","uncategorized","SIL15-PRNT-BLUSTR-10PK","SIL15-PRNT-BLUSTR-1PK","10"
"E","charms-dangles","FOC-HOL3D-BNNYINEGG-5PK","FOC-HOL3D-BNNYINEGG-1PK","5"
"arca tic Focal  ilicone Bead","focal-beads","FOC-SAR-MNFST-5PK","FOC-SAR-MNFST-1PK","5"
"20mm Bubblegum Bead","rhinestone-beads","ACR-PNKMIX-20MM-10PK","ACR-PNKMIX-20MM-1PK","10"
"20mm Bubblegum Bead","rhinestone-beads","ACR-SNWFKMIX-20MM-5PK","ACR-SNWFKMIX-20MM-1PK","5"
"15mm Fuzzy  pacer Bead","spacers-accessories","ACC-FZZY-WHTCHTH-25PK","ACC-FZZY-WHTCHTH-1PK","25"
"Horror Character Bead","focal-beads","FOC-HAL-SAW-5PK","FOC-HAL-SAW-1PK","5"
"ilicone Round Bead","spacers-accessories","SIL-LENT-BTRED-10PK","SIL-LENT-BTRED-1PK","10"
"10mm Sports Bead","spacers-accessories","ACR-10MM-SPRTS-BSKTBLL-100PK","ACR-10MM-SPRTS-BSKTBLL-1PK","100"
"Silicone Dark Purple Spacer Beads Round Abacus Lentil Beads 12mm 14mm 15mm for Beadable Pens Keychains DIY Crafts Bulk 5pc 10pc","spacers-accessories","SIL-15MM-DKPUR-10PK","SIL-15MM-DKPUR-1PK","10"
"10mm Wide Hole Gem  pacer","rhinestone-beads","ACC-GEM-WDHL-BLK-10PK","ACC-GEM-WDHL-BLK-1PK","10"
"20mm Bubblegum Pink Acrylic Bead","acrylic","ACR-20MM-SLD-BBLGMPNK-25PK","ACR-20MM-SLD-BBLGMPNK-1PK","25"
"Coral Acrylic Bead  16mm","clearance-section","CLEARANCE-16MM-UVCORAL-20PK","CLEARANCE-16MM-UVCORAL-20PK","20"
"Printed Bead 15mm Round Bead","uncategorized","SIL15-PRNT-SLLYGOOSE-5PK","SIL15-PRNT-SLLYGOOSE-1PK","5"
"3D Ea ter Bead","focal-beads","FOC-HOL-3D-PURCRRT-5PK","FOC-HOL-3D-PURCRRT-1PK","5"
"Cow Bead","focal-beads","FOC-ANI-LNGHRBBYCW-5PK","FOC-ANI-LNGHRBBYCW-1PK","5"
"16mm Bead","acrylic","ACR-16MM-NEON-GRN-5PK","ACR-16MM-NEON-GRN-1PK","5"
"16mm Crochet Bead","spacers-accessories","ACC-CRCHT-DKBLU-5PK","ACC-CRCHT-DKBLU-1PK","5"
"Glitter Bead","uncategorized","SIL15-GLTTRGRN-5PK","SIL15-GLTTRGRN-1PK","5"
"3D  t. Patrick'  Day Bead","focal-beads","FOC-HOL-3D-LEPHRA-5PK","FOC-HOL-3D-LEPHRA-1PK","5"
"20mm Bandana Acrylic Bead","mixes-bundles-kits","ACR-20MM-BNDNA-MIX-5PK","ACR-20MM-BNDNA-MIX-5PK","5"
"M","mixes-bundles-kits","SIL15-PRNT-FLLPNKMRBL-10PK","SIL15-PRNT-FLLPNKMRBL-1PK","10"
"Dental Focal Bead","charms-dangles","FOL-OCC-DNTLMNTSCRB-5PK","FOL-OCC-DNTLMNTSCRB-1PK","5"
"3D Fruit Focal Bead","focal-beads","FOC-FOD-3DCHRRS-5PK","FOC-FOD-3DCHRRS-1PK","5"
"3D  occer Focal Bead","focal-beads","FOC-SPT-3D-SCCRGNME-5PK","FOC-SPT-3D-SCCRGNME-1PK","5"
"16mm Clear Bubble Acrylic Beads Color Core Round Beads Transparent Beads Beadable Pen Beads Jewelry Making Craft Supplies","acrylic","ACR-16MM-BBLE-WHT-20PK","ACR-16MM-BBLE-WHT-1PK","20"
"Empty 3D  ilicone Jar Focal Bead","focal-beads","3D-JR-EMPTY-PUR-5PK","3D-JR-EMPTY-PUR-1PK","5"
"Halloween Bead","uncategorized","SIL15-PRNT-HLLWNWHT-5PK","SIL15-PRNT-HLLWNWHT-1PK","5"
"Glitter Bead","uncategorized","SIL12-GLTTRRED-5PK","SIL12-GLTTRRED-1PK","5"
"15mm  miley Face  ilicone Bead","silicone","SIL15-PRNT-PURSMLYFC-10PK","SIL15-PRNT-PURSMLYFC-1PK","10"
"Black Plaid Bead","charms-dangles","SIL15-PRNT-BLKBUF-5PK","SIL15-PRNT-BLKBUF-1PK","5"
"2","acrylic","ACR-PNTSWRL-BLK-20MM-10PK","ACR-PNTSWRL-BLK-20MM-1PK","10"
"Badge Reel","beadable-products","BLK-BDRL-CLIP-LTRED-3PK","BLK-BDRL-CLIP-LTRED-1PK","3"
"F","mixes-bundles-kits","ACR-16MM-FRSTD-GRN-10PK","ACR-16MM-FRSTD-GRN-1PK","10"
"Granny Bow Focal Bead","focal-beads","FOC-FAM-GRNNY-GRN-5PK","FOC-FAM-GRNNY-GRN-1PK","5"
"Ocean Animal Focal Bead","focal-beads","FOC-3D-ANI-OCTPS-5PK","FOC-3D-ANI-OCTPS-1PK","5"
"t. Patrick'  Day Bead","focal-beads","FOC-HOL-PATHGHLNDCW-5PK","FOC-HOL-PATHGHLNDCW-1PK","5"
"Crazy Train Bead","focal-beads","FOC-SAR-CRZYTRN-5PK","FOC-SAR-CRZYTRN-1PK","5"
"20mm Bubblegum Bead","acrylic","ACR-SPKYVBS-20MM-10PK","ACR-SPKYVBS-20MM-1PK","10"
"We tern  ilicone Focal Bead","focal-beads","FOC-WES-3DFRNGJCKT-5PK","FOC-WES-3DFRNGJCKT-1PK","5"
"Beaded Pen Blank","beadable-pen-blanks","PEN-SOL-CELBLU-5PK","PEN-SOL-CELBLU-1PK","5"
"20mm  pider Web Bead","acrylic","ACR-20MM-ORGBLKSPDER-20PK","ACR-20MM-ORGBLKSPDER-1PK","20"
"Pumpkin  pice Bead","focal-beads","FOC-HOL-PMPKNSPCNCE-5PK","FOC-HOL-PMPKNSPCNCE-1PK","5"
"Be Kind Bead","focal-beads","FOC-MSC-CRCLBLUKND-5PK","FOC-MSC-CRCLBLUKND-1PK","5"
"Acrylic Flatback","charms-dangles","FLB-HAND67-5PK","FLB-HAND67-1PK","5"
"Wifey Bow Focal Bead","focal-beads","FOC-FAM-WIFEY-PNK-5PK","FOC-FAM-WIFEY-PNK-1PK","5"
"3D Book Bead","focal-beads","FOC-REC-3D-CTBKSHF-5PK","FOC-REC-3D-CTBKSHF-1PK","5"
"3D Large Bow  ilicone Focal Bead","focal-beads","FOC-TAILBW-WHT-5PK","FOC-TAILBW-WHT-1PK","5"
"20mm Bubblegum Bead","acrylic","ACR-AMRCNPLD-20MM-20PK","ACR-AMRCNPLD-20MM-1PK","20"
"20mm Black Blue Rhine tone  wirl Bead","rhinestone-beads","RHNST-SWRL-BLKBLU-2PK","RHNST-SWRL-BLKBLU-1PK","2"
"20mm  olid Dark Red Bead","acrylic","ACR-20MM-SLD-DKRED-25PK","ACR-20MM-SLD-DKRED-1PK","25"
"3D  unflower Bead","focal-beads","FOC-SPR-SNFLWRPT-PNK-5PK","FOC-SPR-SNFLWRPT-PNK-1PK","5"
"Dog Paw Keychain Bar","beadable-products","BLK-DOGPAW-GRN-5PK","BLK-DOGPAW-GRN-1PK","5"
"Patriotic Focal Bead","focal-beads","FOC-PAT-250MRCNMIX-4PK","FOC-PAT-250MRCNMIX-4PK","4"
"ilicone Round Bead","focal-beads","SIL-15MM-DKBLU-10PK","SIL-15MM-DKBLU-1PK","10"
"3D Bead Kitty Cat Bead","focal-beads","FOC-ANI-3D-GRYKTTY-5PK","FOC-ANI-3D-GRYKTTY-1PK","5"
"14mm Black Rhine tone Bead","rhinestone-beads","RHNST-BLK-14MM-10PK","RHNST-BLK-14MM-1PK","10"
"Ea ter Bead","focal-beads","FOC-HOL-BRNCHTTHBNNY-5PK","FOC-HOL-BRNCHTTHBNNY-1PK","5"
"Beadable Bar Keychain","beadable-products","BLK-KEY-CLR-MIX-9PK","BLK-KEY-CLR-MIX-9PK","9"
"10mm Sports Bead","spacers-accessories","ACR-10MM-SPRTS-SFTBLL-25PK","ACR-10MM-SPRTS-SFTBLL-1PK","25"
"Beadable Cup  traw Attachment","beadable-products","BLK-MKC-MINI-BLU-5PK","BLK-MKC-MINI-BLU-1PK","5"
"DIY  nowflake Keychain","beadable-products","BLK-SNWFLK-BAR-PUR-5PK","BLK-SNWFLK-BAR-PUR-1PK","5"
"16mm Skeleton Face Beads AB Acrylic Halloween Beads Iridescent White Spooky Face Beads for Pens Keychains Jewelry Crafts","acrylic","ACR-16MM-WHTSKLTNFCE-5PK","ACR-16MM-WHTSKLTNFCE-1PK","5"
"F","mixes-bundles-kits","ACR-16MM-FRSTD-WHT-10PK","ACR-16MM-FRSTD-WHT-1PK","10"
"3D Bead Bigfoot Bead","focal-beads","FOC-MSC-3D-YETI-5PK","FOC-MSC-3D-YETI-1PK","5"
"16mm Dark Green Rhine tone Bead","rhinestone-beads","RHNST-DKGRN-16MM-5PK","RHNST-DKGRN-16MM-1PK","5"
"20mm Bubblegum Bead","acrylic","ACR-HBSCS-20MM-5PK","ACR-HBSCS-20MM-1PK","5"
"Arti t Bead","focal-beads","FOC-REC-ARTPLLT-5PK","FOC-REC-ARTPLLT-1PK","5"
"Butterfly Bead","focal-beads","FOC-ANI-BUTTYEL-5PK","FOC-ANI-BUTTYEL-1PK","5"
"3D  leeping  keleton Coffin  ilicone Focal Bead","focal-beads","FOC-HAL-3D-MIX-CFFN-4PK","FOC-HAL-3D-MIX-CFFN-4PK","4"
"toner Bead","focal-beads","FOC-ADT-STNRBBE-5PK","FOC-ADT-STNRBBE-1PK","5"
"20mm Heart Acrylic Bead","acrylic","ACR-REDHRTS-20MM-10PK","ACR-REDHRTS-20MM-1PK","10"
"arca tic Focal Bead","focal-beads","FOC-SAR-FRZNGSSN-5PK","FOC-SAR-FRZNGSSN-1PK","5"
"Beaded Pen Blank","beadable-pen-blanks","PEN-CHR-GLDCHR-5PK","PEN-CHR-GLDCHR-1PK","5"
"12mm Gem  pacer","rhinestone-beads","ACC-GEM-BLK-12MM-10PK","ACC-GEM-BLK-12MM-1PK","10"
"Beaded Pen Blank","beadable-pen-blanks","PEN-SOL-GLTORG-5PK","PEN-SOL-GLTORG-1PK","5"
"Empty 3D  ilicone Jar Focal Bead","focal-beads","3D-JR-EMPTY-BLK-5PK","3D-JR-EMPTY-BLK-1PK","5"
"20mm White Rhine tone  wirl Bead","rhinestone-beads","RHNST-SWRL-WHTORG-10PK","RHNST-SWRL-WHTORG-1PK","10"
"20mm White Rhine tone  wirl Bead","rhinestone-beads","RHNST-SWRL-WHTGRY-10PK","RHNST-SWRL-WHTGRY-1PK","10"
"F","mixes-bundles-kits","ACR-16MM-FRSTD-PUR-5PK","ACR-16MM-FRSTD-PUR-1PK","5"
"Father  Day Bead","focal-beads","FOC-FAM-RLCLDAD-5PK","FOC-FAM-RLCLDAD-1PK","5"
"Purple Bead","focal-beads","FOC-MSC-PURMRMD-5PK","FOC-MSC-PURMRMD-1PK","5"
"Printed Faux Leather Ta el","charms-dangles","ACC-PRNTTSSL-STRS-5PK","ACC-PRNTTSSL-STRS-1PK","5"
"ilicone Round Bead","spacers-accessories","SIL-ABA-NAVJWHT-5PK","SIL-ABA-NAVJWHT-1PK","5"
"3D  nail Bead","focal-beads","FOC-ANI-3D-NWYELSNL-5PK","FOC-ANI-3D-NWYELSNL-1PK","5"
"20mm Bead","charms-dangles","RHNST-REDGRN-20MM-10PK","RHNST-REDGRN-20MM-1PK","10"
"keleton Bead","focal-beads","FOC-HAL-BRNCFFEE-5PK","FOC-HAL-BRNCFFEE-1PK","5"
"picy Book Bead","focal-beads","FOC-ADT-SPCYBKCLB-5PK","FOC-ADT-SPCYBKCLB-1PK","5"
"12mm Gem  pacer","rhinestone-beads","ACC-GEM-SLV-12MM-10PK","ACC-GEM-SLV-12MM-1PK","10"
"20mm Heart Acrylic Bead","acrylic","ACR-REDHRTS-20MM-20PK","ACR-REDHRTS-20MM-1PK","20"
"20mm Bubblegum Bead","acrylic","ACR-GRNSNTABLT-20MM-20PK","ACR-GRNSNTABLT-20MM-1PK","20"
"16mm Bead","acrylic","ACR-16MM-NEON-DKBLU-25PK","ACR-16MM-NEON-DKBLU-1PK","25"
"16mm Bead","acrylic","ACR-16MM-PSTL-BLU-5PK","ACR-16MM-PSTL-BLU-1PK","5"
"Large Hole  pacer","spacers-accessories","ACC-MRBLE-ORG-5PK","ACC-MRBLE-ORG-1PK","5"
"12mm Bead","spacers-accessories","ACR-12MM-CRCKD-PNK-20PK","ACR-12MM-CRCKD-PNK-1PK","20"
"Cup Charm Wire","beadable-products","BLK-WIRE-LTGRY-5PK","BLK-WIRE-LTGRY-1PK","5"
"10mm Wide Hole Gem  pacer","rhinestone-beads","ACC-GEM-WDHL-GLDSLV-10PK","ACC-GEM-WDHL-GLDSLV-1PK","10"
"3D Puppy  ilicone Focal Bead","focal-beads","FOC-ANI-3D-GLDNRTRVR-5PK","FOC-ANI-3D-GLDNRTRVR-1PK","5"
"20mm Bubblegum Pink Acrylic Bead","acrylic","ACR-20MM-SLD-BBLGMPNK-5PK","ACR-20MM-SLD-BBLGMPNK-1PK","5"
"Large Hole  pacer","spacers-accessories","ACC-FRRY-LTBLU-5PK","ACC-FRRY-LTBLU-1PK","5"
"Camper Bead","focal-beads","FOC-VEH-CMPR-BLK-5PK","FOC-VEH-CMPR-BLK-1PK","5"
"Acrylic Flatback","charms-dangles","FLB-OGSOCWRK-5PK","FLB-OGSOCWRK-1PK","5"
"Printed Bead 15mm Round Bead","uncategorized","SIL15-PRNT-GNGRMAN-5PK","SIL15-PRNT-GNGRMAN-1PK","5"
"20mm Bead","rhinestone-beads","RHNST-BLKSLV-20MM-10PK","RHNST-BLKSLV-20MM-1PK","10"
"16mm Rhine tone Bead","rhinestone-beads","RHNST-PUR-16MM-2PK","RHNST-PUR-16MM-1PK","2"
"Rainbow Pen","mixes-bundles-kits","PEN-BNDL-RNBW-7PK","PEN-BNDL-RNBW-7PK","7"
"15mm Cracked Bead","spacers-accessories","SIL15-PRNT-CRCKDPNK-10PK","SIL15-PRNT-CRCKDPNK-1PK","10"
"O","silicone","SIL15-PRNT-BRGHTSEA-5PK","SIL15-PRNT-BRGHTSEA-1PK","5"
"20mm Bubblegum Bead","mixes-bundles-kits","ACR-FTBLL-20MM-5PK","ACR-FTBLL-20MM-1PK","5"
"20mm Bandana Acrylic Bead","mixes-bundles-kits","ACR-20MM-BNDNA-RED-5PK","ACR-20MM-BNDNA-RED-1PK","5"
"mall Flower Bead","focal-beads","FOC-SPR-SMGRNFLWR-5PK","FOC-SPR-SMGRNFLWR-1PK","5"
"2","acrylic","ACR-PNTSWRL-YEL2-20MM-5PK","ACR-PNTSWRL-YEL2-20MM-1PK","5"
"Grandma Bead","focal-beads","FOC-FAM-BSTMIMI-WHT-5PK","FOC-FAM-BSTMIMI-WHT-1PK","5"
"Silicone Light Blue Spacer Beads Round Abacus Lentil Beads 12mm 14mm 15mm for Beadable Pens Keychains DIY Crafts Bulk 5pc 10pc","spacers-accessories","SIL-15MM-LTBLU-10PK","SIL-15MM-LTBLU-1PK","10"
"Gho t Bead","focal-beads","FOC-HAL-GHSTCP-5PK","FOC-HAL-GHSTCP-1PK","5"
"F","mixes-bundles-kits","ACR-16MM-FRSTD-YEL-5PK","ACR-16MM-FRSTD-YEL-1PK","5"
"20mm Bubblegum Bead","mixes-bundles-kits","ACR-CHEERS-20MM-10PK","ACR-CHEERS-20MM-1PK","10"
"Grandma Bead","focal-beads","FOC-FAM-NANA-TEAL-5PK","FOC-FAM-NANA-TEAL-1PK","5"
"20mm Acrylic Bead","mixes-bundles-kits","ACR-20MM-SHIM-LTBLU-20PK","ACR-20MM-SHIM-LTBLU-1PK","20"
"Fancy Rhine tone Bead","rhinestone-beads","ACC-FNCY-PUR-SQU-5PK","ACC-FNCY-PUR-SQU-1PK","5"
"Beaded Pen Blank","beadable-pen-blanks","PEN-SOL-DKPUR-5PK","PEN-SOL-DKPUR-1PK","5"
"Acrylic  tar Charm","charms-dangles","ACC-CHRM-BLUSTR-5PK","ACC-CHRM-BLUSTR-1PK","5"
"Terrazzo Bead","uncategorized","SIL15-PRNT-TRRZZO-10PK","SIL15-PRNT-TRRZZO-1PK","10"
"20mm Bubblegum Bead","mixes-bundles-kits","ACR-BRNCWPRNT-20MM-5PK","ACR-BRNCWPRNT-20MM-1PK","5"
"Pink Chri tma  Bead","uncategorized","SIL15-PRNT-PNKXMAS-5PK","SIL15-PRNT-PNKXMAS-1PK","5"
"16mm Bead","spacers-accessories","ACR-16MM-LTBLU-SPRL-10PK","ACR-16MM-LTBLU-SPRL-1PK","10"
"mall Flower Bead","focal-beads","FOC-SPR-SMLTPNKFLWR-5PK","FOC-SPR-SMLTPNKFLWR-1PK","5"
"ilicone Round Bead","spacers-accessories","SIL-ABA-RSQRTZ-5PK","SIL-ABA-RSQRTZ-1PK","5"
"20mm Bubblegum Bead","acrylic","ACR-GRNSNTABLT-20MM-10PK","ACR-GRNSNTABLT-20MM-1PK","10"
"ilicone Round Bead","focal-beads","SIL-ABA-GRY-5PK","SIL-ABA-GRY-1PK","5"
"3D Bead","focal-beads","FOC-ANI-3D-BEI-BBYCW-5PK","FOC-ANI-3D-BEI-BBYCW-1PK","5"
"20mm Bubblegum Bead","mixes-bundles-kits","ACR-XMASPNGN-20MM-20PK","ACR-XMASPNGN-20MM-1PK","20"
"20mm Acrylic Bead","acrylic","ACR-20MM-SHIM-LTPNK-5PK","ACR-20MM-SHIM-LTPNK-1PK","5"
"16mm Rhine tone Bead","rhinestone-beads","RHNST-BLK-16MM-10PK","RHNST-BLK-16MM-1PK","10"
"Alway  with You Bead","focal-beads","FOC-FAM-ALWAYS-5PK","FOC-FAM-ALWAYS-1PK","5"
"Green  wirl Bead","spacers-accessories","SIL15-PRNT-GRNSWL-5PK","SIL15-PRNT-GRNSWL-1PK","5"
"20mm Acrylic Bead","acrylic","ACR-20MM-SHIM-WHT-20PK","ACR-20MM-SHIM-WHT-1PK","20"
"Acrylic Flatback","charms-dangles","FLB-CRDLGY-5PK","FLB-CRDLGY-1PK","5"
"Mama Bead","focal-beads","FOC-FAM-MAMAMAMA-5PK","FOC-FAM-MAMAMAMA-1PK","5"
"Ea ter Bead","charms-dangles","FOC-HOL-CHTHCHCK-5PK","FOC-HOL-CHTHCHCK-1PK","5"
"t Patrick’  Day 20mm Acrylic Bead","acrylic","ACR-20MM-HOL-WEEIRSH-10PK","ACR-20MM-HOL-WEEIRSH-1PK","10"
"Silicone Blush Pink Spacer Beads Round Lentil Beads 12mm 15mm for Beadable Pens Keychains DIY Crafts Bulk 5pc 10pc","spacers-accessories","SIL-LENT-BLSH-10PK","SIL-LENT-BLSH-1PK","10"
"3D Bead Gho t Bead","focal-beads","FOC-HAL-3D-SMWHTGHST-5PK","FOC-HAL-3D-SMWHTGHST-1PK","5"
"F","mixes-bundles-kits","ACR-16MM-FRSTD-LTPNK-5PK","ACR-16MM-FRSTD-LTPNK-1PK","5"
"M","mixes-bundles-kits","SIL15-PRNT-BLUPURMRBL-5PK","SIL15-PRNT-BLUPURMRBL-1PK","5"
"Dog Grandma  ilicone Focal Bead","focal-beads","FOC-ANI-DGGRNDM-5PK","FOC-ANI-DGGRNDM-1PK","5"
"Bright Bead","silicone","SIL-15MM-BRGHTLTBLU-5PK","SIL-15MM-BRGHTLTBLU-1PK","5"
"Acrylic Flatback","charms-dangles","FLB-DNTJDG-5PK","FLB-DNTJDG-1PK","5"
"Cowboy Hat Bead","charms-dangles","FOC-WES-PNKSPKHT-5PK","FOC-WES-PNKSPKHT-1PK","5"
"Jelly Wavy  pacer Bead","spacers-accessories","ACC-WAVY-JELLY-10PK","ACC-WAVY-JELLY-1PK","10"
"Fluffy Bead Pen Blank","beadable-pen-blanks","PEN-FLUFF-DKBLU-5PK","PEN-FLUFF-DKBLU-1PK","5"
"Hockey Focal Bead","charms-dangles","FOC-SPT-HCKYSTCK-5PK","FOC-SPT-HCKYSTCK-1PK","5"
"Beaded Pen Blank","beadable-pen-blanks","PEN-SOL-GLD-5PK","PEN-SOL-GLD-1PK","5"
"3D Makeup  ilicone Focal Bead","focal-beads","FOC-GRLY-PNKPRSE-5PK","FOC-GRLY-PNKPRSE-1PK","5"
"T","silicone","SIL15-PRNT-TCHR-10PK","SIL15-PRNT-TCHR-1PK","10"
"We tern  ilicone Focal Bead","focal-beads","FOC-WES-3DBLLSKLL-5PK","FOC-WES-3DBLLSKLL-1PK","5"
"Pumpkin Bead","focal-beads","FOC-HAL-WSTRNPMKN-5PK","FOC-HAL-WSTRNPMKN-1PK","5"
"16mm Acrylic Bead","acrylic","ACR-16MM-SHIM-WHT-5PK","ACR-16MM-SHIM-WHT-1PK","5"
"ilicone Round Bead","focal-beads","SIL-12MM-BLK-10PK","SIL-12MM-BLK-1PK","10"
"t Patrick’  Day Flatback Cabochon","charms-dangles","FLB-HOL-LCKYVBS-5PK","FLB-HOL-LCKYVBS-1PK","5"
"Rhine tone Butterfly  pacer Bead","rhinestone-beads","ACC-FNCY-BLU-BUTT-5PK","ACC-FNCY-BLU-BUTT-1PK","5"
"3D Police Focal Bead","charms-dangles","FOC-OCC-3D-BLUPLCAR-5PK","FOC-OCC-3D-BLUPLCAR-1PK","5"
"t Patrick’  Day 20mm Acrylic Bead","acrylic","ACR-20MM-HOL-GRNCLVROFF-5PK","ACR-20MM-HOL-GRNCLVROFF-1PK","5"
"16mm Acrylic Bead","acrylic","ACR-16MM-SHIM-YEL-5PK","ACR-16MM-SHIM-YEL-1PK","5"
"Po itive Energy Bead","focal-beads","FOC-MSC-RDTPSTVE-5PK","FOC-MSC-RDTPSTVE-1PK","5"
"3D Cat  ilicone Focal Bead","focal-beads","FOC-ANI-3D-LTGRYBGHEAD-5PK","FOC-ANI-3D-LTGRYBGHEAD-1PK","5"
"port  Bead","charms-dangles","FOC-SPT-BSKTBLLHRT-5PK","FOC-SPT-BSKTBLLHRT-1PK","5"
"Dark Blue Bead Mix","rhinestone-beads","ACR-BLUMIX-20MM-10PK","ACR-BLUMIX-20MM-1PK","10"
"20mm Bubblegum Bead","mixes-bundles-kits","ACR-PNKSPRNKL-20MM-20PK","ACR-PNKSPRNKL-20MM-1PK","20"
"20mm Bubblegum Bead","mixes-bundles-kits","ACR-BLKBCHBLL-16MM-20PK","ACR-BLKBCHBLL-16MM-1PK","20"
"20mm Bead","rhinestone-beads","RHNST-DKPNK-20MM-10PK","RHNST-DKPNK-20MM-1PK","10"
"20mm Bubblegum Bead","mixes-bundles-kits","ACR-GRNCH-20MM-10PK","ACR-GRNCH-20MM-1PK","10"
"Acrylic  tar Charm","charms-dangles","ACC-CHRM-MIXSTR-6PK","ACC-CHRM-MIXSTR-6PK","6"
"Beadable Keychain Blank","beadable-products","BLK-KYCHN-STAR-MIX-17PK","BLK-KYCHN-STAR-MIX-17PK","17"
"Pumpkin Bead","focal-beads","FOC-HAL-BWPMPKNORG-5PK","FOC-HAL-BWPMPKNORG-1PK","5"
"Acrylic Flatback","charms-dangles","FLB-REMWHY-5PK","FLB-REMWHY-1PK","5"
"Acrylic Flatback","charms-dangles","FLB-MAMEDCL-5PK","FLB-MAMEDCL-1PK","5"
"16mm Clear Bubble Acrylic Beads Color Core Round Beads Transparent Beads Beadable Pen Beads Jewelry Making Craft Supplies","acrylic","ACR-16MM-BBLE-PCH-20PK","ACR-16MM-BBLE-PCH-1PK","20"
"Cowboy Hat Bead","charms-dangles","FOC-WES-OLDGLDHT-5PK","FOC-WES-OLDGLDHT-1PK","5"
"20mm Acrylic Bead","mixes-bundles-kits","ACR-20MM-SHIM-LTBLU-5PK","ACR-20MM-SHIM-LTBLU-1PK","5"
"Fancy Rhine tone Bead","rhinestone-beads","ACC-FNCY-CLR-SQU-5PK","ACC-FNCY-CLR-SQU-1PK","5"
"16mm Bead","acrylic","ACR-16MM-NEON-RED-10PK","ACR-16MM-NEON-RED-1PK","10"
"20mm Bubblegum Bead","mixes-bundles-kits","ACR-8BALL-20MM-20PK","ACR-8BALL-20MM-1PK","20"
"Beadable Bar Keychain","beadable-products","BLK-KEY-CLR-WHT-5PK","BLK-KEY-CLR-WHT-1PK","5"
"M","mixes-bundles-kits","SIL15-PRNT-PNKMRBL-5PK","SIL15-PRNT-PNKMRBL-1PK","5"
"Acrylic Flatback","charms-dangles","FLB-CRFTHMR-5PK","FLB-CRFTHMR-1PK","5"
"ticker Heart Beadable Cup Charm Blank","beadable-products","BLK-STCKR-HRT-KYCHN-LTBLU-5PK","BLK-STCKR-HRT-KYCHN-LTBLU-1PK","5"
"16mm  olid Red Bead","acrylic","ACR-16MM-SLD-RED-5PK","ACR-16MM-SLD-RED-1PK","5"
"F","mixes-bundles-kits","ACR-16MM-FRSTD-BRW-10PK","ACR-16MM-FRSTD-BRW-1PK","10"
"Marijuana Bead","focal-beads","FOC-ADT-DNTPANIC-5PK","FOC-ADT-DNTPANIC-1PK","5"
"3D Bead Gho t Bead","focal-beads","FOC-HAL-3D-GHSTWHTBW-5PK","FOC-HAL-3D-GHSTWHTBW-1PK","5"
"ilicone Round Bead","focal-beads","SIL-ABA-YEL-5PK","SIL-ABA-YEL-1PK","5"
"20mm Bead","rhinestone-beads","RHNST-DKGRN-20MM-5PK","RHNST-DKGRN-20MM-1PK","5"
"Bingo Focal  ilicone Bead","focal-beads","FOC-REC-LCKYLDY-5PK","FOC-REC-LCKYLDY-1PK","5"
"Medical 3D  ilicone Focal Bead","focal-beads","FOC-3D-BLDBG-5PK","FOC-3D-BLDBG-1PK","5"
"20mm White Rhine tone  wirl Bead","rhinestone-beads","RHNST-SWRL-WHTMIX-9PK","RHNST-SWRL-WHTMIX-9PK","9"
"3D Bead Yellow Rubber Duck Bead","focal-beads","FOC-ANI-3D-WHTDCK-5PK","FOC-ANI-3D-WHTDCK-1PK","5"
"20mm Bubblegum Bead","mixes-bundles-kits","ACR-SHNYPMPKN-20MM-20PK","ACR-SHNYPMPKN-20MM-1PK","20"
"3D Honey","focal-beads","FOC-FOD-3D-HNYPT-5PK","FOC-FOD-3D-HNYPT-1PK","5"
"3D Poop Emoji Bead","focal-beads","FOC-MSC-LTBRNPOOP-5PK","FOC-MSC-LTBRNPOOP-1PK","5"
"Coach  ilicone Focal Bead","focal-beads","FOC-SPT-VLLYBLLCCH-5PK","FOC-SPT-VLLYBLLCCH-1PK","5"
"Dog Paw Keychain Bar","beadable-products","BLK-DOGPAW-MIX-13PK","BLK-DOGPAW-MIX-13PK","13"
"3","focal-beads","HAL-3D-JR-ORGSPDR-5PK","HAL-3D-JR-ORGSPDR-1PK","5"
"Mermaid Bead","focal-beads","FOC-MSC-PNKMRMD-5PK","FOC-MSC-PNKMRMD-1PK","5"
"3D Bear Bead","focal-beads","FOC-ANI-3D-BEIGBR-5PK","FOC-ANI-3D-BEIGBR-1PK","5"
"20mm Bubblegum Bead","mixes-bundles-kits","ACR-SCCR-20MM-10PK","ACR-SCCR-20MM-1PK","10"
"Printed Bead 15mm Round Bead","uncategorized","SIL15-PRNT-CFFEEBEAN-10PK","SIL15-PRNT-CFFEEBEAN-1PK","10"
"ock Bead","focal-beads","FOC-XMS-CZYSCKS-5PK","FOC-XMS-CZYSCKS-1PK","5"
"Large Hole  pacer","spacers-accessories","ACC-CRCKD-RED-5PK","ACC-CRCKD-RED-1PK","5"
"Cow Bead","focal-beads","FOC-ANI-CARHARTT-5PK","FOC-ANI-CARHARTT-1PK","5"
"t. Patrick'  Day Bead","focal-beads","FOC-HOL-LEPHAT-5PK","FOC-HOL-LEPHAT-1PK","5"
"12mm Gem  pacer","rhinestone-beads","ACC-GEM-LTPNK-12MM-10PK","ACC-GEM-LTPNK-12MM-1PK","10"
"Pumpkin Bead","focal-beads","FOC-HAL-SCRYPMKN-5PK","FOC-HAL-SCRYPMKN-1PK","5"
"16mm Bead","spacers-accessories","ACR-16MM-RNBW-SPRL-20PK","ACR-16MM-RNBW-SPRL-1PK","20"
"Beadable Keychain Blank","beadable-products","BLK-KYCHN-STAR-DKPNK-5PK","BLK-KYCHN-STAR-DKPNK-1PK","5"
"20mm Bubblegum Bead","acrylic","ACR-PPPRMNT-20MM-20PK","ACR-PPPRMNT-20MM-1PK","20"
"Cupcake Bead","focal-beads","FOC-FOD-3DTEALCPCKE-5PK","FOC-FOD-3DTEALCPCKE-1PK","5"
"Wine  topper","beadable-products","BLK-WNSTPPR-HTPNK-2PK","BLK-WNSTPPR-HTPNK-1PK","2"
"20mm Bubblegum Bead","mixes-bundles-kits","ACR-PNK-GF-20-20PK","ACR-PNK-GF-20-1PK","20"
"3D Coffee  ilicone Focal Bead","focal-beads","FOC-3D-GNMECFFEECUP-5PK","FOC-3D-GNMECFFEECUP-1PK","5"
"Bee Bead","focal-beads","FOC-ANI-YELBEE-5PK","FOC-ANI-YELBEE-1PK","5"
"16mm Bead","mixes-bundles-kits","ACR-16MM-METAL-PUR-10PK","ACR-16MM-METAL-PUR-1PK","10"
"20mm Bead","rhinestone-beads","RHNST-BLK-20MM-2PK","RHNST-BLK-20MM-1PK","2"
"20mm Bubblegum Bead","mixes-bundles-kits","ACR-BDMTTN-20MM-20PK","ACR-BDMTTN-20MM-1PK","20"
"Mama Bead","focal-beads","FOC-FAM-MOMHPPYPLLS-5PK","FOC-FAM-MOMHPPYPLLS-1PK","5"
"ilicone Round Bead","spacers-accessories","SIL-12MM-DKYEL-10PK","SIL-12MM-DKYEL-1PK","10"
"Wine  topper","beadable-products","BLK-WNSTPPR-TEAL-2PK","BLK-WNSTPPR-TEAL-1PK","2"
"Black Cat Bead","focal-beads","FOC-HAL-BLKCT-5PK","FOC-HAL-BLKCT-1PK","5"
"Bonu  Mom Bead","focal-beads","FOC-FAM-BNSMOM-5PK","FOC-FAM-BNSMOM-1PK","5"
"Goo e Bump  Flatback","acrylic-flatbacks","FLB-GSBMPS-5PK","FLB-GSBMPS-1PK","5"
"20mm Baking Quote Acrylic Bead","mixes-bundles-kits","ACR-INGRDNT-20MM-10PK","ACR-INGRDNT-20MM-1PK","10"
"Large Hole  pacer","spacers-accessories","ACC-FRRY-BWN-25PK","ACC-FRRY-BWN-1PK","25"
"3","focal-beads","HAL-3D-JR-BLKSPDR-5PK","HAL-3D-JR-BLKSPDR-1PK","5"
"port  Bead","focal-beads","FOC-SPT-FTBLLBW-5PK","FOC-SPT-FTBLLBW-1PK","5"
"20mm Bubblegum Bead","rhinestone-beads","ACR-WHTMIX-20MM-10PK","ACR-WHTMIX-20MM-1PK","10"
"16mm Crochet Bead","spacers-accessories","ACC-CRCHT-WHT-10PK","ACC-CRCHT-WHT-1PK","10"
"16mm Bead","spacers-accessories","ACR-16MM-RNBW-SPRL-10PK","ACR-16MM-RNBW-SPRL-1PK","10"
"16mm Acrylic Bead","acrylic","ACR-16MM-SHIM-LTPUR-20PK","ACR-16MM-SHIM-LTPUR-1PK","20"
"15mm Cracked Bead","spacers-accessories","SIL15-PRNT-CRCKDBLU-10PK","SIL15-PRNT-CRCKDBLU-1PK","10"
"ilicone Round Bead","focal-beads","SIL-ABA-BLK-5PK","SIL-ABA-BLK-1PK","5"
"3D Bead Gnome Bead","focal-beads","FOC-PAT-3D-GNOME-FIRE-5PK","FOC-PAT-3D-GNOME-FIRE-1PK","5"
"Teacher Power  Focal Bead","focal-beads","FOC-SCH-TCHNGPWRS-5PK","FOC-SCH-TCHNGPWRS-1PK","5"
"Glitter Bead","uncategorized","SIL15-GLTTRPNK-5PK","SIL15-GLTTRPNK-1PK","5"
"20mm Bubblegum Bead","mixes-bundles-kits","ACR-PTRTCSPRNKLS-20MM-5PK","ACR-PTRTCSPRNKLS-20MM-1PK","5"
"Gnome Bead","focal-beads","FOC-HOL-GNMEPMKN-5PK","FOC-HOL-GNMEPMKN-1PK","5"
"Gnome Bead","focal-beads","FOC-XMS-BLUSNWFLKGNM-5PK","FOC-XMS-BLUSNWFLKGNM-1PK","5"
"20mm Bubblegum Bead","mixes-bundles-kits","ACR-PLYNGCRDS-20MM-20PK","ACR-PLYNGCRDS-20MM-1PK","20"
"Nur e Bead","focal-beads","FOC-OCC-HALFNURSE-5PK","FOC-OCC-HALFNURSE-1PK","5"
"Rhine tone Bead Pen Blank","rhinestone-beads","PEN-RHNST-RED-5PK","PEN-RHNST-RED-1PK","5"
"Rainbow Bead","focal-beads","FOC-FAM-RNBWDCK-5PK","FOC-FAM-RNBWDCK-1PK","5"
"Beaded Pen Blank","beadable-pen-blanks","PEN-SOL-SLV-5PK","PEN-SOL-SLV-1PK","5"
"20mm Bubblegum Bead","mixes-bundles-kits","ACR-PNK-GF-20-10PK","ACR-PNK-GF-20-1PK","10"
"65mm Printed  ilicone Ring","focal-beads","ACC-RNGGLXY-5PK","ACC-RNGGLXY-1PK","5"
"16mm Crochet Bead","spacers-accessories","ACC-CRCHT-YEL-5PK","ACC-CRCHT-YEL-1PK","5"
"Ea ter Bead","focal-beads","FOC-HOL-PURPEP-5PK","FOC-HOL-PURPEP-1PK","5"
"Dental  quad Focal  ilicone Bead","focal-beads","FOC-OCC-DNTLSQD-5PK","FOC-OCC-DNTLSQD-1PK","5"
"20mm Ocean Blue Rhine tone Bead","rhinestone-beads","RHNST-OCNBLU-20MM-2PK","RHNST-OCNBLU-20MM-1PK","2"
"20mm Acrylic Bead","mixes-bundles-kits","ACR-20MM-SHIM-LTPNK-10PK","ACR-20MM-SHIM-LTPNK-1PK","10"
"Printed Bead 15mm Round Bead","uncategorized","SIL15-PRNT-WOOF-10PK","SIL15-PRNT-WOOF-1PK","10"
"3D Bead Ro e Bead","charms-dangles","FOC-SPR-3D-REDRS-5PK","FOC-SPR-3D-REDRS-1PK","5"
"20mm Bubblegum Bead","mixes-bundles-kits","ACR-PMPKNSPC-20MM-20PK","ACR-PMPKNSPC-20MM-1PK","20"
"3D Rubber Duck Bead","focal-beads","FOC-ANI-3D-PNKCWDCK-5PK","FOC-ANI-3D-PNKCWDCK-1PK","5"
"20mm  olid Dark Brown Bead","acrylic","ACR-20MM-SLD-DKBRN-25PK","ACR-20MM-SLD-DKBRN-1PK","25"
"Large Hole  pacer","spacers-accessories","ACC-FRRY-LTPNK-25PK","ACC-FRRY-LTPNK-1PK","25"
"Acrylic Attachment Piece","charms-dangles","ACC-ACRPCS-5PK","ACC-ACRPCS-1PK","5"
"Patriotic Gnome","focal-beads","FOC-PAT-BLUGNME-5PK","FOC-PAT-BLUGNME-1PK","5"
"20mm Bubblegum Bead","mixes-bundles-kits","ACR-TCHNGHRT-20MM-5PK","ACR-TCHNGHRT-20MM-1PK","5"
"2","acrylic","ACR-PNTSPLT-BLKWHT-20MM-20PK","ACR-PNTSPLT-BLKWHT-20MM-1PK","20"
"Acrylic Flatback","charms-dangles","FLB-DNTWRRY-5PK","FLB-DNTWRRY-1PK","5"
"Funny Phra e  Bead","focal-beads","FOC-HAL-FCPSSOFF-5PK","FOC-HAL-FCPSSOFF-1PK","5"
"Beaded Pen Blank","beadable-pen-blanks","PEN-SOL-BBYPNK-10PK","PEN-SOL-BBYPNK-1PK","10"
"20mm Bubblegum Bead","mixes-bundles-kits","ACR-BDMTTN-20MM-10PK","ACR-BDMTTN-20MM-1PK","10"
"Toa t Focal Bead","focal-beads","FOC-FOD-BEIGTOST-5PK","FOC-FOD-BEIGTOST-1PK","5"
"16mm  olid Purple Bead","acrylic","ACR-16MM-SLD-PUR-10PK","ACR-16MM-SLD-PUR-1PK","10"
"Football Bead","charms-dangles","FOC-SPT-FTBL-GNOME-5PK","FOC-SPT-FTBL-GNOME-1PK","5"
"port  Bead","focal-beads","FOC-SPT-SFBLMOM-5PK","FOC-SPT-SFBLMOM-1PK","5"
"Black Bead","silicone","SIL15-PRNT-BLKPOLK-10PK","SIL15-PRNT-BLKPOLK-1PK","10"
"Medical 3D  ilicone Focal Bead","focal-beads","FOC-3D-MDCLSYMBL-5PK","FOC-3D-MDCLSYMBL-1PK","5"
"Large Hole  pacer","spacers-accessories","ACC-FRRY-LTBLU-10PK","ACC-FRRY-LTBLU-1PK","10"
"16mm Rhine tone Bead","rhinestone-beads","RHNST-WHT-16MM-2PK","RHNST-WHT-16MM-1PK","2"
"15mm Fuzzy  pacer Bead","spacers-accessories","ACC-FZZY-GRY-5PK","ACC-FZZY-GRY-1PK","5"
"ticker Heart Beadable Cup Charm Blank","beadable-products","BLK-STCKR-HRT-KYCHN-YEL-5PK","BLK-STCKR-HRT-KYCHN-YEL-1PK","5"
"16mm Gold Flake Acrylic Bead","spacers-accessories","ACR-GRN-GF-16-5PK","ACR-GRN-GF-16-5PK","5"
"3D Bead Bucket Bead","focal-beads","FOC-HAL-YELBCKT-5PK","FOC-HAL-YELBCKT-1PK","5"
"port  Bow  ilicone Focal Bead","focal-beads","FOC-SPT-FTBLLBGBW-5PK","FOC-SPT-FTBLLBGBW-1PK","5"
"16mm Gold Flake Acrylic Bead","spacers-accessories","ACR-BLU-GF-16-10PK","ACR-BLU-GF-16-10PK","10"
"Energy Bead","focal-beads","FOC-MSC-ENERGY-5PK","FOC-MSC-ENERGY-1PK","5"
"3D Chri tian Focal Bead","focal-beads","FOC-3D-MARY-5PK","FOC-3D-MARY-1PK","5"
"M","silicone","SIL15-PRNT-BLUMTTLC-5PK","SIL15-PRNT-BLUMTTLC-1PK","5"
"U A Flag Bead","silicone","SIL15-PRNT-MRCNFLG-5PK","SIL15-PRNT-MRCNFLG-1PK","5"
"Acrylic Flatback","charms-dangles","FLB-HUMERUS-5PK","FLB-HUMERUS-1PK","5"
"port  Bead","charms-dangles","FOC-SPT-SCCRHRT-5PK","FOC-SPT-SCCRHRT-1PK","5"
"20mm Bubblegum Bead","mixes-bundles-kits","ACR-PWPRNT-20MM-10PK","ACR-PWPRNT-20MM-1PK","10"
"20mm Bubblegum Bead","mixes-bundles-kits","ACR-DKPNKBCHBLL-20MM-20PK","ACR-DKPNKBCHBLL-20MM-1PK","20"
"16mm  olid Red Bead","acrylic","ACR-16MM-SLD-RED-25PK","ACR-16MM-SLD-RED-1PK","25"
"8-Ball Bead","focal-beads","FOC-REC-3D-8BLL-5PK","FOC-REC-3D-8BLL-1PK","5"
"t. Patrick'  Day Bead","focal-beads","FOC-HOL-SHMTRCK-5PK","FOC-HOL-SHMTRCK-1PK","5"
"3D Bead Yellow Rubber Duck Bead","focal-beads","FOC-ANI-3D-GRNDCK-5PK","FOC-ANI-3D-GRNDCK-1PK","5"
"20mm  port  Rhine tone Bead","rhinestone-beads","RHNST-SFTBLL-2PK","RHNST-SFTBLL-2PK","2"
"ilicone Clam  hell  pacer Bead","spacers-accessories","FOC-CLMSHLL-LVNDR-5PK","FOC-CLMSHLL-LVNDR-1PK","5"
"Large Hole  pacer","spacers-accessories","ACC-FRRY-GRY-5PK","ACC-FRRY-GRY-1PK","5"
"20mm Rhine tone Bead","rhinestone-beads","RHNST-SPRLDKPNKSLV-20MM-2PK","RHNST-SPRLDKPNKSLV-20MM-1PK","2"
"15mm Black  wirl Round Bead","spacers-accessories","SIL15-PRNT-BLKSWL-10PK","SIL15-PRNT-BLKSWL-1PK","10"
"Fancy Rhine tone Bead","rhinestone-beads","ACC-FNCY-UVPCH-BUTT-5PK","ACC-FNCY-UVPCH-BUTT-1PK","5"
"Large Hole  pacer","spacers-accessories","ACC-FRRY-PUR-10PK","ACC-FRRY-PUR-1PK","10"
"Wa n't A Bitch Today Badge Reel Topper","acrylic-flatbacks","FLB-BTCHTDY-5PK","FLB-BTCHTDY-1PK","5"
"16mm Clear Bubble Acrylic Beads Color Core Round Beads Transparent Beads Beadable Pen Beads Jewelry Making Craft Supplies","acrylic","ACR-16MM-BBLE-RED-10PK","ACR-16MM-BBLE-RED-1PK","10"
"20mm Bubblegum Bead","rhinestone-beads","ACR-PURMIX-20MM-25PK","ACR-PURMIX-20MM-1PK","25"
"20mm White Rhine tone  wirl Bead","rhinestone-beads","RHNST-SWRL-WHTRED-5PK","RHNST-SWRL-WHTRED-1PK","5"
"20mm Bead","rhinestone-beads","RHNST-RED-20MM-5PK","RHNST-RED-20MM-1PK","5"
"pider Web Bead","uncategorized","SIL15-PRNT-SPDRWB-5PK","SIL15-PRNT-SPDRWB-1PK","5"
"3D Cookie","charms-dangles","FOC-FOD-CKIE-5PK","FOC-FOD-CKIE-1PK","5"
"C","mixes-bundles-kits","SIL15-PRNT-CATS-10PK","SIL15-PRNT-CATS-1PK","10"
"20mm Bubblegum Bead","acrylic","ACR-BLKDSY-20MM-10PK","ACR-BLKDSY-20MM-1PK","10"
"20mm Light Pink Rhine tone Bead","rhinestone-beads","RHNST-LTPNK-20MM-5PK","RHNST-LTPNK-20MM-1PK","5"
"Beaded Pen Blank","beadable-pen-blanks","PEN-SOL-BRTRED-5PK","PEN-SOL-BRTRED-1PK","5"
"14mm Rhine tone Bead","rhinestone-beads","RHNST-DKYEL-14MM-5PK","RHNST-DKYEL-14MM-1PK","5"
"16mm Ocean Blue Rhine tone Bead","rhinestone-beads","RHNST-OCNBLU-16MM-2PK","RHNST-OCNBLU-16MM-1PK","2"
"Acrylic Flatback","charms-dangles","FLB-PURCNCRBBN-5PK","FLB-PURCNCRBBN-1PK","5"
"Gnome Bead","focal-beads","FOC-HAL-PURPMPKNGNM-5PK","FOC-HAL-PURPMPKNGNM-1PK","5"
"10mm Wide Hole Gem  pacer","rhinestone-beads","ACC-GEM-WDHL-SLVMLT-10PK","ACC-GEM-WDHL-SLVMLT-1PK","10"
"Acrylic Flatback","charms-dangles","FLB-GTBLOOD-5PK","FLB-GTBLOOD-1PK","5"
"20mm Bubblegum Bead","mixes-bundles-kits","ACR-SNTABBY-20MM-20PK","ACR-SNTABBY-20MM-1PK","20"
"16mm Bead","spacers-accessories","ACR-16MM-BLKYEL-SPRL-20PK","ACR-16MM-BLKYEL-SPRL-1PK","20"
"Beaded Pen Blank","beadable-pen-blanks","PEN-SOL-GRY-10PK","PEN-SOL-GRY-1PK","10"
"20mm Bubblegum Bead","mixes-bundles-kits","ACR-MRMDTL-20MM-10PK","ACR-MRMDTL-20MM-1PK","10"
"Mental Health Bead","focal-beads","FOC-MEN-PNKWRLD-5PK","FOC-MEN-PNKWRLD-1PK","5"
"Beaded Pen Blank","beadable-pen-blanks","PEN-SOL-DKGLTRED-10PK","PEN-SOL-DKGLTRED-1PK","10"
"3D Cactu  Bead","charms-dangles","FOC-WES-DKGRNCTCCTUS-5PK","FOC-WES-DKGRNCTCCTUS-1PK","5"
"ilicone Round Bead","focal-beads","SIL-12MM-YEL-10PK","SIL-12MM-YEL-1PK","10"
"10mm Wide Hole Gem  pacer","rhinestone-beads","ACC-GEM-WDHL-GRN-10PK","ACC-GEM-WDHL-GRN-1PK","10"
"20mm  port  Rhine tone Bead","rhinestone-beads","RHNST-SCCR-5PK","RHNST-SCCR-1PK","5"
"Large Hole  pacer","spacers-accessories","ACC-FRRY-BLK-10PK","ACC-FRRY-BLK-1PK","10"
"Ocean Animal Focal Bead","focal-beads","FOC-3D-ANI-ORCA-5PK","FOC-3D-ANI-ORCA-1PK","5"
"Dental Focal Bead","charms-dangles","FOL-OCC-TTHPNKBW-5PK","FOL-OCC-TTHPNKBW-1PK","5"
"arca tic Bead","focal-beads","FOC-SAR-DYDSRV-5PK","FOC-SAR-DYDSRV-1PK","5"
"Butterfly Bead","focal-beads","FOC-ANI-BUTTRNBW-5PK","FOC-ANI-BUTTRNBW-1PK","5"
"Cactu  Bead","uncategorized","SIL15-PRNT-CCTSWSTRN-10PK","SIL15-PRNT-CCTSWSTRN-1PK","10"
"Motorcycle Bead","focal-beads","FOC-VEH-REDMTRCYCL-5PK","FOC-VEH-REDMTRCYCL-1PK","5"
"20mm Bubblegum Bead","rhinestone-beads","ACR-SNWFKMIX-20MM-10PK","ACR-SNWFKMIX-20MM-1PK","10"
"20mm Bubblegum Bead","mixes-bundles-kits","ACR-PNKCWPRNT-20MM-20PK","ACR-PNKCWPRNT-20MM-1PK","20"
"Acrylic Flatback","charms-dangles","FLB-PHLEBSQUD-5PK","FLB-PHLEBSQUD-1PK","5"
"14mm Light Blue Rhine tone Bead","rhinestone-beads","RHNST-LTBLU-14MM-10PK","RHNST-LTBLU-14MM-1PK","10"
"20mm Bead","rhinestone-beads","RHNST-PUR-20MM-2PK","RHNST-PUR-20MM-1PK","2"
"3D Bead Yellow Rubber Duck Bead","focal-beads","FOC-ANI-3D-HTPNKDCK-5PK","FOC-ANI-3D-HTPNKDCK-1PK","5"
"Pink Ribbon Pen Bundle Pack","mixes-bundles-kits","PEN-BNDL-PNKRIB-5PK","PEN-BNDL-PNKRIB-5PK","5"
"20mm Bead","rhinestone-beads","RHNST-REDSLV-20MM-2PK","RHNST-REDSLV-20MM-1PK","2"
"15mm Fuzzy  pacer Bead","spacers-accessories","ACC-FZZY-DKPNK-5PK","ACC-FZZY-DKPNK-1PK","5"
"t. Patrick'  Day Bead","focal-beads","FOC-HOL-STGNOME-5PK","FOC-HOL-STGNOME-1PK","5"
"Fluffy Bead Pen Blank","beadable-pen-blanks","PEN-FLUFF-LMGRN-5PK","PEN-FLUFF-LMGRN-1PK","5"
"Rainbow Bead","focal-beads","FOC-SPR-PURRNBW-5PK","FOC-SPR-PURRNBW-1PK","5"
"20mm Heart Acrylic Bead","acrylic","ACR-REDHRTS-20MM-5PK","ACR-REDHRTS-20MM-1PK","5"
"Blue Alien Bead","spacers-accessories","SIL15-PRNT-BLULN-10PK","SIL15-PRNT-BLULN-1PK","10"
"16mm Crochet Bead","spacers-accessories","ACC-CRCHT-BRN-5PK","ACC-CRCHT-BRN-1PK","5"
"16mm Rhinestone Beads Two Tone Crystal Beads Sparkle Bling Beads Beadable Pen Beads Jewelry Making DIY Craft Supplies","rhinestone-beads","RHNST-16MM-2TONE-PCH-5PK","RHNST-16MM-2TONE-PCH-1PK","5"
"16mm Acrylic Bead","mixes-bundles-kits","ACR-16MM-SHIM-LTGRN-10PK","ACR-16MM-SHIM-LTGRN-1PK","10"
"16mm Bead","acrylic","ACR-16MM-UVAB-WHT-10PK","ACR-16MM-UVAB-WHT-1PK","10"
"ilicone Round Bead","spacers-accessories","SIL-15MM-NAVJWHT-10PK","SIL-15MM-NAVJWHT-1PK","10"
"Excavator Truck Bead","focal-beads","FOC-VEH-XCVTR-PNK-5PK","FOC-VEH-XCVTR-PNK-1PK","5"
"15mm  ilicone Bead","spacers-accessories","SIL15-PRNT-KOALA-10PK","SIL15-PRNT-KOALA-1PK","10"
"16mm Bead","mixes-bundles-kits","ACR-16MM-UVAB-RNBW-10PK","ACR-16MM-UVAB-RNBW-1PK","10"
"16mm Acrylic Bead","mixes-bundles-kits","ACR-16MM-SHIM-WHT-10PK","ACR-16MM-SHIM-WHT-1PK","10"
"20mm  olid Dark Pink Bead","acrylic","ACR-20MM-SLD-DKPNK-25PK","ACR-20MM-SLD-DKPNK-1PK","25"
"ticker Heart Beadable Cup Charm Blank","beadable-products","BLK-STCKR-HRT-KYCHN-BLK-5PK","BLK-STCKR-HRT-KYCHN-BLK-1PK","5"
"20mm Bubblegum Bead","acrylic","ACR-BLUSNWFK-20MM-20PK","ACR-BLUSNWFK-20MM-1PK","20"
"Funny Phra e  Bead","focal-beads","FOC-HAL-BSHT-5PK","FOC-HAL-BSHT-1PK","5"
"15mm Bead","silicone","SIL15-PRNT-FIRE-5PK","SIL15-PRNT-FIRE-1PK","5"
"Pot Leaf Bead","uncategorized","SIL15-PRNT-PTLFGRN-10PK","SIL15-PRNT-PTLFGRN-1PK","10"
"Ea ter Bead","silicone","SIL-PRNT-15MM-PLKADOT-10PK","SIL-PRNT-15MM-PLKADOT-1PK","10"
"Large Hole  pacer","spacers-accessories","ACC-CRCKD-DKPNK-25PK","ACC-CRCKD-DKPNK-1PK","25"
"Beadable Bar Keychain","beadable-products","BLK-KEY-CLR-RED-5PK","BLK-KEY-CLR-RED-1PK","5"
"Cro  Bead","focal-beads","FOC-MSC-PURFLWRCRSS-5PK","FOC-MSC-PURFLWRCRSS-1PK","5"
"ticker Heart Beadable Cup Charm Blank","beadable-products","BLK-STCKR-HRT-KYCHN-GRN-5PK","BLK-STCKR-HRT-KYCHN-GRN-1PK","5"
"Book Bead","focal-beads","FOC-HAL-CFFEGHST-5PK","FOC-HAL-CFFEGHST-1PK","5"
"Patriotic Bead","focal-beads","FOC-PAT-MRCNHRTS-5PK","FOC-PAT-MRCNHRTS-1PK","5"
"20mm Bubblegum Bead","mixes-bundles-kits","ACR-FLLYALL-20MM-5PK","ACR-FLLYALL-20MM-1PK","5"
"Beaded Pen Blank","beadable-pen-blanks","PEN-SOL-DKYEL-10PK","PEN-SOL-DKYEL-1PK","10"
"20mm Bubblegum Bead","rhinestone-beads","ACR-PCHMIX-20MM-10PK","ACR-PCHMIX-20MM-1PK","10"
"20mm Bubblegum Bead","mixes-bundles-kits","ACR-YELBCHBLL-20MM-20PK","ACR-YELBCHBLL-20MM-1PK","20"
"Fluffy Bead Pen Blank","beadable-pen-blanks","PEN-FLUFF-WHT-5PK","PEN-FLUFF-WHT-1PK","5"
"12mm Bead","mixes-bundles-kits","ACR-12BLOCK-GRNSNWMN-10PK","ACR-12BLOCK-GRNSNWMN-1PK","10"
"12mm Bead","acrylic","ACR-12MM-NEON-ORG-20PK","ACR-12MM-NEON-ORG-1PK","20"
"15mm Fuzzy  pacer Bead","spacers-accessories","ACC-FZZY-RED-25PK","ACC-FZZY-RED-1PK","25"
"3D Baby Pig Bead","focal-beads","FOC-ANI-3D-BBYPIG-5PK","FOC-ANI-3D-BBYPIG-1PK","5"
"2","acrylic","ACR-PNTSWRL-PUR-20MM-20PK","ACR-PNTSWRL-PUR-20MM-1PK","20"
"Acrylic Flatback","charms-dangles","FLB-STUFF-5PK","FLB-STUFF-1PK","5"
"Blue Flower Bead","uncategorized","SIL15-PRNT-BLUFLW-5PK","SIL15-PRNT-BLUFLW-1PK","5"
"3D Bead Bow Bead","charms-dangles","FOC-XMS-3D-GRNBOW-5PK","FOC-XMS-3D-GRNBOW-1PK","5"
"Mardi Gra  Bead","focal-beads","FOC-HOL-TMSRLL-5PK","FOC-HOL-TMSRLL-1PK","5"
"16mm Rhine tone Bead","rhinestone-beads","RHNST-GRN-16MM-5PK","RHNST-GRN-16MM-1PK","5"
"20mm White Rhine tone  wirl Bead","rhinestone-beads","RHNST-SWRL-WHTORG-5PK","RHNST-SWRL-WHTORG-1PK","5"
"port  Bead","focal-beads","FOC-SPT-RTRBSBLL-5PK","FOC-SPT-RTRBSBLL-1PK","5"
"16mm Crochet Bead","spacers-accessories","ACC-CRCHT-SLMN-10PK","ACC-CRCHT-SLMN-1PK","10"
"16mm Rhine tone Bead","rhinestone-beads","RHNST-PUR-16MM-10PK","RHNST-PUR-16MM-1PK","10"
"20mm Bubblegum Bead","mixes-bundles-kits","ACR-BRWBCHBLL-20MM-20PK","ACR-BRWBCHBLL-20MM-1PK","20"
"Cowboy Hat Bead","charms-dangles","FOC-WES-OLDTANHT-5PK","FOC-WES-OLDTANHT-1PK","5"
"20mm Bubblegum Bead","mixes-bundles-kits","ACR-SHNYPMPKN-20MM-10PK","ACR-SHNYPMPKN-20MM-1PK","10"
"20mm Bubblegum Bead","rhinestone-beads","ACR-GRNMIX-20MM-5PK","ACR-GRNMIX-20MM-1PK","5"
"Beaded Pen Blank","beadable-pen-blanks","PEN-OMB-COTCAN-5PK","PEN-OMB-COTCAN-1PK","5"
"Horror Character Bead","focal-beads","FOC-HAL-JSN-5PK","FOC-HAL-JSN-1PK","5"
"Acrylic Flatback","charms-dangles","FLB-SMLPNK-5PK","FLB-SMLPNK-1PK","5"
"Flower Bloom Bead","focal-beads","FOC-MSC-BLMASUR-5PK","FOC-MSC-BLMASUR-1PK","5"
"Toa t Focal Bead","focal-beads","FOC-FOD-REDTOST-5PK","FOC-FOD-REDTOST-1PK","5"
"3D Bead Bat Bead","charms-dangles","FOC-ANI-3D-PURBAT-5PK","FOC-ANI-3D-PURBAT-1PK","5"
"Large Hole  pacer","spacers-accessories","ACC-FRRY-TURQ-25PK","ACC-FRRY-TURQ-1PK","25"
"Beaded Pen Blank","beadable-pen-blanks","PEN-OMB-GRN-5PK","PEN-OMB-GRN-1PK","5"
"Fancy Rhine tone Bead","rhinestone-beads","ACC-FNCY-UVWHT-BUTT-5PK","ACC-FNCY-UVWHT-BUTT-1PK","5"
"20mm Bubblegum Bead","acrylic","ACR-CHLDRN-20MM-5PK","ACR-CHLDRN-20MM-1PK","5"
"3D Bead Yellow Rubber Duck Bead","focal-beads","FOC-ANI-3D-YELDCK-5PK","FOC-ANI-3D-YELDCK-1PK","5"
"Patriotic Bead","focal-beads","FOC-PAT-MRCNUNCRN-5PK","FOC-PAT-MRCNUNCRN-1PK","5"
"port  Bow  ilicone Focal Bead","focal-beads","FOC-SPT-BSKTBLLBGBW-5PK","FOC-SPT-BSKTBLLBGBW-1PK","5"
"16mm Bead","spacers-accessories","ACR-16MM-WHT-SPRL-20PK","ACR-16MM-WHT-SPRL-1PK","20"
"DIY  nowflake Keychain","beadable-products","BLK-SNWFLK-BAR-GRN-5PK","BLK-SNWFLK-BAR-GRN-1PK","5"
"Beaded Pen Blank","beadable-pen-blanks","PEN-OMB-PNK-5PK","PEN-OMB-PNK-1PK","5"
"10mm Wavy  pacer","rhinestone-beads","ACC-GEMWVY-GNMTLBLK-10MM-10PK","ACC-GEMWVY-GNMTLBLK-10MM-1PK","10"
"Ladybug Bead","spacers-accessories","SIL15-PRNT-LDYBG-10PK","SIL15-PRNT-LDYBG-1PK","10"
"20mm Bubblegum Bead","mixes-bundles-kits","ACR-BRWBCHBLL-20MM-10PK","ACR-BRWBCHBLL-20MM-1PK","10"
"Bull Bead","uncategorized","SIL15-PRNT-BULL-10PK","SIL15-PRNT-BULL-1PK","10"
"Orange Bead Mix","mixes-bundles-kits","ACR-ORGMIX-20MM-5PK","ACR-ORGMIX-20MM-1PK","5"
"16mm Gold Pearl Bead","acrylic","ACR-16MM-PRL-GLD-25PK","ACR-16MM-PRL-GLD-1PK","25"
"Acrylic Flatback","charms-dangles","FLB-WRNNG-5PK","FLB-WRNNG-1PK","5"
"ilicone Round Bead","focal-beads","SIL-ABA-NVYBLU-5PK","SIL-ABA-NVYBLU-1PK","5"
"Cute Animal Bead","focal-beads","FOC-ANI-BSCPNGN-5PK","FOC-ANI-BSCPNGN-1PK","5"
"Marijuana Bead","focal-beads","FOC-ADT-CFFNMYCP-5PK","FOC-ADT-CFFNMYCP-1PK","5"
"3D Coffee  ilicone Focal Bead","focal-beads","FOC-3D-CFFEECUPMIX-5PK","FOC-3D-CFFEECUPMIX-5PK","5"
"Acrylic Flatback","charms-dangles","FLB-STOPHRT-5PK","FLB-STOPHRT-1PK","5"
"Large Hole Rhine tone  pacer","rhinestone-beads","ACC-RHNST-PNK-10PK","ACC-RHNST-PNK-1PK","10"
"3D Poop Emoji Bead","focal-beads","FOC-MSC-DKBRNPOOP-5PK","FOC-MSC-DKBRNPOOP-1PK","5"
"Patriotic Gnome","focal-beads","FOC-PAT-STRGNME-5PK","FOC-PAT-STRGNME-1PK","5"
"16mm Acrylic Bead","acrylic","ACR-16MM-SHIM-DKBLU-20PK","ACR-16MM-SHIM-DKBLU-1PK","20"
"20mm Bubblegum Bead","mixes-bundles-kits","ACR-CRMSCNE-20MM-20PK","ACR-CRMSCNE-20MM-1PK","20"
"Acrylic Flatback","charms-dangles","FLB-ESTRBNNY-5PK","FLB-ESTRBNNY-1PK","5"
"Fancy Rhine tone Bead","rhinestone-beads","ACC-FNCY-UVPNK-BUTT-5PK","ACC-FNCY-UVPNK-BUTT-1PK","5"
"F","mixes-bundles-kits","ACR-16MM-FRSTD-RED-10PK","ACR-16MM-FRSTD-RED-1PK","10"
"20mm Bubblegum Bead","acrylic","ACR-GRNSWRL-20MM-5PK","ACR-GRNSWRL-20MM-1PK","5"
"18mm Marbled Pumpkin XL Hole Bead","acrylic","ACR-18MM-PNKMRBL-PMKN-5PK","ACR-18MM-PNKMRBL-PMKN-1PK","5"
"port  Bead","focal-beads","FOC-SPT-BSKTBLLMOM-5PK","FOC-SPT-BSKTBLLMOM-1PK","5"
"20mm Bubblegum Bead","acrylic","ACR-BLUSNWFK-20MM-10PK","ACR-BLUSNWFK-20MM-1PK","10"
"Cowboy Hat Bead","charms-dangles","FOC-WES-YELSMLYFC-5PK","FOC-WES-YELSMLYFC-1PK","5"
"ilicone Round Bead","focal-beads","SIL-12MM-DKPNK-10PK","SIL-12MM-DKPNK-1PK","10"
"12mm Gem  pacer","rhinestone-beads","ACC-GEM-GRN-12MM-10PK","ACC-GEM-GRN-12MM-1PK","10"
"15mm  miley Face  ilicone Bead","silicone","SIL15-PRNT-PNKSMLYFC-5PK","SIL15-PRNT-PNKSMLYFC-1PK","5"
"Wine  topper","beadable-products","BLK-WNSTPPR-LMGRN-2PK","BLK-WNSTPPR-LMGRN-1PK","2"
"Marijuana Bead","focal-beads","FOC-ADT-BKDAF-5PK","FOC-ADT-BKDAF-1PK","5"
"Beadable Mirror","beadable-products","BLK-MIR-HRT-LTPNK-3PK","BLK-MIR-HRT-LTPNK-1PK","3"
"Cla ic Elf Bead","focal-beads","FOC-XMS-ELF-5PK","FOC-XMS-ELF-1PK","5"
"Crochet Bead","focal-beads","FOC-REC-CROCHTPUR-5PK","FOC-REC-CROCHTPUR-1PK","5"
"2","acrylic","ACR-PNTSPLT-BLKWHT-20MM-5PK","ACR-PNTSPLT-BLKWHT-20MM-1PK","5"
"20mm Bubblegum Bead","mixes-bundles-kits","ACR-MRMD-20MM-5PK","ACR-MRMD-20MM-1PK","5"
"B","charms-dangles","ACC-BUTTERFLY-5PK","ACC-BUTTERFLY-1PK","5"
"16mm  olid Dark Brown Bead","acrylic","ACR-16MM-SLD-DKBRN-5PK","ACR-16MM-SLD-DKBRN-1PK","5"
"Memaw Bead","focal-beads","FOC-FAM-MEMAW-5PK","FOC-FAM-MEMAW-1PK","5"
"F","mixes-bundles-kits","ACR-16MM-FRSTD-BRW-25PK","ACR-16MM-FRSTD-BRW-1PK","25"
"Rock n' Roll Bead","focal-beads","FOC-SPT-RCKTLEND-5PK","FOC-SPT-RCKTLEND-1PK","5"
"Pink Ribbon Bead","focal-beads","FOC-MSC-FCKCNCRBBN-5PK","FOC-MSC-FCKCNCRBBN-1PK","5"
"Blue Alien Bead","spacers-accessories","SIL15-PRNT-BLULN-5PK","SIL15-PRNT-BLULN-1PK","5"
"Tooth Bead","focal-beads","FOC-OCC-TOOTH-5PK","FOC-OCC-TOOTH-1PK","5"
"20mm Acrylic Bead","acrylic","ACR-20MM-SHIM-RED-10PK","ACR-20MM-SHIM-RED-1PK","10"
"13mm Ribbed Barrel  pacer Bead","spacers-accessories","ACC-RBBDSPCR-WHT-5PK","ACC-RBBDSPCR-WHT-1PK","5"
"Cow Bead","focal-beads","FOC-ANI-ELPHNTBSKT-5PK","FOC-ANI-ELPHNTBSKT-1PK","5"
"15mm Fuzzy  pacer Bead","spacers-accessories","ACC-FZZY-DKPNK-25PK","ACC-FZZY-DKPNK-1PK","25"
"Gnome Bead","focal-beads","FOC-HOL-PNKGNME-5PK","FOC-HOL-PNKGNME-1PK","5"
"Beaded Pen Blank","beadable-pen-blanks","PEN-SOL-GLTMOS-5PK","PEN-SOL-GLTMOS-1PK","5"
"Tree Bead","focal-beads","FOC-XMS-PWPRNTTREE-5PK","FOC-XMS-PWPRNTTREE-1PK","5"
"ilicone Round Bead","spacers-accessories","SIL-12MM-LTPUR-10PK","SIL-12MM-LTPUR-1PK","10"
"65mm Printed  ilicone Ring","focal-beads","ACC-RNGWSTRN-5PK","ACC-RNGWSTRN-1PK","5"
"3D Airplane Focal Bead","focal-beads","FOC-VEH-ARPLN-PUR-5PK","FOC-VEH-ARPLN-PUR-1PK","5"
"Large Hole  pacer","spacers-accessories","ACC-FRRY-LTPNK-5PK","ACC-FRRY-LTPNK-1PK","5"
"D","silicone","SIL15-PRNT-DOGS-5PK","SIL15-PRNT-DOGS-1PK","5"
"20mm Bubblegum Bead","mixes-bundles-kits","ACR-PWPRNT-20MM-20PK","ACR-PWPRNT-20MM-1PK","20"
"20mm White Rhine tone  wirl Bead","rhinestone-beads","RHNST-SWRL-WHTDKBLU-10PK","RHNST-SWRL-WHTDKBLU-1PK","10"
"Dragonfly  ilicone Focal Bead","focal-beads","FOC-ANI-DRGNFLY-DKPNK-5PK","FOC-ANI-DRGNFLY-DKPNK-1PK","5"
"port  Bead","charms-dangles","FOC-SPT-BSBLLHRT-5PK","FOC-SPT-BSBLLHRT-1PK","5"
"Thank giving Bead","focal-beads","FOC-HOL-PCTRKY-5PK","FOC-HOL-PCTRKY-1PK","5"
"20mm  olid White Bead","acrylic","ACR-20MM-SLD-WHT-5PK","ACR-20MM-SLD-WHT-1PK","5"
"ilicone Round Bead","spacers-accessories","SIL-LENT-MTWHT-10PK","SIL-LENT-MTWHT-1PK","10"
"Beaded Pen Blank","beadable-pen-blanks","PEN-SOL-LTPNK-5PK","PEN-SOL-LTPNK-1PK","5"
"3D Bead Bathtub Focal Bead","focal-beads","FOC-MSC-3D-BTHTB-5PK","FOC-MSC-3D-BTHTB-1PK","5"
"Large Hole  pacer","spacers-accessories","ACC-MRBLE-RED-10PK","ACC-MRBLE-RED-1PK","10"
"12mm Bead","mixes-bundles-kits","ACR-12BLOCK-GRNTREE-5PK","ACR-12BLOCK-GRNTREE-1PK","5"
"Leopard Bead","mixes-bundles-kits","SIL15-PRNT-CLRFLPRD-10PK","SIL15-PRNT-CLRFLPRD-1PK","10"
"14mm Rhine tone","rhinestone-beads","RHNST-DKGRN-14MM-10PK","RHNST-DKGRN-14MM-1PK","10"
"15mm Fuzzy  pacer Bead","spacers-accessories","ACC-FZZY-GRY-25PK","ACC-FZZY-GRY-1PK","25"
"Pumpkin Bead","focal-beads","FOC-HAL-BWPMPKNTEAL-5PK","FOC-HAL-BWPMPKNTEAL-1PK","5"
"Book Bead","focal-beads","FOC-SCH-TEALBOOK-5PK","FOC-SCH-TEALBOOK-1PK","5"
"20mm Acrylic Bead","acrylic","ACR-20MM-SHIM-PUR-5PK","ACR-20MM-SHIM-PUR-1PK","5"
"Large Hole  pacer","spacers-accessories","ACC-MRBLE-PNK-10PK","ACC-MRBLE-PNK-1PK","10"
"ticker Heart Beadable Cup Charm Blank","beadable-products","BLK-STCKR-HRT-KYCHN-RSGLD-5PK","BLK-STCKR-HRT-KYCHN-RSGLD-1PK","5"
"Large Hole  pacer","spacers-accessories","ACC-FRRY-PLBLU-10PK","ACC-FRRY-PLBLU-1PK","10"
"12mm  ilicone Bead Mix","mixes-bundles-kits","SIL-12MM-MIX-10PC","SIL-12MM-MIX-10PC","10"
"12mm Gem  pacer","rhinestone-beads","ACC-GEM-LTBLU-12MM-10PK","ACC-GEM-LTBLU-12MM-1PK","10"
"Elf Bead","focal-beads","FOC-XMS-DABSNTA-5PK","FOC-XMS-DABSNTA-1PK","5"
"ilicone Clam  hell  pacer Bead","spacers-accessories","FOC-CLMSHLL-LTPNK-5PK","FOC-CLMSHLL-LTPNK-1PK","5"
"Printed  ilicone Round Bead","mixes-bundles-kits","SIL-PRNT-15MM-SCCR-5PK","SIL-PRNT-15MM-SCCR-1PK","5"
"Beaded Pen Blank","beadable-pen-blanks","PEN-SOL-BRTORG-10PK","PEN-SOL-BRTORG-1PK","10"
"3D Bead  t. Patrick'  Day Bead","focal-beads","FOC-HOL-3D-LRGPT-5PK","FOC-HOL-3D-LRGPT-1PK","5"
"20mm Bubblegum Bead","mixes-bundles-kits","ACR-TCHNGHRT-20MM-10PK","ACR-TCHNGHRT-20MM-1PK","10"
"3D Bead Pumpkin Bead","focal-beads","FOC-HAL-3D-SMPMPKN-5PK","FOC-HAL-3D-SMPMPKN-1PK","5"
"Bright Bead","silicone","SIL-15MM-BRGHTRSGLD-5PK","SIL-15MM-BRGHTRSGLD-1PK","5"
"15mm Fuzzy  pacer Bead","spacers-accessories","ACC-FZZY-PNKCHTH-10PK","ACC-FZZY-PNKCHTH-1PK","10"
"3D Bead","charms-dangles","FOC-SCH-3D-GRDUTNCP-5PK","FOC-SCH-3D-GRDUTNCP-1PK","5"
"carecrow Bead","focal-beads","FOC-HOL-BOYSCRCRW-5PK","FOC-HOL-BOYSCRCRW-1PK","5"
"Fall Bead","uncategorized","SIL15-PRNT-HALBOW-10PK","SIL15-PRNT-HALBOW-1PK","10"
"tetho cope Bead","focal-beads","FOC-OCC-STTHSCPE-5PK","FOC-OCC-STTHSCPE-1PK","5"
"Cardiology Bead","focal-beads","FOC-OCC-SCRBLFE-5PK","FOC-OCC-SCRBLFE-1PK","5"
"3D  t. Patrick'  Day Bead","focal-beads","FOC-HOL-3D-DKGRNHT-5PK","FOC-HOL-3D-DKGRNHT-1PK","5"
"Medical  ymbol Bead","focal-beads","FOC-PAT-911-5PK","FOC-PAT-911-1PK","5"
"Excavator Truck Bead","focal-beads","FOC-VEH-XCVTR-RED-5PK","FOC-VEH-XCVTR-RED-1PK","5"
"3D Pickle  ilicone Focal Bead","charms-dangles","FOC-FOD-3D-PCKLEMIX-3PK","FOC-FOD-3D-PCKLEMIX-3PK","3"
"Bright Bead","silicone","SIL-15MM-BRGHTGRY-5PK","SIL-15MM-BRGHTGRY-1PK","5"
"Bright Mix Wavy  pacer Bead","spacers-accessories","ACC-WAVY-BRIGHT-100PK","ACC-WAVY-BRIGHT-1PK","100"
"anta Belt Bead","uncategorized","SIL15-PRNT-SANBLT-10PK","SIL15-PRNT-SANBLT-1PK","10"
"Rainbow Bead","uncategorized","SIL15-PRNT-RNBWS-10PK","SIL15-PRNT-RNBWS-1PK","10"
"16mm Bead","spacers-accessories","ACR-16MM-BLKBLU-SPRL-5PK","ACR-16MM-BLKBLU-SPRL-1PK","5"
"16mm Bead","acrylic","ACR-16MM-UVAB-DARK-10PK","ACR-16MM-UVAB-DARK-1PK","10"
"Halloween Bead","uncategorized","SIL15-PRNT-HELP-5PK","SIL15-PRNT-HELP-1PK","5"
"Rhine tone Butterfly  pacer Bead","rhinestone-beads","ACC-FNCY-CLR-BUTT-5PK","ACC-FNCY-CLR-BUTT-1PK","5"
"Duck Bead","focal-beads","FOC-ANI-DCKTUB-5PK","FOC-ANI-DCKTUB-1PK","5"
"10mm Sports Bead","spacers-accessories","ACR-10MM-SPRTS-SFTBLL-100PK","ACR-10MM-SPRTS-SFTBLL-1PK","100"
"16mm Acrylic Bead","mixes-bundles-kits","ACR-16MM-SHIM-YEL-10PK","ACR-16MM-SHIM-YEL-1PK","10"
"16mm Bead","acrylic","ACR-16MM-PSTL-DKCRL-5PK","ACR-16MM-PSTL-DKCRL-1PK","5"
"16mm Clear Bubble Acrylic Beads Color Core Round Beads Transparent Beads Beadable Pen Beads Jewelry Making Craft Supplies","acrylic","ACR-16MM-BBLE-YEL-20PK","ACR-16MM-BBLE-YEL-1PK","20"
"20mm Bead","rhinestone-beads","RHNST-PNK-20MM-2PK","RHNST-PNK-20MM-1PK","2"
"20mm Bubblegum Bead","mixes-bundles-kits","ACR-SNFLWR-20MM-10PK","ACR-SNFLWR-20MM-1PK","10"
"16mm Bead","spacers-accessories","ACR-16MM-BLKBLU-SPRL-20PK","ACR-16MM-BLKBLU-SPRL-1PK","20"
"65mm Printed  ilicone Ring","focal-beads","ACC-RNGJESUS-5PK","ACC-RNGJESUS-1PK","5"
"ilicone Round Bead","focal-beads","SIL-12MM-ORG-10PK","SIL-12MM-ORG-1PK","10"
"3D Bead Bat Bead","charms-dangles","FOC-ANI-3D-BLKBAT-5PK","FOC-ANI-3D-BLKBAT-1PK","5"
"Racing Bead","charms-dangles","FOC-FAM-WKNDDRT-5PK","FOC-FAM-WKNDDRT-1PK","5"
"16mm Bead","mixes-bundles-kits","ACR-16MM-METAL-DKBLU-10PK","ACR-16MM-METAL-DKBLU-1PK","10"
"tetho cope Bead","focal-beads","FOC-ANI-BLUSTTHSCP-5PK","FOC-ANI-BLUSTTHSCP-1PK","5"
"Di c  pacer","spacers-accessories","ACC-DISC-KCG-100PK","ACC-DISC-KCG-1PK","100"
"Acrylic Flatback","charms-dangles","FLB-HPPYMDS-5PK","FLB-HPPYMDS-1PK","5"
"ilicone Round Bead","focal-beads","SIL-ABA-ORG-5PK","SIL-ABA-ORG-1PK","5"
"M","silicone","SIL15-PRNT-LTGRNMTTLC-10PK","SIL15-PRNT-LTGRNMTTLC-1PK","10"
"20mm Bubblegum Bead","mixes-bundles-kits","ACR-BLKBCHBLL-20MM-20PK","ACR-BLKBCHBLL-20MM-1PK","20"
"Football Bead","focal-beads","FOC-SPT-FTBLLMMFTBLL-5PK","FOC-SPT-FTBLLMMFTBLL-1PK","5"
"Ca ino  ilicone Bead","focal-beads","FOC-REC-CRDSACES-5PK","FOC-REC-CRDSACES-1PK","5"
"Gym Bead","focal-beads","FOC-SPT-NODYSOFF-5PK","FOC-SPT-NODYSOFF-1PK","5"
"kull Bead","focal-beads","FOC-HAL-SKLLHLWN-5PK","FOC-HAL-SKLLHLWN-1PK","5"
"16mm Bead","spacers-accessories","ACR-16MM-RED-SPRL-10PK","ACR-16MM-RED-SPRL-1PK","10"
"M","mixes-bundles-kits","SIL15-PRNT-BLUMRBL-5PK","SIL15-PRNT-BLUMRBL-1PK","5"
"20mm  port  Rhine tone Bead","rhinestone-beads","RHNST-BSKTBLL-5PK","RHNST-BSKTBLL-1PK","5"
"ilicone Abacu  Bead Mix","spacers-accessories","SIL-ABA-MIX-10PC","SIL-ABA-MIX-10PC","10"
"Retro Bead","spacers-accessories","SIL15-PRNT-RTRPNK-5PK","SIL15-PRNT-RTRPNK-1PK","5"
"Fancy Rhine tone Bead","rhinestone-beads","ACC-FNCY-UVYEL-HRT-5PK","ACC-FNCY-UVYEL-HRT-1PK","5"
"3D Bead Gho t Bead","focal-beads","FOC-HAL-3D-GHSTPNKBW-5PK","FOC-HAL-3D-GHSTPNKBW-1PK","5"
"20mm Bead","rhinestone-beads","RHNST-LMGRN-20MM-10PK","RHNST-LMGRN-20MM-1PK","10"
"Badge Reel","beadable-products","BLK-BDRL-CLIP-RED-3PK","BLK-BDRL-CLIP-RED-1PK","3"
"Ba  Fi h Bead","charms-dangles","FOC-FAM-OTHRLNE-5PK","FOC-FAM-OTHRLNE-1PK","5"
"Cheetah Bead","focal-beads","FOC-FOD-BRNCHTHCP-5PK","FOC-FOD-BRNCHTHCP-1PK","5"
"15mm Bead","charms-dangles","SIL15-PRNT-CHEETAH-5PK","SIL15-PRNT-CHEETAH-1PK","5"
"15mm Bead","charms-dangles","SIL15-PRNT-LTNGB-5PK","SIL15-PRNT-LTNGB-1PK","5"
"20mm Bubblegum Bead","acrylic","ACR-XMASSWRL-20MM-20PK","ACR-XMASSWRL-20MM-1PK","20"
"kull Bead","uncategorized","SIL15-PRNT-MRCNSKLL-10PK","SIL15-PRNT-MRCNSKLL-1PK","10"
"ilicone Round Bead","spacers-accessories","SIL-15MM-METSLV-10PK","SIL-15MM-METSLV-1PK","10"
"12mm Bead","mixes-bundles-kits","ACR-12BLOCK-GRNTREE-10PK","ACR-12BLOCK-GRNTREE-1PK","10"
"Patriotic Bead","focal-beads","FOC-PAT-DGTG-5PK","FOC-PAT-DGTG-1PK","5"
"Glitter Jelly Wavy  pacer Bead","spacers-accessories","ACC-WAVY-SHIMJELLY-10PK","ACC-WAVY-SHIMJELLY-1PK","10"
"Printed  ilicone Round Bead","silicone","SIL15-PRNT-GRNCH-10PK","SIL15-PRNT-GRNCH-1PK","10"
"20mm Bubblegum Bead","mixes-bundles-kits","ACR-CHCKNFT-20MM-10PK","ACR-CHCKNFT-20MM-1PK","10"
"Dental  ilicone Bead","silicone","SIL15-PRNT-DNTL-10PK","SIL15-PRNT-DNTL-1PK","10"
"16mm  olid Lime Green Bead","acrylic","ACR-16MM-SLD-LMGRN-5PK","ACR-16MM-SLD-LMGRN-1PK","5"
"DIY  nowflake Keychain","beadable-products","BLK-SNWFLK-BAR-BLU-5PK","BLK-SNWFLK-BAR-BLU-1PK","5"
"Beaded Pen Blank","beadable-pen-blanks","PEN-SOL-BRTORG-5PK","PEN-SOL-BRTORG-1PK","5"
"Cow Print Bead","uncategorized","SIL15-PRNT-TEALCOW-10PK","SIL15-PRNT-TEALCOW-1PK","10"
"Large Hole  pacer","spacers-accessories","ACC-FRRY-PLBLU-25PK","ACC-FRRY-PLBLU-1PK","25"
"3D Large Bow  ilicone Focal Bead","focal-beads","FOC-TAILBW-WHTSGESTRPE-5PK","FOC-TAILBW-WHTSGESTRPE-1PK","5"
"Wifey Bow Focal Bead","focal-beads","FOC-FAM-WIFEY-GRN-5PK","FOC-FAM-WIFEY-GRN-1PK","5"
"Bright Bead","silicone","SIL-15MM-BRGHTRSGLD-10PK","SIL-15MM-BRGHTRSGLD-1PK","10"
"Large Hole  pacer","spacers-accessories","ACC-CRCKD-LTPNK-25PK","ACC-CRCKD-LTPNK-1PK","25"
"Ea ter Bead","focal-beads","FOC-HOL-CHTHBNNY-5PK","FOC-HOL-CHTHBNNY-1PK","5"
"3D Bead Patriotic Gnome","focal-beads","FOC-PAT-3D-BLUGNME-5PK","FOC-PAT-3D-BLUGNME-1PK","5"
"Cowboy Hat Bead","charms-dangles","FOC-WES-BRNSPKHT-5PK","FOC-WES-BRNSPKHT-1PK","5"
"Acrylic Flatback","charms-dangles","FLB-VAL-GNME-5PK","FLB-VAL-GNME-1PK","5"
"Flip Flop Focal Bead","focal-beads","FOC-SPRNG-FLPFLP-BLU-5PK","FOC-SPRNG-FLPFLP-BLU-1PK","5"
"Gold Flake Acrylic Bead  16mm","spacers-accessories","ACR-16MM-GLDFLKE-MIX-18PC","ACR-16MM-GLDFLKE-MIX-18PC","18"
"Large Hole  pacer","spacers-accessories","ACC-CRCKD-DKPNK-5PK","ACC-CRCKD-DKPNK-1PK","5"
"20mm Bubblegum Bead","mixes-bundles-kits","ACR-PURSPRNKL-20MM-5PK","ACR-PURSPRNKL-20MM-1PK","5"
"Acrylic Flatback","charms-dangles","FLB-SHKRSNWGLB-5PK","FLB-SHKRSNWGLB-1PK","5"
"Fancy Rhine tone Bead","rhinestone-beads","ACC-FNCY-UVBLU-BUTT-5PK","ACC-FNCY-UVBLU-BUTT-1PK","5"
"Beadable Pen Packaging Bag  for  mall Bu ine","beadable-products","ACC-PCKG-HLOPNK-50PK","ACC-PCKG-HLOPNK-1PK","50"
"Patriotic Bead","focal-beads","FOC-PAT-MRCNBTS-5PK","FOC-PAT-MRCNBTS-1PK","5"
"20mm Bead","rhinestone-beads","RHNST-WHT-20MM-2PK","RHNST-WHT-20MM-1PK","2"
"16mm Bead","acrylic","ACR-16MM-PSTL-LTBLU-10PK","ACR-16MM-PSTL-LTBLU-1PK","10"
"20mm Bubblegum Bead","mixes-bundles-kits","ACR-TRCRMJNK-20MM-10PK","ACR-TRCRMJNK-20MM-1PK","10"
"Beaded Pen Blank","beadable-pen-blanks","PEN-SOL-GLTSHNPUR-5PK","PEN-SOL-GLTSHNPUR-1PK","5"
"Camper Bead","focal-beads","FOC-VEH-CMPR-PNK-5PK","FOC-VEH-CMPR-PNK-1PK","5"
"C","silicone","SIL15-PRNT-JESUS-5PK","SIL15-PRNT-JESUS-1PK","5"
"20mm Bead","charms-dangles","RHNST-REDGRN-20MM-2PK","RHNST-REDGRN-20MM-1PK","2"
"Halloween Bead","uncategorized","SIL15-PRNT-HLLWNCNDYCRN-10PK","SIL15-PRNT-HLLWNCNDYCRN-1PK","10"
"20mm Bubblegum Bead","mixes-bundles-kits","ACR-PNKCWPRNT-20MM-10PK","ACR-PNKCWPRNT-20MM-1PK","10"
"Flamingo Bead","focal-beads","FOC-HAL-PMPKNGHST-5PK","FOC-HAL-PMPKNGHST-1PK","5"
"Funny Phra e  Bead","focal-beads","FOC-ADT-BTCHDNT-5PK","FOC-ADT-BTCHDNT-1PK","5"
"illy Goo e Flatback","acrylic-flatbacks","FLB-PNKGSSLOOS-5PK","FLB-PNKGSSLOOS-1PK","5"
"ilicone Round Bead","spacers-accessories","SIL-15MM-LTPUR-10PK","SIL-15MM-LTPUR-1PK","10"
"Beaded Pen Blank","beadable-pen-blanks","PEN-CHR-PNKCHR-5PK","PEN-CHR-PNKCHR-1PK","5"
"20mm Bubblegum Bead","mixes-bundles-kits","ACR-WHTSPDRWB-20MM-10PK","ACR-WHTSPDRWB-20MM-1PK","10"
"16mm E pre o Pearl Bead","acrylic","ACR-16MM-PRL-ESPRSSO-5PK","ACR-16MM-PRL-ESPRSSO-1PK","5"
"Beadable Garden Tool  et","beadable-products","GRDN-RED-4PK","GRDN-RED-1PK","4"
"pooky Bead","focal-beads","FOC-HAL-PURSPKY-5PK","FOC-HAL-PURSPKY-1PK","5"
"Acrylic Flatback","charms-dangles","FLB-OFFCMNGR-5PK","FLB-OFFCMNGR-1PK","5"
"Large Hole  pacer","spacers-accessories","ACC-FRRY-PNK-5PK","ACC-FRRY-PNK-1PK","5"
"Pencil Bead","focal-beads","FOC-SCH-PNCL-KNDR-5PK","FOC-SCH-PNCL-KNDR-1PK","5"
"12mm Gem  pacer","rhinestone-beads","ACC-GEM-GLDSLV-12MM-10PK","ACC-GEM-GLDSLV-12MM-1PK","10"
"F","mixes-bundles-kits","ACR-16MM-FRSTD-PUR-10PK","ACR-16MM-FRSTD-PUR-1PK","10"
"16mm Gold Flake Acrylic Bead","spacers-accessories","ACR-PNK-GF-16-10PK","ACR-PNK-GF-16-10PK","10"
"Acrylic Flatback","charms-dangles","FLB-SCLWRKFLWR-5PK","FLB-SCLWRKFLWR-1PK","5"
"Black Bead","silicone","SIL15-PRNT-BLKPOLK-5PK","SIL15-PRNT-BLKPOLK-1PK","5"
"E","charms-dangles","FOC-HOL-HPPYESTRNW-5PK","FOC-HOL-HPPYESTRNW-1PK","5"
"20mm Bead","rhinestone-beads","RHNST-DKPNK-20MM-5PK","RHNST-DKPNK-20MM-1PK","5"
"14mm Rhine tone Bead","rhinestone-beads","RHNST-BLU-14MM-10PK","RHNST-BLU-14MM-1PK","10"
"20mm White Rhine tone  wirl Bead","rhinestone-beads","RHNST-SWRL-WHTDKPUR-5PK","RHNST-SWRL-WHTDKPUR-1PK","5"
"Large Hole  pacer","spacers-accessories","ACC-FRRY-YEL-5PK","ACC-FRRY-YEL-1PK","5"
"Patriotic Highland Cow Focal Bead","focal-beads","FOC-PAT-MRCNDKBRN-5PK","FOC-PAT-MRCNDKBRN-1PK","5"
"16mm Bead","spacers-accessories","ACR-16MM-BLKYEL-SPRL-5PK","ACR-16MM-BLKYEL-SPRL-1PK","5"
"3D Chri tian Focal Bead","focal-beads","FOC-3D-RELIGIOUSMIX-4PK","FOC-3D-RELIGIOUSMIX-4PK","4"
"keleton Bead","focal-beads","FOC-HAL-REDCFFEE-5PK","FOC-HAL-REDCFFEE-1PK","5"
"port  Bead","focal-beads","FOC-SPT-DNCEMOM-5PK","FOC-SPT-DNCEMOM-1PK","5"
"Large Hole  pacer","spacers-accessories","ACC-CRCKD-GRY-5PK","ACC-CRCKD-GRY-1PK","5"
"Acrylic  tar Charm","charms-dangles","ACC-CHRM-WHTSTR-5PK","ACC-CHRM-WHTSTR-1PK","5"
"20mm Bubblegum Bead","charms-dangles","ACR-SCCRMIX-20MM-5PK","ACR-SCCRMIX-20MM-1PK","5"
"Rainbow Bead","focal-beads","FOC-SPR-PNKRNBW-5PK","FOC-SPR-PNKRNBW-1PK","5"
"20mm Acrylic Bead","mixes-bundles-kits","ACR-20MM-SHIM-DKBLU-10PK","ACR-20MM-SHIM-DKBLU-1PK","10"
"20mm  olid Lime Green Bead","acrylic","ACR-20MM-SLD-LMGRN-5PK","ACR-20MM-SLD-LMGRN-1PK","5"
"Bingo Focal  ilicone Bead","focal-beads","FOC-REC-REDBNGO-5PK","FOC-REC-REDBNGO-1PK","5"
"20mm Bandana Acrylic Bead","mixes-bundles-kits","ACR-20MM-BNDNA-YEL-10PK","ACR-20MM-BNDNA-YEL-1PK","10"
"16mm Gold Flake Acrylic Bead","spacers-accessories","ACR-PUR-GF-16-5PK","ACR-PUR-GF-16-5PK","5"
"16mm Crochet Bead","spacers-accessories","ACC-CRCHT-DKYEL-10PK","ACC-CRCHT-DKYEL-1PK","10"
"tar  &  tripe Bead","uncategorized","SIL15-PRNT-MRCNFLG2-10PK","SIL15-PRNT-MRCNFLG2-1PK","10"
"10mm Wide Hole Gem  pacer","rhinestone-beads","ACC-GEM-WDHL-IRID-10PK","ACC-GEM-WDHL-IRID-1PK","10"
"Acrylic Flatback","charms-dangles","FLB-BUTTFLYOK-5PK","FLB-BUTTFLYOK-1PK","5"
"20mm  olid Dark Grey Bead","acrylic","ACR-20MM-SLD-DKGRY-25PK","ACR-20MM-SLD-DKGRY-1PK","25"
"Acrylic Flatback","charms-dangles","FLB-DADNTL-5PK","FLB-DADNTL-1PK","5"
"3D Bead Penguin Bead","charms-dangles","FOC-XMS-3D-GNGRBRD-5PK","FOC-XMS-3D-GNGRBRD-1PK","5"
"Acrylic Flatback","charms-dangles","FLB-TRUCRIM-5PK","FLB-TRUCRIM-1PK","5"
"Large Hole Rhine tone  pacer","rhinestone-beads","ACC-RHNST-YEL-10PK","ACC-RHNST-YEL-1PK","10"
"16mm Bead","mixes-bundles-kits","ACR-16MM-METAL-MIX-10PK","ACR-16MM-METAL-MIX-10PK","10"
"Silicone Summer Green Spacer Beads Round Abacus Lentil Beads 12mm 14mm 15mm for Beadable Pens Keychains DIY Crafts Bulk 5pc 10pc","spacers-accessories","SIL-LENT-SMMRGRN-10PK","SIL-LENT-SMMRGRN-1PK","10"
"20mm  olid Bright Yellow Bead","acrylic","ACR-20MM-SLD-BRGHTYEL-5PK","ACR-20MM-SLD-BRGHTYEL-1PK","5"
"Funny Bead","charms-dangles","FOC-XMS-ODEER-5PK","FOC-XMS-ODEER-1PK","5"
"Beadable Pen Packaging Bag  for  mall Bu ine","beadable-products","ACC-PCKG-HLOPNK-20PK","ACC-PCKG-HLOPNK-1PK","20"
"20mm Bandana Acrylic Bead","mixes-bundles-kits","ACR-20MM-BNDNA-MIX-20PK","ACR-20MM-BNDNA-MIX-20PK","20"
"Fire Helmet Bead","focal-beads","FOC-PAT-FRHLMT-RED-5PK","FOC-PAT-FRHLMT-RED-1PK","5"
"20mm White Rhine tone  wirl Bead","rhinestone-beads","RHNST-SWRL-WHTHTPNK-10PK","RHNST-SWRL-WHTHTPNK-1PK","10"
"20mm Bubblegum Bead","mixes-bundles-kits","ACR-CRMSCNE-20MM-10PK","ACR-CRMSCNE-20MM-1PK","10"
"Glitter Bead","uncategorized","SIL15-GLTTRORG-5PK","SIL15-GLTTRORG-1PK","5"
"3D Bead Gho t Bead","focal-beads","FOC-HAL-3D-PURGHST-5PK","FOC-HAL-3D-PURGHST-1PK","5"
"Fancy Rhine tone Bead","rhinestone-beads","ACC-FNCY-UVLKBLU-HRT-5PK","ACC-FNCY-UVLKBLU-HRT-1PK","5"
"20mm Ea ter Truck Acrylic Bead","acrylic","ACR-ESTRCK-20MM-10PK","ACR-ESTRCK-20MM-1PK","10"
"Silicone Hot Pink Spacer Beads Round Abacus Lentil Beads 12mm 14mm 15mm for Beadable Pens Keychains DIY Crafts Bulk 5pc 10pc","spacers-accessories","SIL-LENT-HTPNK-10PK","SIL-LENT-HTPNK-1PK","10"
"keleton Bead","focal-beads","FOC-HAL-ORGCFFEE-5PK","FOC-HAL-ORGCFFEE-1PK","5"
"3D Ba eball Cheer Focal Bead","focal-beads","FOC-SPT-3D-CHEERUNFRM-5PK","FOC-SPT-3D-CHEERUNFRM-1PK","5"
"Beaded Pen Blank","beadable-pen-blanks","PEN-SOL-LTORG-10PK","PEN-SOL-LTORG-1PK","10"
"3D Bead  ilicone Focal Bead","charms-dangles","FOC-SPR-3D-STAR-5PK","FOC-SPR-3D-STAR-1PK","5"
"20mm Bubblegum Bead","mixes-bundles-kits","ACR-BDMTTN-20MM-5PK","ACR-BDMTTN-20MM-1PK","5"
"Beadable Garden Tool  et","beadable-products","GRDN-BLU-2PK","GRDN-BLU-1PK","2"
"Large Hole  pacer","spacers-accessories","ACC-CRCKD-YEL-10PK","ACC-CRCKD-YEL-1PK","10"
"Dump Truck Bead","focal-beads","FOC-VEH-DUMP-GRN-5PK","FOC-VEH-DUMP-GRN-1PK","5"
"20mm Bubblegum Bead","mixes-bundles-kits","ACR-BSKTBLL-20MM-10PK","ACR-BSKTBLL-20MM-1PK","10"
"Cro  Bead","focal-beads","FOC-MSC-PNKFLWRCRSS-5PK","FOC-MSC-PNKFLWRCRSS-1PK","5"
"16mm Bead","acrylic","ACR-16MM-UVAB-DKPNK-10PK","ACR-16MM-UVAB-DKPNK-1PK","10"
"20mm  olid Lime Green Bead","acrylic","ACR-20MM-SLD-LMGRN-10PK","ACR-20MM-SLD-LMGRN-1PK","10"
"Crochet Bead","focal-beads","FOC-REC-HNDMDLVE-5PK","FOC-REC-HNDMDLVE-1PK","5"
"Beaded Pen Blank","beadable-pen-blanks","PEN-SOL-BLK-10PK","PEN-SOL-BLK-1PK","10"
"ticker Heart Beadable Cup Charm Blank","beadable-products","BLK-STCKR-HRT-KYCHN-HTPNK-5PK","BLK-STCKR-HRT-KYCHN-HTPNK-1PK","5"
"16mm Bead","acrylic","ACR-16MM-PSTL-DKCRL-25PK","ACR-16MM-PSTL-DKCRL-1PK","25"
"illy Goo e Flatback","acrylic-flatbacks","FLB-WHTGSSLOOS-5PK","FLB-WHTGSSLOOS-1PK","5"
"3D Puppy  ilicone Focal Bead","focal-beads","FOC-ANI-3D-ROTWLR-5PK","FOC-ANI-3D-ROTWLR-1PK","5"
"ilicone Round Bead","focal-beads","SIL-12MM-BBYPNK-10PK","SIL-12MM-BBYPNK-1PK","10"
"Cow Bead","focal-beads","FOC-ANI-CTBSKT-5PK","FOC-ANI-CTBSKT-1PK","5"
"Wear Pink Bead","focal-beads","FOC-MSC-WHREPNK-5PK","FOC-MSC-WHREPNK-1PK","5"
"14mm Rhine tone","rhinestone-beads","RHNST-DKGRN-14MM-5PK","RHNST-DKGRN-14MM-1PK","5"
"Retro Flower Bead","silicone","SIL15-PRNT-RTRFLWR-5PK","SIL15-PRNT-RTRFLWR-1PK","5"
"Marijuana Bead","focal-beads","FOC-ADT-BYMYSLFFLWR-5PK","FOC-ADT-BYMYSLFFLWR-1PK","5"
"Large Hole  pacer","spacers-accessories","ACC-MRBLE-AQUA-25PK","ACC-MRBLE-AQUA-1PK","25"
"20mm Bubblegum Bead","mixes-bundles-kits","ACR-BSBLL-20MM-5PK","ACR-BSBLL-20MM-1PK","5"
"20mm Acrylic Bead","mixes-bundles-kits","ACR-20MM-GLTTR-LTPNK-10PK","ACR-20MM-GLTTR-LTPNK-10PK","10"
"Fluffy Bead Pen Blank","beadable-pen-blanks","PEN-FLUFF-GRY-5PK","PEN-FLUFF-GRY-1PK","5"
"20mm Bubblegum Bead","mixes-bundles-kits","ACR-BLUBCHBLL-20MM-10PK","ACR-BLUBCHBLL-20MM-1PK","10"
"Acrylic Flatback","charms-dangles","FLB-LVSXMAS-5PK","FLB-LVSXMAS-1PK","5"
"Glitter Bead","silicone","SIL15-PRNT-CWGLTTR-10PK","SIL15-PRNT-CWGLTTR-1PK","10"
"Wine  topper","beadable-products","BLK-WNSTPPR-MIX-11PK","BLK-WNSTPPR-MIX-11PK","11"
"Beaded Pen Blank","beadable-pen-blanks","PEN-CHR-SLV-5PK","PEN-CHR-SLV-1PK","5"
"20mm  pider Web Bead","acrylic","ACR-20MM-WHTBLKSPDER-5PK","ACR-20MM-WHTBLKSPDER-1PK","5"
"Beaded Pen Blank","beadable-pen-blanks","PEN-SOL-GLD-10PK","PEN-SOL-GLD-1PK","10"
"16mm Bead","acrylic","ACR-16MM-UVAB-MNTGRN-25PK","ACR-16MM-UVAB-MNTGRN-1PK","25"
"20mm Bubblegum Bead","mixes-bundles-kits","ACR-GRNBCHBLL-20MM-10PK","ACR-GRNBCHBLL-20MM-1PK","10"
"16mm Bead","spacers-accessories","ACR-16MM-YEL-SPRL-10PK","ACR-16MM-YEL-SPRL-1PK","10"
"Acrylic Flatback","charms-dangles","FLB-EVRYTHNGFNCT-5PK","FLB-EVRYTHNGFNCT-1PK","5"
"Badge Reel","beadable-products","BLK-BDRL-CLIP-DKTEAL-3PK","BLK-BDRL-CLIP-DKTEAL-1PK","3"
"16mm Bead","rhinestone-beads","RHNST-ABCMIX-16MM-10PK","RHNST-ABCMIX-16MM-1PK","10"
"16mm Bead","spacers-accessories","ACR-16MM-RED-SPRL-20PK","ACR-16MM-RED-SPRL-1PK","20"
"Printed Bead 15mm Round Bead","uncategorized","SIL15-PRNT-GNGRMAN-10PK","SIL15-PRNT-GNGRMAN-1PK","10"
"10mm Wide Hole Gem  pacer","rhinestone-beads","ACC-GEM-WDHL-AQUMR-10PK","ACC-GEM-WDHL-AQUMR-1PK","10"
"Large Hole  pacer","spacers-accessories","ACC-FRRY-WHT-5PK","ACC-FRRY-WHT-1PK","5"
"3D Bead  t. Patrick'  Day Bead","focal-beads","FOC-HOL-3D-SMLLPT-5PK","FOC-HOL-3D-SMLLPT-1PK","5"
"Ea ter Bead","charms-dangles","FOC-HOL-3D-BBYCHCK-5PK","FOC-HOL-3D-BBYCHCK-1PK","5"
"Acrylic Flatback","charms-dangles","FLB-XMASTREE-5PK","FLB-XMASTREE-1PK","5"
"3D Police Focal Bead","charms-dangles","FOC-OCC-3D-BLUNFRM-5PK","FOC-OCC-3D-BLUNFRM-1PK","5"
"20mm Bubblegum Bead","acrylic","ACR-GRNSWRL-20MM-10PK","ACR-GRNSWRL-20MM-1PK","10"
"Printed Bead 15mm Round Bead","uncategorized","SIL15-PRNT-CNDYCN-5PK","SIL15-PRNT-CNDYCN-1PK","5"
"Teach Love In pire Focal Bead","focal-beads","FOC-SCH-TCHLVINSP-5PK","FOC-SCH-TCHLVINSP-1PK","5"
"Candy Bead","focal-beads","FOC-XMS-YELCNDY-5PK","FOC-XMS-YELCNDY-1PK","5"
"Large Hole Rhine tone  pacer","rhinestone-beads","ACC-RHNST-GRN-10PK","ACC-RHNST-GRN-1PK","10"
"12mm Bead","mixes-bundles-kits","ACR-12BLOCK-RDMRYSNFLK-10PK","ACR-12BLOCK-RDMRYSNFLK-1PK","10"
"3D Gho t Focal Bead","focal-beads","FOC-3D-HAL-BATGHST-5PK","FOC-3D-HAL-BATGHST-1PK","5"
"Purple Bead Mix","mixes-bundles-kits","ACR-PURMIXNEW-20MM-5PK","ACR-PURMIXNEW-20MM-1PK","5"
"t. Patrick'  Day Bead","focal-beads","FOC-HOL-LCKYRNBW-5PK","FOC-HOL-LCKYRNBW-1PK","5"
"Printed Bead 15mm Round Bead","uncategorized","SIL15-PRNT-ANTLERS-10PK","SIL15-PRNT-ANTLERS-1PK","10"
"16mm Acrylic Bead","acrylic","ACR-16MM-SHIM-GRN-20PK","ACR-16MM-SHIM-GRN-1PK","20"
"Acrylic  tar Charm","charms-dangles","ACC-CHRM-PNKSTR-5PK","ACC-CHRM-PNKSTR-1PK","5"
"15mm  ilicone Bead Mix","mixes-bundles-kits","SIL-15MM-MIX-50PC","SIL-15MM-MIX-50PC","50"
"U A Bead","uncategorized","SIL-PRNT-15MM-USA-10PK","SIL-PRNT-15MM-USA-1PK","10"
"16mm Gold Flake Acrylic Bead","spacers-accessories","ACR-PNK-GF-16-5PK","ACR-PNK-GF-16-5PK","5"
"20mm Bead","mixes-bundles-kits","ACR-20MM-METAL-DKBLU-10PK","ACR-20MM-METAL-DKBLU-1PK","10"
"16mm Ocean Blue Rhine tone Bead","rhinestone-beads","RHNST-OCNBLU-16MM-5PK","RHNST-OCNBLU-16MM-1PK","5"
"3D Coffee  ilicone Focal Bead","focal-beads","FOC-3D-PWPRNTCFFEECUP-5PK","FOC-3D-PWPRNTCFFEECUP-1PK","5"
"Fancy Rhine tone Bead","rhinestone-beads","ACC-FNCY-UVLTBLU-BUTT-5PK","ACC-FNCY-UVLTBLU-BUTT-1PK","5"
"ilicone Round Bead","focal-beads","SIL-LENT-BLK-10PK","SIL-LENT-BLK-1PK","10"
"Beaded Pen Blank","beadable-pen-blanks","PEN-SOL-BRTYEL-10PK","PEN-SOL-BRTYEL-1PK","10"
"3D Coffee Cup Bead","focal-beads","FOC-FOD-3DUGHCP-5PK","FOC-FOD-3DUGHCP-1PK","5"
"t. Patrick'  Day Bead","focal-beads","FOC-HOL-SHMRCKNRLL-5PK","FOC-HOL-SHMRCKNRLL-1PK","5"
"Large Hole Rhine tone  pacer","rhinestone-beads","ACC-RHNST-RED-10PK","ACC-RHNST-RED-1PK","10"
"Acrylic Flatback","charms-dangles","FLB-GNMTTRWHT-5PK","FLB-GNMTTRWHT-1PK","5"
"Beadable Bar Keychain","beadable-products","BLK-KEY-CLR-LTPNK-5PK","BLK-KEY-CLR-LTPNK-1PK","5"
"Acrylic Flatback","charms-dangles","FLB-UNSPRVSD-5PK","FLB-UNSPRVSD-1PK","5"
"Acrylic Flatback","charms-dangles","FLB-WRKHERE-5PK","FLB-WRKHERE-1PK","5"
"18mm Marbled Pumpkin XL Hole Bead","acrylic","ACR-18MM-TEALMRBL-PMKN-5PK","ACR-18MM-TEALMRBL-PMKN-1PK","5"
"Acrylic Flatback","charms-dangles","FLB-MRJNA-5PK","FLB-MRJNA-1PK","5"
"16mm Bead","acrylic","ACR-16MM-UVAB-LTPUR-10PK","ACR-16MM-UVAB-LTPUR-1PK","10"
"F","focal-beads","FOC-SAR-SHTHPPNS-5PK","FOC-SAR-SHTHPPNS-1PK","5"
"10mm Wide Hole Gem  pacer","rhinestone-beads","ACC-GEM-WDHL-BLU-10PK","ACC-GEM-WDHL-BLU-1PK","10"
"15mm Bead","silicone","SIL15-PRNT-GRNGRCH-10PK","SIL15-PRNT-GRNGRCH-1PK","10"
"Patriotic Bead","focal-beads","FOC-PAT-MRCNGLSS-5PK","FOC-PAT-MRCNGLSS-1PK","5"
"3D Bead Jellyfi h Bead","focal-beads","FOC-ANI-3D-JLLYFSHBW-5PK","FOC-ANI-3D-JLLYFSHBW-1PK","5"
"port  Bead","focal-beads","FOC-SPT-BSKTBLLBW-5PK","FOC-SPT-BSKTBLLBW-1PK","5"
"Chao  Coordinator Badge Reel Topper Pink","acrylic-flatbacks","FLB-CHSCRDNTRPNK-5PK","FLB-CHSCRDNTRPNK-1PK","5"
"M","clearance-section","CLEARANCE-SLDCLR-MSSGRN-10PK","CLEARANCE-SLDCLR-MSSGRN-10PK","10"
"65mm Printed  ilicone Ring","focal-beads","ACC-RNGBLKPLD-5PK","ACC-RNGBLKPLD-1PK","5"
"mall Ro e Bead","focal-beads","FOC-SPR-SMRSE-5PK","FOC-SPR-SMRSE-1PK","5"
"20mm Bubblegum Bead","acrylic","ACR-ABC123-20MM-20PK","ACR-ABC123-20MM-1PK","20"
"Beaded Pen Blank","beadable-pen-blanks","PEN-SOL-CAMGRN-10PK","PEN-SOL-CAMGRN-1PK","10"
"Adult Humor Bead","focal-beads","FOC-ADT-SLTYBTCH-5PK","FOC-ADT-SLTYBTCH-1PK","5"
"U A Flag Bead","silicone","SIL15-PRNT-MRCNFLG-10PK","SIL15-PRNT-MRCNFLG-1PK","10"
"mall Flower Bead","focal-beads","FOC-SPR-SMSNFLWR-5PK","FOC-SPR-SMSNFLWR-1PK","5"
"20mm Bubblegum Bead","mixes-bundles-kits","ACR-XMASSPRNKLS-20MM-10PK","ACR-XMASSPRNKLS-20MM-1PK","10"
"16mm Rhine tone Bead","rhinestone-beads","RHNST-RED-16MM-5PK","RHNST-RED-16MM-1PK","5"
"Never Give Up Bead","focal-beads","FOC-MSC-NVRGVUP-5PK","FOC-MSC-NVRGVUP-1PK","5"
"Acrylic Flatback","charms-dangles","FLB-TLKTMCH-5PK","FLB-TLKTMCH-1PK","5"
"20mm  olid Dark Grey Bead","acrylic","ACR-20MM-SLD-DKGRY-10PK","ACR-20MM-SLD-DKGRY-1PK","10"
"C","mixes-bundles-kits","SIL15-PRNT-CATS-5PK","SIL15-PRNT-CATS-1PK","5"
"Love i  Love Bead","focal-beads","FOC-FAM-LVEISLVE-5PK","FOC-FAM-LVEISLVE-1PK","5"
"Yellow Duck Bead","uncategorized","SIL15-PRNT-YELDCK-10PK","SIL15-PRNT-YELDCK-1PK","10"
"Chri tma   ilicone Jar Focal Bead","focal-beads","HAL-3D-JR-SNWMAN-5PK","HAL-3D-JR-SNWMAN-1PK","5"
"Bunny Rabbit Bead","focal-beads","FOC-ANI-LTBLU-BNNY-5PK","FOC-ANI-LTBLU-BNNY-1PK","5"
"3","focal-beads","HAL-3D-JR-PNKGHST-5PK","HAL-3D-JR-PNKGHST-1PK","5"
"3D Puppy  ilicone Focal Bead","focal-beads","FOC-ANI-3D-DOGMIX-5PK","FOC-ANI-3D-DOGMIX-5PK","5"
"3D Bead Reindeer Bead","charms-dangles","FOC-XMS-3D-SNTACP-5PK","FOC-XMS-3D-SNTACP-1PK","5"
"Mu ic Note Bead","focal-beads","FOC-REC-MSCNOTE-5PK","FOC-REC-MSCNOTE-1PK","5"
"Retired Bead","focal-beads","FOC-OCC-RETIRED-5PK","FOC-OCC-RETIRED-1PK","5"
"16mm Crochet Bead","spacers-accessories","ACC-CRCHT-GRN-10PK","ACC-CRCHT-GRN-1PK","10"
"Acrylic Flatback","charms-dangles","FLB-HSBNDNRV-5PK","FLB-HSBNDNRV-1PK","5"
"Badge Reel","beadable-products","BLK-BDRL-CLIP-BLU-3PK","BLK-BDRL-CLIP-BLU-1PK","3"
"Fueled by Coffee Bead","charms-dangles","FOC-FOD-FLDCFFEEWHT-5PK","FOC-FOD-FLDCFFEEWHT-1PK","5"
"Gnome Bead","focal-beads","FOC-HAL-PSNPMKN-5PK","FOC-HAL-PSNPMKN-1PK","5"
"16mm Gold Flake Acrylic Bead","spacers-accessories","ACR-BLU-GF-16-5PK","ACR-BLU-GF-16-5PK","5"
"3","charms-dangles","FOC-ANI-3D-SEATRTLE-5PK","FOC-ANI-3D-SEATRTLE-1PK","5"
"t. Patrick'  Day Bead","focal-beads","FOC-HOL-PTGLDRNBW-5PK","FOC-HOL-PTGLDRNBW-1PK","5"
"Boujee Heifer Bead","focal-beads","FOC-SAR-BGHEIFR-5PK","FOC-SAR-BGHEIFR-1PK","5"
"ticker Heart Beadable Cup Charm Blank","beadable-products","BLK-STCKR-HRT-KYCHN-DKBLU-5PK","BLK-STCKR-HRT-KYCHN-DKBLU-1PK","5"
"ticker Heart Beadable Cup Charm Blank","beadable-products","BLK-STCKR-HRT-KYCHN-RED-5PK","BLK-STCKR-HRT-KYCHN-RED-1PK","5"
"3D Bead Doctor Bead","focal-beads","FOC-PAT-3D-DCTRJCKT-5PK","FOC-PAT-3D-DCTRJCKT-1PK","5"
"Cow Bead","focal-beads","FOC-ANI-HGHLNDCWBSKT-5PK","FOC-ANI-HGHLNDCWBSKT-1PK","5"
"Cheer Bead","focal-beads","FOC-SPT-CHEER-5PK","FOC-SPT-CHEER-1PK","5"
"Beadable Bar Keychain","beadable-products","BLK-KEY-CLR-ORG-5PK","BLK-KEY-CLR-ORG-1PK","5"
"Beaded Pen Blank","beadable-pen-blanks","PEN-SOL-METGRN-5PK","PEN-SOL-METGRN-1PK","5"
"16mm Acrylic Bead","mixes-bundles-kits","ACR-16MM-SHIM-PUR-10PK","ACR-16MM-SHIM-PUR-1PK","10"
"3D Bead Deer Bead","focal-beads","FOC-ANI-3D-DEER-5PK","FOC-ANI-3D-DEER-1PK","5"
"Pot Leaf Bead","uncategorized","SIL15-PRNT-POTMIX-5PK","SIL15-PRNT-POTMIX-1PK","5"
"Campfire Bead","focal-beads","FOC-REC-CMPNG-5PK","FOC-REC-CMPNG-1PK","5"
"Printed Faux Leather Ta el","charms-dangles","ACC-PRNTTSSL-LTBWNCH-5PK","ACC-PRNTTSSL-LTBWNCH-1PK","5"
"Penguin Bead","focal-beads","FOC-ANI-REDSCRFPNG-5PK","FOC-ANI-REDSCRFPNG-1PK","5"
"16mm Crime  cene Acrylic Bead","acrylic","ACR-16MM-CRMSCNE-20PK","ACR-16MM-CRMSCNE-1PK","20"
"Pot Leaf Bead","uncategorized","SIL15-PRNT-POTMIX-10PK","SIL15-PRNT-POTMIX-1PK","10"
"Ugly  weater Bead","charms-dangles","FOC-XMS-GNGRSWTR-5PK","FOC-XMS-GNGRSWTR-1PK","5"
"20mm Rhine tone Bead","rhinestone-beads","RHNST-SPRLRYLBLUSLV-20MM-5PK","RHNST-SPRLRYLBLUSLV-20MM-1PK","5"
"M","silicone","SIL15-PRNT-LTGRNMTTLC-5PK","SIL15-PRNT-LTGRNMTTLC-1PK","5"
"Flower  ilicone Bead Bundle","mixes-bundles-kits","BEAD-BNDL-RTROFLWR-30PK","BEAD-BNDL-RTROFLWR-30PK","30"
"Funny Femini t Flatback Men Opinion  De ign","acrylic-flatbacks","FLB-MNSOPNNS-5PK","FLB-MNSOPNNS-1PK","5"
"Puzzle Lover Flatback Cabochon","acrylic-flatbacks","FLB-PUZZLOVRS-5PK","FLB-PUZZLOVRS-1PK","5"
"Large Hole  pacer","spacers-accessories","ACC-FRRY-DKBLU-25PK","ACC-FRRY-DKBLU-1PK","25"
"Rhine tone Butterfly  pacer Bead","rhinestone-beads","ACC-FNCY-YEL-BUTT-5PK","ACC-FNCY-YEL-BUTT-1PK","5"
"10mm Sports Bead","spacers-accessories","ACR-10MM-SPRTS-BSKTBLL-50PK","ACR-10MM-SPRTS-BSKTBLL-1PK","50"
"16mm Bead","acrylic","ACR-16MM-PSTL-BLU-10PK","ACR-16MM-PSTL-BLU-1PK","10"
"Bee Bead","focal-beads","FOC-ANI-HNYBEE-5PK","FOC-ANI-HNYBEE-1PK","5"
"Beadable Garden Tool  et","beadable-products","GRDN-TEAL-4PK","GRDN-TEAL-1PK","4"
"Large Hole  pacer","spacers-accessories","ACC-MRBLE-BLK-5PK","ACC-MRBLE-BLK-1PK","5"
"Big Flower Bead","focal-beads","FOC-SPR-BGPURFLWR-5PK","FOC-SPR-BGPURFLWR-1PK","5"
"20mm White Rhine tone  wirl Bead","rhinestone-beads","RHNST-SWRL-WHTHTPNK-2PK","RHNST-SWRL-WHTHTPNK-1PK","2"
"8 Ball Acrylic Bead","acrylic","ACR-16MM-8BLL-5PK","ACR-16MM-8BLL-1PK","5"
"anta Bead","focal-beads","FOC-XMS-CLSSCSNTA-5PK","FOC-XMS-CLSSCSNTA-1PK","5"
"20mm Bubblegum Bead","mixes-bundles-kits","ACR-REDBCHBLL-20MM-10PK","ACR-REDBCHBLL-20MM-1PK","10"
"Cow Print Bead","uncategorized","SIL15-PRNT-TELCOWPRNT-5PK","SIL15-PRNT-TELCOWPRNT-1PK","5"
"ilicone Round Bead","spacers-accessories","SIL-LENT-NAVJWHT-10PK","SIL-LENT-NAVJWHT-1PK","10"
"Toa t Focal Bead","focal-beads","FOC-FOD-PNKTOST-5PK","FOC-FOD-PNKTOST-1PK","5"
"Beadable Keychain","beadable-products","BLK-KEY-REG-RSGLD-5PK","BLK-KEY-REG-RSGLD-1PK","5"
"3D Bead","focal-beads","FOC-SPR-BLK-PLNT-5PK","FOC-SPR-BLK-PLNT-1PK","5"
"Printed  ilicone Round Bead","silicone","SIL15-PRNT-CLVR-5PK","SIL15-PRNT-CLVR-1PK","5"
"20mm Bubblegum Bead","acrylic","ACR-SPKYVBS-20MM-5PK","ACR-SPKYVBS-20MM-1PK","5"
"3D Bead Kitty Cat Bead","focal-beads","FOC-ANI-3D-WHTKTTY-5PK","FOC-ANI-3D-WHTKTTY-1PK","5"
"Beadable Keychain Blank","beadable-products","BLK-KYCHN-STAR-RED-5PK","BLK-KYCHN-STAR-RED-1PK","5"
"20mm Ea ter Truck Acrylic Bead","acrylic","ACR-ESTRCK-20MM-20PK","ACR-ESTRCK-20MM-1PK","20"
"16mm Bead","spacers-accessories","ACR-16MM-BLK-SPRL-5PK","ACR-16MM-BLK-SPRL-1PK","5"
"Beadable Keychain","beadable-products","BLK-KEY-REG-GLD-5PK","BLK-KEY-REG-GLD-1PK","5"
"Galaxy Wavy  pacer Bead","spacers-accessories","ACC-WAVY-GALAXY-10PK","ACC-WAVY-GALAXY-1PK","10"
"P","focal-beads","FOC-PAT-CRCLEAGLE-5PK","FOC-PAT-CRCLEAGLE-1PK","5"
"3","focal-beads","HAL-3D-JR-WHTGHST-5PK","HAL-3D-JR-WHTGHST-1PK","5"
"Glitter Ea ter Acrylic Flatback","acrylic-flatbacks","FLB-HOL-ESTRGNME-5PK","FLB-HOL-ESTRGNME-1PK","5"
"F","mixes-bundles-kits","ACR-16MM-FRSTD-GRN-25PK","ACR-16MM-FRSTD-GRN-1PK","25"
"Large Hole  pacer","spacers-accessories","ACC-CRCKD-GRY-25PK","ACC-CRCKD-GRY-1PK","25"
"Beaded Pen Blank","beadable-pen-blanks","PEN-OMB-ORG-5PK","PEN-OMB-ORG-1PK","5"
"20mm Bubblegum Bead","mixes-bundles-kits","ACR-BLKBCHBLL-20MM-5PK","ACR-BLKBCHBLL-20MM-1PK","5"
"Acrylic Flatback","charms-dangles","FLB-PHLEBVEIN-5PK","FLB-PHLEBVEIN-1PK","5"
"ilicone Round Bead","focal-beads","SIL-ABA-DKRED-5PK","SIL-ABA-DKRED-1PK","5"
"ilicone Round Bead","focal-beads","SIL-12MM-LTTEAL-10PK","SIL-12MM-LTTEAL-1PK","10"
"16mm Bead","rhinestone-beads","RHNST-XMASMIX-16MM-2PK","RHNST-XMASMIX-16MM-1PK","2"
"3D Bead Cupcake Bead","charms-dangles","FOC-FOD-3D-CPCKPNK-5PK","FOC-FOD-3D-CPCKPNK-1PK","5"
"Large Hole  pacer","spacers-accessories","ACC-FRRY-ORG-10PK","ACC-FRRY-ORG-1PK","10"
"Floating on the River Bead","focal-beads","FOC-ADT-FLTNGRVR-5PK","FOC-ADT-FLTNGRVR-1PK","5"
"10mm Sports Bead","spacers-accessories","ACR-10MM-SPRTS-FTBLL-100PK","ACR-10MM-SPRTS-FTBLL-1PK","100"
"M","mixes-bundles-kits","SIL15-PRNT-PNKMRBL-10PK","SIL15-PRNT-PNKMRBL-1PK","10"
"20mm  olid Dark Red Bead","acrylic","ACR-20MM-SLD-DKRED-5PK","ACR-20MM-SLD-DKRED-1PK","5"
"M","silicone","SIL15-PRNT-LTPNKMTTLC-10PK","SIL15-PRNT-LTPNKMTTLC-1PK","10"
"Beaded Pen Blank","beadable-pen-blanks","PEN-SOL-SLMPNK-5PK","PEN-SOL-SLMPNK-1PK","5"
"Silicone Wine Purple Spacer Beads Round Lentil Beads 12mm 15mm for Beadable Pens Keychains DIY Crafts Bulk 5pc 10pc","spacers-accessories","SIL-LENT-WNE-10PK","SIL-LENT-WNE-1PK","10"
"Acrylic Flatback","charms-dangles","FLB-STRGGLEBUS-5PK","FLB-STRGGLEBUS-1PK","5"
"Silicone Dark Purple Spacer Beads Round Abacus Lentil Beads 12mm 14mm 15mm for Beadable Pens Keychains DIY Crafts Bulk 5pc 10pc","spacers-accessories","SIL-LENT-DKPUR-10PK","SIL-LENT-DKPUR-1PK","10"
"15mm Cracked Bead","spacers-accessories","SIL15-PRNT-CRCKDBLK-5PK","SIL15-PRNT-CRCKDBLK-1PK","5"
"F","mixes-bundles-kits","ACR-16MM-FRSTD-BRW-5PK","ACR-16MM-FRSTD-BRW-1PK","5"
"Paraprofe ional Focal Bead","focal-beads","FOC-SCH-PRPRFSSNL-5PK","FOC-SCH-PRPRFSSNL-1PK","5"
"16mm Bead","spacers-accessories","ACR-16MM-LTBLU-SPRL-20PK","ACR-16MM-LTBLU-SPRL-1PK","20"
"Mama Bead","focal-beads","FOC-FAM-1MTHRSDAY-5PK","FOC-FAM-1MTHRSDAY-1PK","5"
"3D Bead  nowman Bead","charms-dangles","FOC-XMS-3D-PNKSNWMN-5PK","FOC-XMS-3D-PNKSNWMN-1PK","5"
"American Flag Bead","focal-beads","FOC-PAT-HRTFLG-5PK","FOC-PAT-HRTFLG-1PK","5"
"Beaded Pen Blank","beadable-pen-blanks","PEN-SOL-BRTRED-10PK","PEN-SOL-BRTRED-1PK","10"
"Fancy Rhine tone Bead","rhinestone-beads","ACC-FNCY-RED-HRT-5PK","ACC-FNCY-RED-HRT-1PK","5"
"16mm Gold Flake Acrylic Bead","spacers-accessories","ACR-RED-GF-16-10PK","ACR-RED-GF-16-10PK","10"
"Galaxy Wavy  pacer Bead","spacers-accessories","ACC-WAVY-GALAXY-50PK","ACC-WAVY-GALAXY-1PK","50"
"Large Hole Rhine tone  pacer","rhinestone-beads","ACC-RHNST-LTBLU-10PK","ACC-RHNST-LTBLU-1PK","10"
"M","silicone","SIL15-PRNT-HTPNKMTTLC-10PK","SIL15-PRNT-HTPNKMTTLC-1PK","10"
"Big Flower Bead","focal-beads","FOC-SPR-BGYLWSNFLWR-5PK","FOC-SPR-BGYLWSNFLWR-1PK","5"
"Mu ic Note Bead","uncategorized","SIL15-MUSIC-5PK","SIL15-MUSIC-1PK","5"
"Coffee Bead","focal-beads","FOC-FOD-CFFEEBTCH-5PK","FOC-FOD-CFFEEBTCH-1PK","5"
"2","acrylic","ACR-PNTSPLT-HLLWN-20MM-20PK","ACR-PNTSPLT-HLLWN-20MM-1PK","20"
"16mm Acrylic Bead","mixes-bundles-kits","ACR-16MM-SHIM-MIX-10PK","ACR-16MM-SHIM-MIX-10PK","10"
"Patriotic Highland Cow Focal Bead","focal-beads","FOC-PAT-MRCNLTBRN-5PK","FOC-PAT-MRCNLTBRN-1PK","5"
"Chri tian Flatback","acrylic-flatbacks","FLB-GODISGOOD-5PK","FLB-GODISGOOD-1PK","5"
"Printed  ilicone Round Bead","mixes-bundles-kits","SIL-PRNT-15MM-SCCR-10PK","SIL-PRNT-15MM-SCCR-1PK","10"
"15mm Bead","silicone","SIL15-PRNT-GRNGRCH-5PK","SIL15-PRNT-GRNGRCH-1PK","5"
"Highland Cow Bead","focal-beads","FOC-XMS-HEFRBCKT-5PK","FOC-XMS-HEFRBCKT-1PK","5"
"Cow Print Pen Bundle Pack","mixes-bundles-kits","PEN-BNDL-COW-5PK","PEN-BNDL-COW-5PK","5"
"Butterfly Bead","focal-beads","FOC-ANI-BUTTPUR-5PK","FOC-ANI-BUTTPUR-1PK","5"
"16mm Orange  pider Web Acrylic Halloween Bead","acrylic","ACR-16MM-SQRE-ORGSPDR-25PK","ACR-16MM-SQRE-ORGSPDR-1PK","25"
"16mm Bead","acrylic","ACR-16MM-UVAB-RED-25PK","ACR-16MM-UVAB-RED-1PK","25"
"Acrylic Flatback","charms-dangles","FLB-CHLLPLL-5PK","FLB-CHLLPLL-1PK","5"
"20mm  olid Blue Bead","acrylic","ACR-20MM-SLD-BLU-10PK","ACR-20MM-SLD-BLU-1PK","10"
"Gingerbread Bead","focal-beads","FOC-XMS-GNGRBRDGNM-5PK","FOC-XMS-GNGRBRDGNM-1PK","5"
"20mm Bandana Acrylic Bead","mixes-bundles-kits","ACR-20MM-BNDNA-RED-10PK","ACR-20MM-BNDNA-RED-1PK","10"
"Glitter Ea ter Acrylic Flatback","acrylic-flatbacks","FLB-HOL-ESTRTRCK-5PK","FLB-HOL-ESTRTRCK-1PK","5"
"Dental Focal Bead","charms-dangles","FOL-OCC-DNTLBLUSCRB-5PK","FOL-OCC-DNTLBLUSCRB-1PK","5"
"16mm Bead","spacers-accessories","ACR-16MM-ORG-SPRL-20PK","ACR-16MM-ORG-SPRL-1PK","20"
"Bee Bead","focal-beads","FOC-ANI-DMPURBEE-5PK","FOC-ANI-DMPURBEE-1PK","5"
"20mm  olid Green Bead","acrylic","ACR-20MM-SLD-GRN-10PK","ACR-20MM-SLD-GRN-1PK","10"
"Mixed  ilicone Bead  Bundle","mixes-bundles-kits","BEAD-BNDL-CAMO-30PK","BEAD-BNDL-CAMO-30PK","30"
"16mm Acrylic Bead","acrylic","ACR-16MM-SHIM-DKBLU-10PK","ACR-16MM-SHIM-DKBLU-1PK","10"
"20mm Bubblegum Bead","mixes-bundles-kits","ACR-BSKTBLL-20MM-5PK","ACR-BSKTBLL-20MM-1PK","5"
"Beaded Pen Blank","beadable-pen-blanks","PEN-SOL-METPNK-5PK","PEN-SOL-METPNK-1PK","5"
"ilicone Round Bead","spacers-accessories","SIL-12MM-METSLV-10PK","SIL-12MM-METSLV-1PK","10"
"Po itivity Bead","focal-beads","FOC-MSC-PRGRSSPRFCT-5PK","FOC-MSC-PRGRSSPRFCT-1PK","5"
"16mm Bright Orange Bead","acrylic","ACR-16MM-SLD-BRTORG-25PK","ACR-16MM-SLD-BRTORG-1PK","25"
"2","acrylic","ACR-PNTSPLT-GRN-20MM-10PK","ACR-PNTSPLT-GRN-20MM-1PK","10"
"Acrylic Flatback","charms-dangles","FLB-DOMATH67-5PK","FLB-DOMATH67-1PK","5"
"oftball Bead","uncategorized","SIL-PRNT-15MM-SFTBLL-10PK","SIL-PRNT-15MM-SFTBLL-1PK","10"
"20mm  olid Peach Bead","acrylic","ACR-20MM-SLD-PCH-5PK","ACR-20MM-SLD-PCH-1PK","5"
"Patriotic  ilicone Bead Bundle","focal-beads","BEAD-BNDL-MRCNFLG-30PK","BEAD-BNDL-MRCNFLG-30PK","30"
"Spooky Halloween Flatbacks Ghost Acrylic Cabochons Fall Badge Reel Topper DIY Craft Supplies Leopard Checkerboard Spooky Season","acrylic-flatbacks","FLB-SPKYLPRD-5PK","FLB-SPKYLPRD-1PK","5"
"Fancy Rhine tone Bead","rhinestone-beads","ACC-FNCY-BLU-SQU-5PK","ACC-FNCY-BLU-SQU-1PK","5"
"Rhine tone Bead Pen Blank","rhinestone-beads","PEN-RHNST-GLD-5PK","PEN-RHNST-GLD-1PK","5"
"20mm Bubblegum Bead","mixes-bundles-kits","ACR-PNKSPRNKL-20MM-5PK","ACR-PNKSPRNKL-20MM-1PK","5"
"16mm Bead","mixes-bundles-kits","ACR-16MM-UVAB-YEL-10PK","ACR-16MM-UVAB-YEL-1PK","10"
"2","acrylic","ACR-PNTSWRL-YEL2-20MM-20PK","ACR-PNTSWRL-YEL2-20MM-1PK","20"
"20mm Bubblegum Bead","acrylic","ACR-BLKDSY-20MM-5PK","ACR-BLKDSY-20MM-1PK","5"
"Beadable Cup  traw Attachment","beadable-products","BLK-MKC-MINI-SLV-5PK","BLK-MKC-MINI-SLV-1PK","5"
"ilicone Round Bead","spacers-accessories","SIL-12MM-ARMYGRN-10PK","SIL-12MM-ARMYGRN-1PK","10"
"20mm Light Pink Rhine tone Bead","rhinestone-beads","RHNST-LTPNK-20MM-2PK","RHNST-LTPNK-20MM-1PK","2"
"mall Flower Bead","focal-beads","FOC-SPR-SMBRWFLWR-5PK","FOC-SPR-SMBRWFLWR-1PK","5"
"20mm  port  Rhine tone Bead","rhinestone-beads","RHNST-SPRTS-MIX-10PK","RHNST-SPRTS-MIX-10PK","10"
"3D Coffee Cup Bead","charms-dangles","FOC-FOD-3DGAWAYCP-5PK","FOC-FOD-3DGAWAYCP-1PK","5"
"miley Bead","focal-beads","FOC-MSC-PURSMLY-5PK","FOC-MSC-PURSMLY-1PK","5"
"20mm Bubblegum Bead","mixes-bundles-kits","ACR-REDBLKSPLT-20MM-20PK","ACR-REDBLKSPLT-20MM-1PK","20"
"3D Bead Ro e Bead","charms-dangles","FOC-SPR-3D-PNKRS-5PK","FOC-SPR-3D-PNKRS-1PK","5"
"Be Kind Flatback","acrylic-flatbacks","FLB-BENETHNGKND-5PK","FLB-BENETHNGKND-1PK","5"
"3D Bead Grim Reaper Bead","focal-beads","FOC-HAL-3D-MMY-5PK","FOC-HAL-3D-MMY-1PK","5"
"20mm Bubblegum Bead","mixes-bundles-kits","ACR-AMRCNSTR-20MM-20PK","ACR-AMRCNSTR-20MM-1PK","20"
"16mm  olid Green Bead","acrylic","ACR-16MM-SLD-GRN-10PK","ACR-16MM-SLD-GRN-1PK","10"
"Beadable Pen Packaging Bag  for  mall Bu ine","beadable-products","ACC-PCKG-HLOSLV-50PK","ACC-PCKG-HLOSLV-1PK","50"
"16mm Bead","acrylic","ACR-16MM-NEON-BLU-25PK","ACR-16MM-NEON-BLU-1PK","25"
"Chicken Bead","focal-beads","FOC-ANI-CHCKN-5PK","FOC-ANI-CHCKN-1PK","5"
"20mm Bead","rhinestone-beads","RHNST-YEL-20MM-10PK","RHNST-YEL-20MM-1PK","10"
"16mm True Crime Junkie Acrylic Bead","acrylic","ACR-16MM-TRUCRME-5PK","ACR-16MM-TRUCRME-1PK","5"
"Bright Bead","silicone","SIL-15MM-BRGHTLTGLD-5PK","SIL-15MM-BRGHTLTGLD-1PK","5"
"Auntie Bow Focal Bead","focal-beads","FOC-FAM-AUNTIE-PNK-5PK","FOC-FAM-AUNTIE-PNK-1PK","5"
"3D Bead  ilicone Focal Bead","focal-beads","FOC-ANI-3D-REGKLA-5PK","FOC-ANI-3D-REGKLA-1PK","5"
"16mm Clear Bubble Acrylic Beads Color Core Round Beads Transparent Beads Beadable Pen Beads Jewelry Making Craft Supplies","acrylic","ACR-16MM-BBLE-LTPNK-20PK","ACR-16MM-BBLE-LTPNK-1PK","20"
"16mm Bead","acrylic","ACR-16MM-UVAB-PNK-10PK","ACR-16MM-UVAB-PNK-1PK","10"
"16mm Acrylic Bead","acrylic","ACR-16MM-SHIM-LTBLU-20PK","ACR-16MM-SHIM-LTBLU-1PK","20"
"Ice Cream Bead","focal-beads","FOC-FOD-CRAMCREAM-5PK","FOC-FOD-CRAMCREAM-1PK","5"
"Patriotic Bead","focal-beads","FOC-PAT-UNCLSM-5PK","FOC-PAT-UNCLSM-1PK","5"
"65mm Printed  ilicone Ring","focal-beads","ACC-RNGHGHLNDCW-5PK","ACC-RNGHGHLNDCW-1PK","5"
"20mm Bubblegum Bead","mixes-bundles-kits","ACR-PNK-GF-20-5PK","ACR-PNK-GF-20-1PK","5"
"Elephant Bead","focal-beads","FOC-ANI-SML-ELEPH-5PK","FOC-ANI-SML-ELEPH-1PK","5"
"20mm Bubblegum Bead","mixes-bundles-kits","ACR-FTBLL-20MM-10PK","ACR-FTBLL-20MM-1PK","10"
"20mm Rhine tone Bead","rhinestone-beads","RHNST-SPRLREDSLV-20MM-10PK","RHNST-SPRLREDSLV-20MM-1PK","10"
"Cardiology Bead","focal-beads","FOC-OCC-CHTHHRT-5PK","FOC-OCC-CHTHHRT-1PK","5"
"F","mixes-bundles-kits","ACR-16MM-FRSTD-BLK-10PK","ACR-16MM-FRSTD-BLK-1PK","10"
"16mm Gold Flake Acrylic Bead","spacers-accessories","ACR-BLK-GF-16-20PK","ACR-BLK-GF-16-20PK","20"
"3D  unflower Bead","focal-beads","FOC-SPR-SNFLWRPT-BLU-5PK","FOC-SPR-SNFLWRPT-BLU-1PK","5"
"16mm Clear Bubble Acrylic Beads Color Core Round Beads Transparent Beads Beadable Pen Beads Jewelry Making Craft Supplies","acrylic","ACR-16MM-BBLE-DKPNK-20PK","ACR-16MM-BBLE-DKPNK-1PK","20"
"Bee Bead","focal-beads","FOC-ANI-BLUBEE-5PK","FOC-ANI-BLUBEE-1PK","5"
"20mm Bubblegum Bead","acrylic","ACR-STRPE-REDGRN-20MM-5PK","ACR-STRPE-REDGRN-20MM-1PK","5"
"Rhine tone Bow  pacer Bead","rhinestone-beads","ACC-FNCY-PNK-BOW-5PK","ACC-FNCY-PNK-BOW-1PK","5"
"keleton Bead","focal-beads","FOC-HAL-SLLYPNK-5PK","FOC-HAL-SLLYPNK-1PK","5"
"16mm Bead","spacers-accessories","ACR-16MM-BLKBLU-SPRL-10PK","ACR-16MM-BLKBLU-SPRL-1PK","10"
"anta Clau e Bead","uncategorized","SIL15-PRNT-SNTACLSE-5PK","SIL15-PRNT-SNTACLSE-1PK","5"
"14mm Ocean Blue Rhine tone Bead","rhinestone-beads","RHNST-OCNBLU-14MM-10PK","RHNST-OCNBLU-14MM-1PK","10"
"3D Bead Kitty Cat Bead","focal-beads","FOC-ANI-3D-BEIGKTTY-5PK","FOC-ANI-3D-BEIGKTTY-1PK","5"
"Large Hole  pacer","spacers-accessories","ACC-MRBLE-RED-25PK","ACC-MRBLE-RED-1PK","25"
"14mm Ocean Blue Rhine tone Bead","rhinestone-beads","RHNST-OCNBLU-14MM-5PK","RHNST-OCNBLU-14MM-1PK","5"
"Large Hole Rhine tone  pacer","rhinestone-beads","ACC-RHNST-ROYBLU-10PK","ACC-RHNST-ROYBLU-1PK","10"
"Pink  wirl Bead","uncategorized","SIL15-PRNT-PNKSWL-5PK","SIL15-PRNT-PNKSWL-1PK","5"
"Acrylic Flatback","charms-dangles","FLB-DRNKWTR-5PK","FLB-DRNKWTR-1PK","5"
"ilicone Cup  traw Topper","charms-dangles","ACC-STRWTOP-SNWMN-5PK","ACC-STRWTOP-SNWMN-1PK","5"
"Ba ic Witch Bead","charms-dangles","FOC-HAL-3D-BLKCALDRN-5PK","FOC-HAL-3D-BLKCALDRN-1PK","5"
"Pen Ink Refill","beadable-products","ACC-INK-ORG-5PK","ACC-INK-ORG-1PK","5"
"Large Hole  pacer","spacers-accessories","ACC-CRCKD-BEI-5PK","ACC-CRCKD-BEI-1PK","5"
"Big Flower Bead","focal-beads","FOC-SPR-BGGRNFLWR-5PK","FOC-SPR-BGGRNFLWR-1PK","5"
"20mm  olid Black Bead","acrylic","ACR-20MM-SLD-BLK-25PK","ACR-20MM-SLD-BLK-1PK","25"
"20mm  olid Light Pink Bead","acrylic","ACR-20MM-SLD-LTPNK-10PK","ACR-20MM-SLD-LTPNK-1PK","10"
"Bee Bead","focal-beads","FOC-ANI-MNTGRNBEE-5PK","FOC-ANI-MNTGRNBEE-1PK","5"
"16mm Bead","rhinestone-beads","RHNST-MRDGRSMIX-16MM-10PK","RHNST-MRDGRSMIX-16MM-1PK","10"
"Hockey Focal Bead","charms-dangles","FOC-SPT-ILVHCKY-5PK","FOC-SPT-ILVHCKY-1PK","5"
"20mm Bubblegum Bead","mixes-bundles-kits","ACR-GRNFOIL-20MM-5PK","ACR-GRNFOIL-20MM-1PK","5"
"Fancy Rhine tone Bead","rhinestone-beads","ACC-FNCY-BLU-HRT-5PK","ACC-FNCY-BLU-HRT-1PK","5"
"P","focal-beads","FOC-PAT-PATHAND-5PK","FOC-PAT-PATHAND-1PK","5"
"Woodland Friend  Bead","spacers-accessories","SIL15-PRNT-WDLND-5PK","SIL15-PRNT-WDLND-1PK","5"
"P","focal-beads","FOC-PAT-USAFLAG-5PK","FOC-PAT-USAFLAG-1PK","5"
"Hanukkah Bead","focal-beads","FOC-HOL-HNKKH-5PK","FOC-HOL-HNKKH-1PK","5"
"Beaded Pen Blank","beadable-pen-blanks","PEN-SOL-SLV-10PK","PEN-SOL-SLV-1PK","10"
"20mm White Rhine tone  wirl Bead","rhinestone-beads","RHNST-SWRL-WHTGRY-5PK","RHNST-SWRL-WHTGRY-1PK","5"
"20mm Bubblegum Bead","acrylic","ACR-FLWRS-20MM-20PK","ACR-FLWRS-20MM-1PK","20"
"15mm Bead","charms-dangles","SIL15-PRNT-BLUUNI-5PK","SIL15-PRNT-BLUUNI-1PK","5"
"20mm Rhine tone Bead","rhinestone-beads","RHNST-SPRLDKPNKSLV-20MM-10PK","RHNST-SPRLDKPNKSLV-20MM-1PK","10"
"Hor e Bead","focal-beads","FOC-ANI-HRSRCTNGLE-5PK","FOC-ANI-HRSRCTNGLE-1PK","5"
"Large Hole  pacer","spacers-accessories","ACC-CRCKD-DKPNK-10PK","ACC-CRCKD-DKPNK-1PK","10"
"tetho cope Bead","focal-beads","FOC-ANI-WHTSTTHSCP-5PK","FOC-ANI-WHTSTTHSCP-1PK","5"
"ilicone Cup  traw Topper","charms-dangles","ACC-STRWTOP-PNKTREE-5PK","ACC-STRWTOP-PNKTREE-1PK","5"
"15mm Bead","silicone","SIL15-PRNT-POLICE-10PK","SIL15-PRNT-POLICE-1PK","10"
"20mm Bubblegum Bead","mixes-bundles-kits","ACR-CHEERS-20MM-5PK","ACR-CHEERS-20MM-1PK","5"
"20mm Bead","rhinestone-beads","RHNST-BLU-20MM-2PK","RHNST-BLU-20MM-1PK","2"
"Ro e Bead","uncategorized","SIL15-PRNT-RSES-5PK","SIL15-PRNT-RSES-1PK","5"
"Rhine tone Pen","rhinestone-beads","PEN-BNDL-RHNST-13PK","PEN-BNDL-RHNST-13PK","13"
"F","mixes-bundles-kits","ACR-16MM-FRSTD-LTPNK-10PK","ACR-16MM-FRSTD-LTPNK-1PK","10"
"Acrylic Flatback","charms-dangles","FLB-SHKRSNWMN-5PK","FLB-SHKRSNWMN-1PK","5"
"18mm Marbled Pumpkin XL Hole Bead","acrylic","ACR-18MM-CRMMRBL-PMKN-10PK","ACR-18MM-CRMMRBL-PMKN-1PK","10"
"M","silicone","SIL15-PRNT-LTPNKMTTLC-5PK","SIL15-PRNT-LTPNKMTTLC-1PK","5"
"Mu hroom Bead","focal-beads","FOC-SPR-REDMSHRM-5PK","FOC-SPR-REDMSHRM-1PK","5"
"16mm Ivory Pearl Bead","acrylic","ACR-16MM-PRL-IVORY-10PK","ACR-16MM-PRL-IVORY-1PK","10"
"Beadable Cup  traw Attachment","beadable-products","BLK-MKC-MINI-PUR-5PK","BLK-MKC-MINI-PUR-1PK","5"
"20mm Bubblegum Bead","mixes-bundles-kits","ACR-BLDSPLT-20MM-20PK","ACR-BLDSPLT-20MM-1PK","20"
"Large Hole  pacer","spacers-accessories","ACC-CRCKD-BLU-5PK","ACC-CRCKD-BLU-1PK","5"
"Pa tel Acrylic Bead  16mm","spacers-accessories","ACR-PSTL-MIX-10PC","ACR-PSTL-MIX-10PC","10"
"Rhine tone Bow  pacer Bead","rhinestone-beads","ACC-FNCY-BLK-BOW-5PK","ACC-FNCY-BLK-BOW-1PK","5"
"16mm  olid Grey Bead","acrylic","ACR-16MM-SLD-DKGRY-25PK","ACR-16MM-SLD-DKGRY-1PK","25"
"16mm Crochet Bead","spacers-accessories","ACC-CRCHT-PUR-5PK","ACC-CRCHT-PUR-1PK","5"
"Mama Bead","focal-beads","FOC-FAM-CRCLMTHRSDY-5PK","FOC-FAM-CRCLMTHRSDY-1PK","5"
"Acrylic Flatback","charms-dangles","FLB-DNTLASST-5PK","FLB-DNTLASST-1PK","5"
"Galaxy Bead","uncategorized","SIL15-PRNT-GLXY-5PK","SIL15-PRNT-GLXY-1PK","5"
"20mm Bubblegum Bead","mixes-bundles-kits","ACR-DEER-20MM-20PK","ACR-DEER-20MM-1PK","20"
"Pink Ribbon Bead","silicone","SIL-PRNT-15MM-PNKRBN-10PK","SIL-PRNT-15MM-PNKRBN-1PK","10"
"14mm Rhine tone Bead","rhinestone-beads","RHNST-BLU-14MM-5PK","RHNST-BLU-14MM-1PK","5"
"Fancy Rhine tone Bead","rhinestone-beads","ACC-FNCY-UVYEL-BUTT-5PK","ACC-FNCY-UVYEL-BUTT-1PK","5"
"20mm Bubblegum Bead","mixes-bundles-kits","ACR-STFTBLL-20MM-20PK","ACR-STFTBLL-20MM-20PK","20"
"Acrylic Flatback","charms-dangles","FLB-CHSCRDNTR-5PK","FLB-CHSCRDNTR-1PK","5"
"M","mixes-bundles-kits","SIL15-PRNT-GRNMRBL-5PK","SIL15-PRNT-GRNMRBL-1PK","5"
"20mm Bubblegum Bead","charms-dangles","ACR-FTBLLMIX-20MM-5PK","ACR-FTBLLMIX-20MM-1PK","5"
"Wavy  pacer","spacers-accessories","ACC-WAVY-GLD-50PK","ACC-WAVY-GLD-1PK","50"
"2","acrylic","ACR-PNTSWRL-RED2-20MM-10PK","ACR-PNTSWRL-RED2-20MM-1PK","10"
"3D Animal Focal  ilicone Bead","focal-beads","FOC-ANI-3D-WHLE-5PK","FOC-ANI-3D-WHLE-1PK","5"
"9 Ball Acrylic Bead","acrylic","ACR-9BALL-20MM-10PK","ACR-9BALL-20MM-1PK","10"
"H","focal-beads","FOC-MEN-DRHNTR-5PK","FOC-MEN-DRHNTR-1PK","5"
"16mm  olid Dark Red Bead","acrylic","ACR-16MM-SLD-DKRED-5PK","ACR-16MM-SLD-DKRED-1PK","5"
"2","acrylic","ACR-PNTSWRL-RED1-20MM-20PK","ACR-PNTSWRL-RED1-20MM-1PK","20"
"20mm Bubblegum Bead","acrylic","ACR-HBSCS-20MM-10PK","ACR-HBSCS-20MM-1PK","10"
"Ocean Animal Focal Bead","focal-beads","FOC-3D-ANI-WHALE-5PK","FOC-3D-ANI-WHALE-1PK","5"
"ilicone Round Bead","focal-beads","SIL-ABA-LTTEAL-5PK","SIL-ABA-LTTEAL-1PK","5"
"20mm Bubblegum Bead","mixes-bundles-kits","ACR-FSHNG-20MM-20PK","ACR-FSHNG-20MM-1PK","20"
"15mm Bead","silicone","SIL15-PRNT-MEDI-5PK","SIL15-PRNT-MEDI-1PK","5"
"Large Hole  pacer","spacers-accessories","ACC-FRRY-DKGRY-25PK","ACC-FRRY-DKGRY-1PK","25"
"Turtle Bead","charms-dangles","FOC-ANI-GRNTRTLE-5PK","FOC-ANI-GRNTRTLE-1PK","5"
"t. Patrick’  Day Beadable Pen  et of 4","mixes-bundles-kits","PEN-BNDL-STPTRCKDY-4PK","PEN-BNDL-STPTRCKDY-4PK","4"
"Patriotic Bead","focal-beads","FOC-PAT-MRCNFLP-5PK","FOC-PAT-MRCNFLP-1PK","5"
"20mm Acrylic Bead","mixes-bundles-kits","ACR-20MM-GLTTR-LTPUR-10PK","ACR-20MM-GLTTR-LTPUR-10PK","10"
"3D Ea ter Bead","focal-beads","FOC-HOL-3D-CHCLTBNNY-5PK","FOC-HOL-3D-CHCLTBNNY-1PK","5"
"Cheetah Bead","focal-beads","FOC-FOD-WHTCHTHCP-5PK","FOC-FOD-WHTCHTHCP-1PK","5"
"20mm Bubblegum Bead","mixes-bundles-kits","ACR-THTBSE-20MM-20PK","ACR-THTBSE-20MM-1PK","20"
"20mm  olid Green Bead","acrylic","ACR-20MM-SLD-GRN-5PK","ACR-20MM-SLD-GRN-1PK","5"
"Beaded Pen Blank","beadable-pen-blanks","PEN-SOL-BRTBLU-10PK","PEN-SOL-BRTBLU-1PK","10"
"Silicone Wine Purple Spacer Beads Round Lentil Beads 12mm 15mm for Beadable Pens Keychains DIY Crafts Bulk 5pc 10pc","spacers-accessories","SIL-12MM-WNE-10PK","SIL-12MM-WNE-1PK","10"
"16mm Acrylic Bead","acrylic","ACR-16MM-SHIM-ORG-5PK","ACR-16MM-SHIM-ORG-1PK","5"
"Beaded Pen Blank","beadable-pen-blanks","PEN-SOL-BRGHTPNK-10PK","PEN-SOL-BRGHTPNK-1PK","10"
"Patriotic Bead","focal-beads","FOC-PAT-MRCANHT-5PK","FOC-PAT-MRCANHT-1PK","5"
"10mm Sports Bead","spacers-accessories","ACR-10MM-SPRTS-VLLYBLL-100PK","ACR-10MM-SPRTS-VLLYBLL-1PK","100"
"16mm Rhinestone Beads Two Tone Crystal Beads Sparkle Bling Beads Beadable Pen Beads Jewelry Making DIY Craft Supplies","rhinestone-beads","RHNST-16MM-2TONE-AQUA-5PK","RHNST-16MM-2TONE-AQUA-1PK","5"
"Book Bead","focal-beads","FOC-SCH-PURBOOK-5PK","FOC-SCH-PURBOOK-1PK","5"
"16mm Bead","acrylic","ACR-16MM-UVAB-LTBLU-25PK","ACR-16MM-UVAB-LTBLU-1PK","25"
"Terrazzo Bead","uncategorized","SIL15-PRNT-TRRZZO-5PK","SIL15-PRNT-TRRZZO-1PK","5"
"99 Problem  Bead","focal-beads","FOC-SAR-99PRBLMS-5PK","FOC-SAR-99PRBLMS-1PK","5"
"Mental Health Bead","focal-beads","FOC-MSC-FLLYRCP-5PK","FOC-MSC-FLLYRCP-1PK","5"
"Beaded Pen Blank","beadable-pen-blanks","PEN-SOL-DKPUR-10PK","PEN-SOL-DKPUR-1PK","10"
"Crui e Bead","focal-beads","FOC-FAM-AWSHP-5PK","FOC-FAM-AWSHP-1PK","5"
"Beaded Pen Blank","beadable-pen-blanks","PEN-SOL-PSTBLU-10PK","PEN-SOL-PSTBLU-1PK","10"
"Fancy Rhine tone Bead","rhinestone-beads","ACC-FNCY-UVPUR-HRT-5PK","ACC-FNCY-UVPUR-HRT-1PK","5"
"14mm Green Rhine tone Bead","rhinestone-beads","RHNST-GRN-14MM-5PK","RHNST-GRN-14MM-1PK","5"
"Horror Character Bead","focal-beads","FOC-HAL-PNNYWS-5PK","FOC-HAL-PNNYWS-1PK","5"
"Large Hole  pacer","spacers-accessories","ACC-FRRY-BWN-10PK","ACC-FRRY-BWN-1PK","10"
"20mm Acrylic Bead","mixes-bundles-kits","ACR-20MM-SHIM-YEL-20PK","ACR-20MM-SHIM-YEL-1PK","20"
"16mm Acrylic Bead","acrylic","ACR-16MM-SHIM-LTGRN-20PK","ACR-16MM-SHIM-LTGRN-1PK","20"
"Cowboy Boot Bead","focal-beads","FOC-WES-PURCWBYBTS-5PK","FOC-WES-PURCWBYBTS-1PK","5"
"20mm Acrylic Bead","mixes-bundles-kits","ACR-20MM-SHIM-BLU-10PK","ACR-20MM-SHIM-BLU-1PK","10"
"3D Airplane Focal Bead","focal-beads","FOC-VEH-ARPLN-PNK-5PK","FOC-VEH-ARPLN-PNK-1PK","5"
"Cowboy Hat Bead","charms-dangles","FOC-WES-OLDBLUHT-5PK","FOC-WES-OLDBLUHT-1PK","5"
"2","acrylic","ACR-PNTSWRL-RED1-20MM-5PK","ACR-PNTSWRL-RED1-20MM-1PK","5"
"20mm Bubblegum Bead","acrylic","ACR-BLKCHCKRD-20MM-5PK","ACR-BLKCHCKRD-20MM-1PK","5"
"Beaded Pen Blank","beadable-pen-blanks","PEN-SOL-CELBLU-10PK","PEN-SOL-CELBLU-1PK","10"
"Large Hole  pacer","spacers-accessories","ACC-FRRY-WHT-25PK","ACC-FRRY-WHT-1PK","25"
"8 Ball Acrylic Bead","acrylic","ACR-16MM-8BLL-20PK","ACR-16MM-8BLL-1PK","20"
"16mm Rhine tone Bead","rhinestone-beads","RHNST-BLK-16MM-5PK","RHNST-BLK-16MM-1PK","5"
"12mm Bead","acrylic","ACR-12MM-NEON-RED-20PK","ACR-12MM-NEON-RED-1PK","20"
"Silicone Hot Pink Spacer Beads Round Abacus Lentil Beads 12mm 14mm 15mm for Beadable Pens Keychains DIY Crafts Bulk 5pc 10pc","spacers-accessories","SIL-12MM-HTPNK-10PK","SIL-12MM-HTPNK-1PK","10"
"20mm Bubblegum Bead","acrylic","ACR-HBSCS-20MM-20PK","ACR-HBSCS-20MM-1PK","20"
"10mm Gem Spacer","rhinestone-beads","ACC-GEM-SLV-10MM-1PK","ACC-GEM-SLV-10MM-1PK","10"
"2","acrylic","ACR-PNTSWRL-PUR-20MM-5PK","ACR-PNTSWRL-PUR-20MM-1PK","5"
"16mm Light Pink Rhine tone Bead","rhinestone-beads","RHNST-LTPNK-16MM-2PK","RHNST-LTPNK-16MM-1PK","2"
"Fancy Rhine tone Bead","rhinestone-beads","ACC-FNCY-UVGRN-HRT-5PK","ACC-FNCY-UVGRN-HRT-1PK","5"
"Acrylic  tar Charm","charms-dangles","ACC-CHRM-PURSTR-5PK","ACC-CHRM-PURSTR-1PK","5"
"3D Bead Pumpkin Bead","focal-beads","FOC-HAL-3D-ORG-PUMP-5PK","FOC-HAL-3D-ORG-PUMP-1PK","5"
"20mm Bubblegum Bead","mixes-bundles-kits","ACR-MRMD-20MM-20PK","ACR-MRMD-20MM-1PK","20"
"20mm Acrylic Bead","mixes-bundles-kits","ACR-20MM-GLTTR-MIX-14PK","ACR-20MM-GLTTR-MIX-14PK","14"
"Beadable Bar Keychain","beadable-products","BLK-KEY-CLR-MNTGRN-5PK","BLK-KEY-CLR-MNTGRN-1PK","5"
"Common  en e Bead","focal-beads","FOC-SAR-CMMNSNSE-5PK","FOC-SAR-CMMNSNSE-1PK","5"
"Cowboy Boot Bead","focal-beads","FOC-WES-OLDBLUBT-5PK","FOC-WES-OLDBLUBT-1PK","5"
"16mm Bead","acrylic","ACR-16MM-UVAB-MNTGRN-10PK","ACR-16MM-UVAB-MNTGRN-1PK","10"
"14mm Light Purple Rhine tone Bead","rhinestone-beads","RHNST-LTPUR-14MM-10PK","RHNST-LTPUR-14MM-1PK","10"
"65mm Printed  ilicone Ring","focal-beads","ACC-RNGSNFLWR-5PK","ACC-RNGSNFLWR-1PK","5"
"We tern Bead","uncategorized","SIL15-PRNT-WSTRNHRSE-5PK","SIL15-PRNT-WSTRNHRSE-1PK","5"
"ilicone Round Bead","focal-beads","SIL-12MM-AQUA-10PK","SIL-12MM-AQUA-1PK","10"
"Glitter Bead","uncategorized","SIL12-GLTTRGRN-5PK","SIL12-GLTTRGRN-1PK","5"
"20mm Acrylic Bead","acrylic","ACR-20MM-SHIM-PNK-5PK","ACR-20MM-SHIM-PNK-1PK","5"
"Be Kind Bead","focal-beads","FOC-MSC-BEKND-5PK","FOC-MSC-BEKND-1PK","5"
"20mm Bubblegum Bead","acrylic","ACR-BFF-20MM-10PK","ACR-BFF-20MM-1PK","10"
"Pencil Bead","focal-beads","FOC-SCH-PNCL-FRST-5PK","FOC-SCH-PNCL-FRST-1PK","5"
"3D Bead Grim Reaper Bead","focal-beads","FOC-HAL-3D-BGGHST-5PK","FOC-HAL-3D-BGGHST-1PK","5"
"10mm Wavy  pacer","rhinestone-beads","ACC-GEMWVY-KCGLD-10MM-10PK","ACC-GEMWVY-KCGLD-10MM-1PK","10"
"20mm White Rhine tone  wirl Bead","rhinestone-beads","RHNST-SWRL-WHTLTPNK-2PK","RHNST-SWRL-WHTLTPNK-1PK","2"
"Highland Cow Bead","focal-beads","FOC-XMS-CWBYTREE-5PK","FOC-XMS-CWBYTREE-1PK","5"
"H","focal-beads","FOC-MEN-RTHRFSHNG-5PK","FOC-MEN-RTHRFSHNG-1PK","5"
"Large Hole  pacer","spacers-accessories","ACC-FRRY-DKORG-5PK","ACC-FRRY-DKORG-1PK","5"
"Cup Charm Wire","beadable-products","BLK-WIRE-PUR-5PK","BLK-WIRE-PUR-1PK","5"
"3D Giraffe Bead","focal-beads","FOC-ANI-3D-GRFFE-5PK","FOC-ANI-3D-GRFFE-1PK","5"
"Medical  ymbol Bead","focal-beads","FOC-PAT-PLCE-5PK","FOC-PAT-PLCE-1PK","5"
"65mm Printed  ilicone Ring","focal-beads","ACC-RNGUSA-5PK","ACC-RNGUSA-1PK","5"
"Deer Bead","charms-dangles","FOC-ANI-BLUDEER-5PK","FOC-ANI-BLUDEER-1PK","5"
"Acrylic Flatback","charms-dangles","FLB-ANMLSCRBS-5PK","FLB-ANMLSCRBS-1PK","5"
"20mm Bead","mixes-bundles-kits","ACR-20MM-METAL-GLD-10PK","ACR-20MM-METAL-GLD-1PK","10"
"20mm Bubblegum Bead","acrylic","ACR-REDSNWFK-20MM-5PK","ACR-REDSNWFK-20MM-1PK","5"
"Elf Bead","focal-beads","FOC-XMS-WHTHELF-5PK","FOC-XMS-WHTHELF-1PK","5"
"Fueled by Coffee Bead","charms-dangles","FOC-FOD-FLDCFFEEBLK-5PK","FOC-FOD-FLDCFFEEBLK-1PK","5"
"Funny Goo e Flatback","acrylic-flatbacks","FLB-FLABBERS-5PK","FLB-FLABBERS-1PK","5"
"Beadable Keychain Blank","beadable-products","BLK-KYCHN-STAR-GRN-5PK","BLK-KYCHN-STAR-GRN-1PK","5"
"Beaded Pen Blank","beadable-pen-blanks","PEN-SOL-OMBBLK-5PK","PEN-SOL-OMBBLK-1PK","5"
"Pen Ink Refill","beadable-products","ACC-INK-GRN-5PK","ACC-INK-GRN-1PK","5"
"20mm Bubblegum Bead","acrylic","ACR-PNDA-20MM-10PK","ACR-PNDA-20MM-1PK","10"
"P","focal-beads","FOC-PAT-PATEAGLEOLDFSHND-5PK","FOC-PAT-PATEAGLEOLDFSHND-1PK","5"
"ilicone Round Bead","focal-beads","SIL-LENT-LTTEAL-10PK","SIL-LENT-LTTEAL-1PK","10"
"20mm Bubblegum Bead","mixes-bundles-kits","ACR-REDSNTABLT-20MM-20PK","ACR-REDSNTABLT-20MM-1PK","20"
"20mm Bubblegum Bead","mixes-bundles-kits","ACR-BLK-GF-20-20PK","ACR-BLK-GF-20-1PK","20"
"Turtle Bead","charms-dangles","FOC-ANI-SHLLYHTURTL-5PK","FOC-ANI-SHLLYHTURTL-1PK","5"
"3D Bead","focal-beads","FOC-SPR-WHT-PLNT-5PK","FOC-SPR-WHT-PLNT-1PK","5"
"Chri tma  Bead","focal-beads","FOC-XMS-LTPNKTREE-5PK","FOC-XMS-LTPNKTREE-1PK","5"
"Large Hole  pacer","spacers-accessories","ACC-FRRY-RED-5PK","ACC-FRRY-RED-1PK","5"
"Orange  wirl Bead","spacers-accessories","SIL15-PRNT-ORGSWRL-5PK","SIL15-PRNT-ORGSWRL-1PK","5"
"Chri tian  ilicone Focal Bead","focal-beads","FOC-MSC-BIBLE-5PK","FOC-MSC-BIBLE-1PK","5"
"Rhine tone Bow  pacer Bead","rhinestone-beads","ACC-FNCY-PUR-BOW-5PK","ACC-FNCY-PUR-BOW-1PK","5"
"2","acrylic","ACR-PNTSPLT-HLLWN-20MM-5PK","ACR-PNTSPLT-HLLWN-20MM-1PK","5"
"Cro  Bead","focal-beads","FOC-MSC-PNKCRSS-5PK","FOC-MSC-PNKCRSS-1PK","5"
"Blue Checkered  ilicone Bead","silicone","SIL15-PRNT-BLUPLD-5PK","SIL15-PRNT-BLUPLD-1PK","5"
"Pa tel Acrylic Bead  16mm","spacers-accessories","ACR-PSTL-MIX-50PC","ACR-PSTL-MIX-50PC","50"
"Dog Paw Keychain Bar","beadable-products","BLK-DOGPAW-LTBLU-5PK","BLK-DOGPAW-LTBLU-1PK","5"
"Acrylic Flatback","charms-dangles","FLB-HLLWNBRUH-5PK","FLB-HLLWNBRUH-1PK","5"
"Coach  ilicone Focal Bead","focal-beads","FOC-SPT-BSBLLCCH-5PK","FOC-SPT-BSBLLCCH-1PK","5"
"20mm Acrylic Bead","mixes-bundles-kits","ACR-20MM-SHIM-YEL-5PK","ACR-20MM-SHIM-YEL-1PK","5"
"15mm Bead","silicone","SIL15-PRNT-FIRE-10PK","SIL15-PRNT-FIRE-1PK","10"
"20mm Bandana Acrylic Bead","mixes-bundles-kits","ACR-20MM-BNDNA-PNK-10PK","ACR-20MM-BNDNA-PNK-1PK","10"
"20mm Acrylic Bead","acrylic","ACR-20MM-SHIM-GRY-5PK","ACR-20MM-SHIM-GRY-1PK","5"
"3D Makeup  ilicone Focal Bead","focal-beads","FOC-GRLY-PNKLPSTCK-5PK","FOC-GRLY-PNKLPSTCK-1PK","5"
"20mm Bubblegum Bead","mixes-bundles-kits","ACR-SLVSNWFK-20MM-20PK","ACR-SLVSNWFK-20MM-1PK","20"
"16mm  olid Bright Yellow Bead","acrylic","ACR-16MM-SLD-BRGHTYEL-5PK","ACR-16MM-SLD-BRGHTYEL-1PK","5"
"20mm Bead","rhinestone-beads","RHNST-GLD-20MM-10PK","RHNST-GLD-20MM-1PK","10"
"Beadable Pen Packaging Bag  for  mall Bu ine","beadable-products","ACC-PCKG-HLOSLV-10PK","ACC-PCKG-HLOSLV-1PK","10"
"20mm Bubblegum Bead","rhinestone-beads","ACR-PNKMIX-20MM-5PK","ACR-PNKMIX-20MM-1PK","5"
"Wine  topper","beadable-products","BLK-WNSTPPR-LTPNK-2PK","BLK-WNSTPPR-LTPNK-1PK","2"
"Beadable Keychain Blank","beadable-products","BLK-KYCHN-STAR-LTPNK-5PK","BLK-KYCHN-STAR-LTPNK-1PK","5"
"Flower Bead","focal-beads","FOC-SPR-YELFLWR-5PK","FOC-SPR-YELFLWR-1PK","5"
"Fall Bead","focal-beads","FOC-HOL-FLLTRCK-5PK","FOC-HOL-FLLTRCK-1PK","5"
"20mm Acrylic Bead","acrylic","ACR-20MM-SHIM-ORG-5PK","ACR-20MM-SHIM-ORG-1PK","5"
"Beer Focal Bead","focal-beads","FOC-ADT-BSTBEER-5PK","FOC-ADT-BSTBEER-1PK","5"
"20mm  olid Blue Bead","acrylic","ACR-20MM-SLD-BLU-5PK","ACR-20MM-SLD-BLU-1PK","5"
"3D Puppy  ilicone Focal Bead","focal-beads","FOC-ANI-3D-FRNCHBLLDG-5PK","FOC-ANI-3D-FRNCHBLLDG-1PK","5"
"16mm Bead","spacers-accessories","ACR-16MM-GRN-SPRL-10PK","ACR-16MM-GRN-SPRL-1PK","10"
"Acrylic Flatback","charms-dangles","FLB-BBYCW-5PK","FLB-BBYCW-1PK","5"
"3D Bead  ilicone Focal Bead","charms-dangles","FOC-FOD-3DCFFEECP-5PK","FOC-FOD-3DCFFEECP-1PK","5"
"20mm Bubblegum Bead","mixes-bundles-kits","ACR-XMASSPRNKLS-20MM-20PK","ACR-XMASSPRNKLS-20MM-1PK","20"
"20mm Bubblegum Bead","mixes-bundles-kits","ACR-BLU-GF-20-5PK","ACR-BLU-GF-20-1PK","5"
"Beaded Pen Blank","beadable-pen-blanks","PEN-SOL-XMASGRN-5PK","PEN-SOL-XMASGRN-1PK","5"
"Beadable Cup  traw Attachment","beadable-products","BLK-MKC-MINI-ORG-5PK","BLK-MKC-MINI-ORG-1PK","5"
"16mm Bead","mixes-bundles-kits","ACR-16MM-METAL-TEAL-10PK","ACR-16MM-METAL-TEAL-1PK","10"
"14mm Brown Rhine tone Bead","rhinestone-beads","RHNST-BRN-14MM-10PK","RHNST-BRN-14MM-1PK","10"
"Ea ter Bead","focal-beads","FOC-HOL-BSKTSITTNG-5PK","FOC-HOL-BSKTSITTNG-1PK","5"
"16mm E pre o Pearl Bead","acrylic","ACR-16MM-PRL-ESPRSSO-10PK","ACR-16MM-PRL-ESPRSSO-1PK","10"
"Mardi Gra  Bead","focal-beads","FOC-HOL-LSNA-5PK","FOC-HOL-LSNA-1PK","5"
"20mm  port  Rhine tone Bead","rhinestone-beads","RHNST-FTBLL-5PK","RHNST-FTBLL-1PK","5"
"Beadable Garden Tool  et","beadable-products","GRDN-LTPNK-4PK","GRDN-LTPNK-1PK","4"
"Acrylic Flatback","charms-dangles","FLB-APPLE-5PK","FLB-APPLE-1PK","5"
"12mm Bead","spacers-accessories","ACR-12MM-CRCKD-WHT-20PK","ACR-12MM-CRCKD-WHT-1PK","20"
"Bro Bead","focal-beads","FOC-FAM-BRO-5PK","FOC-FAM-BRO-1PK","5"
"Beaded Pen Blank","beadable-pen-blanks","PEN-SOL-MATTEPNK-10PK","PEN-SOL-MATTEPNK-1PK","10"
"Large Hole  pacer","spacers-accessories","ACC-FRRY-ORG-25PK","ACC-FRRY-ORG-1PK","25"
"Candy Bead","focal-beads","FOC-XMS-BLUCNDY-5PK","FOC-XMS-BLUCNDY-1PK","5"
"20mm Bubblegum Bead","mixes-bundles-kits","ACR-GRNFOIL-20MM-20PK","ACR-GRNFOIL-20MM-1PK","20"
"14mm Purple Rhine tone Bead","rhinestone-beads","RHNST-PUR-14MM-5PK","RHNST-PUR-14MM-1PK","5"
"20mm Bubblegum Bead","mixes-bundles-kits","ACR-PURBCHBLL-20MM-20PK","ACR-PURBCHBLL-20MM-1PK","20"
"20mm Bubblegum Bead","mixes-bundles-kits","ACR-ESTRGG-20MM-20PK","ACR-ESTRGG-20MM-1PK","20"
"F","mixes-bundles-kits","ACR-16MM-FRSTD-DKPNK-25PK","ACR-16MM-FRSTD-DKPNK-1PK","25"
"Dad Bead","focal-beads","FOC-FAM-DOPEDAD-5PK","FOC-FAM-DOPEDAD-1PK","5"
"12mm Gem  pacer","rhinestone-beads","ACC-GEM-PNK-12MM-10PK","ACC-GEM-PNK-12MM-1PK","10"
"20mm Bubblegum Bead","acrylic","ACR-BLUSNWFK-20MM-5PK","ACR-BLUSNWFK-20MM-1PK","5"
"Di c  pacer","spacers-accessories","ACC-DISC-KCG-50PK","ACC-DISC-KCG-1PK","50"
"Teacher Bead","focal-beads","FOC-HAL-SPKYTCHR-5PK","FOC-HAL-SPKYTCHR-1PK","5"
"3D Bead Bat Bead","focal-beads","FOC-HAL-3D-HNTDHSE-5PK","FOC-HAL-3D-HNTDHSE-1PK","5"
"Large Hole  pacer","spacers-accessories","ACC-MRBLE-ORG-10PK","ACC-MRBLE-ORG-1PK","10"
"Pencil Bead","focal-beads","FOC-SCH-PNCLBWHTPNK-5PK","FOC-SCH-PNCLBWHTPNK-1PK","5"
"ilicone Round Bead","focal-beads","SIL-LENT-BRN-10PK","SIL-LENT-BRN-1PK","10"
"12mm Bead","mixes-bundles-kits","ACR-12BLOCK-GRNSNWMN-5PK","ACR-12BLOCK-GRNSNWMN-1PK","5"
"20mm Acrylic Bead","mixes-bundles-kits","ACR-20MM-SHIM-LTGRN-20PK","ACR-20MM-SHIM-LTGRN-1PK","20"
"20mm Bubblegum Bead","charms-dangles","ACR-BSKTBLLMIX-20MM-5PK","ACR-BSKTBLLMIX-20MM-1PK","5"
"16mm Dark Green Rhine tone Bead","rhinestone-beads","RHNST-DKGRN-16MM-2PK","RHNST-DKGRN-16MM-1PK","2"
"16mm Skeleton Face Beads AB Acrylic Halloween Beads Iridescent White Spooky Face Beads for Pens Keychains Jewelry Crafts","acrylic","ACR-16MM-WHTSKLTNFCE-10PK","ACR-16MM-WHTSKLTNFCE-1PK","10"
"Ca ino  ilicone Bead","focal-beads","FOC-REC-CRDSALLIN-5PK","FOC-REC-CRDSALLIN-1PK","5"
"16mm Rhinestone Beads Two Tone Crystal Beads Sparkle Bling Beads Beadable Pen Beads Jewelry Making DIY Craft Supplies","rhinestone-beads","RHNST-16MM-2TONE-DKBLU-5PK","RHNST-16MM-2TONE-DKBLU-1PK","5"
"20mm Acrylic Bead","mixes-bundles-kits","ACR-20MM-SHIM-DKBLU-10PK","ACR-20MM-SHIM-DKBLU-1PK","10"
"9 Ball Acrylic Bead","acrylic","ACR-16MM-9BLL-5PK","ACR-16MM-9BLL-1PK","5"
"My Kind of Witchcraft Badge Reel Topper","acrylic-flatbacks","FLB-WTCHCRFT-5PK","FLB-WTCHCRFT-1PK","5"
"3D Bead  pider Bead","focal-beads","FOC-HAL-3D-SPDRGRN-5PK","FOC-HAL-3D-SPDRGRN-1PK","5"
"Fancy Rhine tone Bead","rhinestone-beads","ACC-FNCY-LTBLU-SQU-5PK","ACC-FNCY-LTBLU-SQU-1PK","5"
"20mm Bubblegum Bead","acrylic","ACR-AMRCNPLD-20MM-10PK","ACR-AMRCNPLD-20MM-1PK","10"
"20mm Bubblegum Bead","mixes-bundles-kits","ACR-BLKSPDRWB-20MM-20PK","ACR-BLKSPDRWB-20MM-1PK","20"
"Beadable Cup  traw Attachment","beadable-products","BLK-MKC-MINI-MNT-5PK","BLK-MKC-MINI-MNT-1PK","5"
"Pearl  pacer","spacers-accessories","ACC-PEARL-10MM-10PK","ACC-PEARL-10MM-1PK","10"
"Hooded Cow Bead","focal-beads","FOC-ANI-PNKHDIECW-5PK","FOC-ANI-PNKHDIECW-1PK","5"
"20mm Bubblegum Bead","mixes-bundles-kits","ACR-BLK-GF-20-5PK","ACR-BLK-GF-20-1PK","5"
"20mm Bubblegum Bead","mixes-bundles-kits","ACR-HLLWNMIX-20MM-50PK","ACR-HLLWNMIX-20MM-1PK","50"
"Bowling Bead","focal-beads","FOC-REC-BWLNG-5PK","FOC-REC-BWLNG-1PK","5"
"t. Patrick'  Day Bead","focal-beads","FOC-HOL-LCKYHRT-5PK","FOC-HOL-LCKYHRT-1PK","5"
"20mm Acrylic Bead","mixes-bundles-kits","ACR-20MM-SHIM-RED-10PK","ACR-20MM-SHIM-RED-1PK","10"
"65mm Printed  ilicone Ring","focal-beads","ACC-RNGCCTS-5PK","ACC-RNGCCTS-1PK","5"
"20mm Bandana Acrylic Bead","mixes-bundles-kits","ACR-20MM-BNDNA-LTBLU-10PK","ACR-20MM-BNDNA-LTBLU-1PK","10"
"Wine  topper","beadable-products","BLK-WNSTPPR-PUR-2PK","BLK-WNSTPPR-PUR-1PK","2"
"Rhine tone Bead Pen Blank","rhinestone-beads","PEN-RHNST-SKYBLU-5PK","PEN-RHNST-SKYBLU-1PK","5"
"Candy Cane Bead","focal-beads","FOC-XMS-BLKCNDYCNE-5PK","FOC-XMS-BLKCNDYCNE-1PK","5"
"20mm Bubblegum Bead","mixes-bundles-kits","ACR-XMASSPRNKLS-20MM-5PK","ACR-XMASSPRNKLS-20MM-1PK","5"
"3D Bead Gho t Bead","focal-beads","FOC-HAL-EYEBLLBW-5PK","FOC-HAL-EYEBLLBW-1PK","5"
"tetho cope Bead","focal-beads","FOC-ANI-PNKSTTHSCP-5PK","FOC-ANI-PNKSTTHSCP-1PK","5"
"illy Goo e Flatback","acrylic-flatbacks","FLB-SLLYGSSE-5PK","FLB-SLLYGSSE-1PK","5"
"2","acrylic","ACR-PURRBBN-20MM-20PK","ACR-PURRBBN-20MM-1PK","20"
"15mm Fuzzy  pacer Bead","spacers-accessories","ACC-FZZY-WHT-10PK","ACC-FZZY-WHT-1PK","10"
"20mm Bubblegum Bead","mixes-bundles-kits","ACR-BLKSPDRWB-20MM-10PK","ACR-BLKSPDRWB-20MM-1PK","10"
"15mm Bead","silicone","SIL15-PRNT-HSPTL-5PK","SIL15-PRNT-HSPTL-1PK","5"
"20mm Bubblegum Bead","mixes-bundles-kits","ACR-FSHNG-20MM-10PK","ACR-FSHNG-20MM-1PK","10"
"15mm Fuzzy  pacer Bead","spacers-accessories","ACC-FZZY-WHT-5PK","ACC-FZZY-WHT-1PK","5"
"16mm Bead","acrylic","ACR-16MM-PSTL-YEL-10PK","ACR-16MM-PSTL-YEL-1PK","10"
"H","mixes-bundles-kits","ACR-HLLWNMIX-M-20MM-10PK","ACR-HLLWNMIX-M-20MM-1PK","10"
"14mm Rhine tone Bead","rhinestone-beads","RHNST-WHT-14MM-5PK","RHNST-WHT-14MM-1PK","5"
"Auntie Bow Focal Bead","focal-beads","FOC-FAM-AUNTIE-GRN-5PK","FOC-FAM-AUNTIE-GRN-1PK","5"
"Book Bead","focal-beads","FOC-SCH-NAVWHTBOOK-5PK","FOC-SCH-NAVWHTBOOK-1PK","5"
"We tern Bead","uncategorized","SIL15-PRNT-WSTRNHRSE-10PK","SIL15-PRNT-WSTRNHRSE-1PK","10"
"20mm Bubblegum Bead","mixes-bundles-kits","ACR-GRNBCHBLL-20MM-20PK","ACR-GRNBCHBLL-20MM-1PK","20"
"Beaded Pen Blank","beadable-pen-blanks","PEN-SOL-DKBLU-5PK","PEN-SOL-DKBLU-1PK","5"
"We tern  ilicone Focal Bead","focal-beads","FOC-WES-3DCWBYBTS-5PK","FOC-WES-3DCWBYBTS-1PK","5"
"American Flag Pen Bundle Pack","mixes-bundles-kits","PEN-BNDL-AMFLAG-5PK","PEN-BNDL-AMFLAG-5PK","5"
"Cow Bead","focal-beads","FOC-ANI-SMPLEGRY-5PK","FOC-ANI-SMPLEGRY-1PK","5"
"Acrylic Flatback","charms-dangles","FLB-LNCHLDY-5PK","FLB-LNCHLDY-1PK","5"
"Acrylic Flatback","charms-dangles","FLB-MRRYGOOSE-5PK","FLB-MRRYGOOSE-1PK","5"
"Large Hole  pacer","spacers-accessories","ACC-MRBLE-PUR-25PK","ACC-MRBLE-PUR-1PK","25"
"Pearl Bow Focal Bead","focal-beads","FOC-PRLBOW-RED-5PK","FOC-PRLBOW-RED-1PK","5"
"14mm Rhine tone Bead","rhinestone-beads","RHNST-SLV-14MM-10PK","RHNST-SLV-14MM-1PK","10"
"2","acrylic","ACR-PNTSPLT-PTRTC-20MM-5PK","ACR-PNTSPLT-PTRTC-20MM-1PK","5"
"Orange  wirl Bead","spacers-accessories","SIL15-PRNT-ORGSWRL-10PK","SIL15-PRNT-ORGSWRL-1PK","10"
"3D Coffee  ilicone Focal Bead","focal-beads","FOC-3D-CFFEEHRT-5PK","FOC-3D-CFFEEHRT-1PK","5"
"Book Bead","focal-beads","FOC-SCH-BRWBOOK-5PK","FOC-SCH-BRWBOOK-1PK","5"
"Acrylic Flatback","charms-dangles","FLB-VAL-CPDFVRT-5PK","FLB-VAL-CPDFVRT-1PK","5"
"16mm Acrylic Bead","acrylic","ACR-16MM-SHIM-LTPUR-10PK","ACR-16MM-SHIM-LTPUR-1PK","10"
"Pencil Bead","focal-beads","FOC-SCH-TSTSCRE-5PK","FOC-SCH-TSTSCRE-1PK","5"
"16mm Rhinestone Beads Two Tone Crystal Beads Sparkle Bling Beads Beadable Pen Beads Jewelry Making DIY Craft Supplies","rhinestone-beads","RHNST-16MM-2TONE-AQUA-10PK","RHNST-16MM-2TONE-AQUA-1PK","10"
"Cowboy Hat Bead","charms-dangles","FOC-WES-LTBRNSPKHT-5PK","FOC-WES-LTBRNSPKHT-1PK","5"
"Blood  platter Bead","uncategorized","SIL15-PRNT-BLDSPLTTR-5PK","SIL15-PRNT-BLDSPLTTR-1PK","5"
"Cow Bead","focal-beads","FOC-ANI-SMPLEPNK-5PK","FOC-ANI-SMPLEPNK-1PK","5"
"20mm Acrylic Bead","acrylic","ACR-20MM-SHIM-LTPNK-10PK","ACR-20MM-SHIM-LTPNK-1PK","10"
"Gho t Bead","focal-beads","FOC-HAL-GHSTBK-PNK-5PK","FOC-HAL-GHSTBK-PNK-1PK","5"
"Glitter Ea ter Acrylic Flatback","acrylic-flatbacks","FLB-HOL-MAMABNNY-5PK","FLB-HOL-MAMABNNY-1PK","5"
"F","mixes-bundles-kits","ACR-16MM-FRSTD-BLK-5PK","ACR-16MM-FRSTD-BLK-1PK","5"
"3D Large Bow  ilicone Focal Bead","focal-beads","FOC-TAILBW-GLITBLK-5PK","FOC-TAILBW-GLITBLK-1PK","5"
"ilicone Round Bead","focal-beads","SIL-15MM-LTTEAL-10PK","SIL-15MM-LTTEAL-1PK","10"
"Beaded Pen Blank","beadable-pen-blanks","PEN-SOL-XMASGRN-10PK","PEN-SOL-XMASGRN-1PK","10"
"ilicone Round Bead","focal-beads","SIL-12MM-DIMGRY-10PK","SIL-12MM-DIMGRY-1PK","10"
"Horror Character Bead","focal-beads","FOC-HAL-FRDDY-5PK","FOC-HAL-FRDDY-1PK","5"
"20mm Bubblegum Bead","mixes-bundles-kits","ACR-PLYNGCRDS-20MM-5PK","ACR-PLYNGCRDS-20MM-1PK","5"
"Light Blue Teal Bead Mix","mixes-bundles-kits","ACR-LTBLUMIXNEW-20MM-10PK","ACR-LTBLUMIXNEW-20MM-1PK","10"
"Bottle Opener","beadable-products","BLK-BOTTLE-2PK","BLK-BOTTLE-1PK","2"
"Acrylic Flatback","charms-dangles","FLB-SAFEME-5PK","FLB-SAFEME-1PK","5"
"3D Peacock  ilicone Focal Bead","focal-beads","FOC-3D-ANI-PECCK-5PK","FOC-3D-ANI-PECCK-1PK","5"
"Brown Cow Bead","uncategorized","SIL15-PRNT-BRNCW-10PK","SIL15-PRNT-BRNCW-1PK","10"
"Pa tel Wavy  pacer Bead","spacers-accessories","ACC-WAVY-PSTL-100PK","ACC-WAVY-PSTL-1PK","100"
"12mm Bead","spacers-accessories","ACR-12MM-CRCKD-ORG-20PK","ACR-12MM-CRCKD-ORG-1PK","20"
"15mm Fuzzy  pacer Bead","spacers-accessories","ACC-FZZY-DKPNK-10PK","ACC-FZZY-DKPNK-1PK","10"
"Acrylic Flatback","charms-dangles","FLB-NCRFCLKS-5PK","FLB-NCRFCLKS-1PK","5"
"port  Bead","focal-beads","FOC-SPT-BLKBXNG-5PK","FOC-SPT-BLKBXNG-1PK","5"
"16mm Bead","acrylic","ACR-16MM-NEON-YEL-10PK","ACR-16MM-NEON-YEL-1PK","10"
"9 Ball Acrylic Bead","acrylic","ACR-9BALL-20MM-20PK","ACR-9BALL-20MM-1PK","20"
"20mm Bubblegum Bead","mixes-bundles-kits","ACR-LTPNKBCHBLL-20MM-20PK","ACR-LTPNKBCHBLL-20MM-1PK","20"
"Flip Flop Focal Bead","focal-beads","FOC-SPRNG-FLPFLP-ORG-5PK","FOC-SPRNG-FLPFLP-ORG-1PK","5"
"t Patrick’  Day 20mm Acrylic Bead","acrylic","ACR-20MM-HOL-GRNCLVRPUR-5PK","ACR-20MM-HOL-GRNCLVRPUR-1PK","5"
"20mm Bubblegum Bead","mixes-bundles-kits","ACR-PWPRNTHRT-20MM-20PK","ACR-PWPRNTHRT-20MM-1PK","20"
"Book Bead","charms-dangles","FOC-REC-BKSHLFLT-5PK","FOC-REC-BKSHLFLT-1PK","5"
"14mm Light Pink Rhine tone Bead","rhinestone-beads","RHNST-LTPNK-14MM-5PK","RHNST-LTPNK-14MM-1PK","5"
"16mm Clear Bubble Acrylic Beads Color Core Round Beads Transparent Beads Beadable Pen Beads Jewelry Making Craft Supplies","acrylic","ACR-16MM-BBLE-DKPNK-10PK","ACR-16MM-BBLE-DKPNK-1PK","10"
"ilicone Round Bead","focal-beads","SIL-ABA-LMGRN-5PK","SIL-ABA-LMGRN-1PK","5"
"16mm  olid Bright Yellow Bead","acrylic","ACR-16MM-SLD-BRGHTYEL-10PK","ACR-16MM-SLD-BRGHTYEL-1PK","10"
"20mm Bubblegum Bead","rhinestone-beads","ACR-WHTMIX-20MM-5PK","ACR-WHTMIX-20MM-1PK","5"
"Badge Reel","beadable-products","BLK-BDRL-CLIP-PUR-3PK","BLK-BDRL-CLIP-PUR-1PK","3"
"15mm Bead","charms-dangles","SIL15-PRNT-SPRK-10PK","SIL15-PRNT-SPRK-1PK","10"
"Pearl Bow Focal Bead","focal-beads","FOC-PRLBOW-WHT-5PK","FOC-PRLBOW-WHT-1PK","5"
"Rod Extender","beadable-products","BLK-RODEXTENDER-10PK","BLK-RODEXTENDER-1PK","10"
"20mm  olid Dark Brown Bead","acrylic","ACR-20MM-SLD-DKBRN-10PK","ACR-20MM-SLD-DKBRN-1PK","10"
"Fluffy Bead Pen Blank","beadable-pen-blanks","PEN-FLUFF-RED-5PK","PEN-FLUFF-RED-1PK","5"
"3D  leeping  keleton Coffin  ilicone Focal Bead","focal-beads","FOC-HAL-3D-GRN-CFFN-5PK","FOC-HAL-3D-GRN-CFFN-1PK","5"
"Printed Bead  ilicone Round Bead","silicone","SIL15-PRNT-REDSWL-10PK","SIL15-PRNT-REDSWL-1PK","10"
"Cow Print Bead","uncategorized","SIL15-PRNT-PNKCOW-10PK","SIL15-PRNT-PNKCOW-1PK","10"
"Black Bead Mix","mixes-bundles-kits","ACR-BLKMIXNEW-20MM-5PK","ACR-BLKMIXNEW-20MM-1PK","5"
"Large Hole  pacer","spacers-accessories","ACC-MRBLE-BLK-10PK","ACC-MRBLE-BLK-1PK","10"
"16mm  olid Blue Bead","acrylic","ACR-16MM-SLD-BLU-10PK","ACR-16MM-SLD-BLU-1PK","10"
"Cardiac  onographer Badge Reel Topper","acrylic-flatbacks","FLB-CARDIAC-5PK","FLB-CARDIAC-1PK","5"
"Cute Animal Bead","focal-beads","FOC-ANI-BSCPNDA-5PK","FOC-ANI-BSCPNDA-1PK","5"
"15mm Bead","charms-dangles","SIL15-PRNT-PNKUNI-10PK","SIL15-PRNT-PNKUNI-1PK","10"
"Motorcycle Bead","focal-beads","FOC-VEH-BLUMTRCYCL-5PK","FOC-VEH-BLUMTRCYCL-1PK","5"
"Ice Cream Bead","focal-beads","FOC-FOD-PNKCREAM-5PK","FOC-FOD-PNKCREAM-1PK","5"
"ilicone Round Bead","focal-beads","SIL-ABA-BBYPNK-5PK","SIL-ABA-BBYPNK-1PK","5"
"Acrylic Flatback","charms-dangles","FLB-DNTASK67-5PK","FLB-DNTASK67-1PK","5"
"Cowboy Hat Bead","charms-dangles","FOC-WES-OLDPNKHT-5PK","FOC-WES-OLDPNKHT-1PK","5"
"Pumpkin Bead","focal-beads","FOC-HAL-WSTRNPMKNTEAL-5PK","FOC-HAL-WSTRNPMKNTEAL-1PK","5"
"Iced Coffee Bead","focal-beads","FOC-FOD-ICDCFFEE-5PK","FOC-FOD-ICDCFFEE-1PK","5"
"t Patrick’  Day Flatback Cabochon","charms-dangles","FLB-HOL-LPRCHAN-5PK","FLB-HOL-LPRCHAN-1PK","5"
"Ocean Animal Focal Bead","focal-beads","FOC-3D-ANI-TRPCLFSH-5PK","FOC-3D-ANI-TRPCLFSH-1PK","5"
"16mm Bead","acrylic","ACR-16MM-PSTL-PUR-5PK","ACR-16MM-PSTL-PUR-1PK","5"
"Acrylic Flatback","charms-dangles","FLB-SMLYEL-5PK","FLB-SMLYEL-1PK","5"
"20mm Acrylic Bead","mixes-bundles-kits","ACR-20MM-SHIM-LTBLU-10PK","ACR-20MM-SHIM-LTBLU-1PK","10"
"20mm Bubblegum Bead","mixes-bundles-kits","ACR-SCCR-20MM-20PK","ACR-SCCR-20MM-1PK","20"
"16mm Bead","acrylic","ACR-16MM-UVAB-LTBLU-10PK","ACR-16MM-UVAB-LTBLU-1PK","10"
"Fluffy Bead Pen Blank","beadable-pen-blanks","PEN-FLUFF-PNK-5PK","PEN-FLUFF-PNK-1PK","5"
"Beaded Pen Acce orie","charms-dangles","ACC-HLLWNCHRM-10PK","ACC-HLLWNCHRM-1PK","10"
"Beadable Keychain Blank","beadable-products","BLK-KYCHN-STAR-BLK-5PK","BLK-KYCHN-STAR-BLK-1PK","5"
"20mm Bubblegum Bead","acrylic","ACR-REDSWRL-20MM-5PK","ACR-REDSWRL-20MM-1PK","5"
"20mm Bead","rhinestone-beads","RHNST-GRN-20MM-5PK","RHNST-GRN-20MM-1PK","5"
"Beaded Pen Blank","beadable-pen-blanks","PEN-SOL-MNTGRN-10PK","PEN-SOL-MNTGRN-1PK","10"
"16mm Crochet Bead","spacers-accessories","ACC-CRCHT-WHT-5PK","ACC-CRCHT-WHT-1PK","5"
"3D Bead","focal-beads","FOC-SPR-BRN-PLNT-5PK","FOC-SPR-BRN-PLNT-1PK","5"
"3D Bead Reindeer Bead","charms-dangles","FOC-XMS-3D-RNDEERCP-5PK","FOC-XMS-3D-RNDEERCP-1PK","5"
"20mm Bubblegum Bead","rhinestone-beads","ACR-DSCOBLL-20MM-10PK","ACR-DSCOBLL-20MM-1PK","10"
"16mm Bead","mixes-bundles-kits","ACR-16MM-UVAB-LTBLU-5PK","ACR-16MM-UVAB-LTBLU-1PK","5"
"16mm Acrylic Bead","acrylic","ACR-16MM-SHIM-PNK-10PK","ACR-16MM-SHIM-PNK-1PK","10"
"Printed  ilicone Round Bead","silicone","SIL15-PRNT-GRNCH-5PK","SIL15-PRNT-GRNCH-1PK","5"
"3D Bead  ilicone Focal Bead","focal-beads","FOC-ANI-3D-DNKY-5PK","FOC-ANI-3D-DNKY-1PK","5"
"20mm Bubblegum Bead","acrylic","ACR-STRPE-REDGRN-20MM-10PK","ACR-STRPE-REDGRN-20MM-1PK","10"
"Wear Pink Bead","focal-beads","FOC-MSC-WHREWHT-5PK","FOC-MSC-WHREWHT-1PK","5"
"20mm Bubblegum Bead","acrylic","ACR-BSTGRNDMA-20MM-5PK","ACR-BSTGRNDMA-20MM-1PK","5"
"Dark Blue Bead Mix","rhinestone-beads","ACR-BLUMIX-20MM-5PK","ACR-BLUMIX-20MM-1PK","5"
"Printed Bead 15mm Round Bead","uncategorized","SIL15-PRNT-MSTCH-10PK","SIL15-PRNT-MSTCH-1PK","10"
"Ea ter Bead","focal-beads","FOC-HOL-PNKPEP-5PK","FOC-HOL-PNKPEP-1PK","5"
"20mm Bandana Acrylic Bead","mixes-bundles-kits","ACR-20MM-BNDNA-LTBLU-5PK","ACR-20MM-BNDNA-LTBLU-1PK","5"
"Fall Bead","focal-beads","FOC-HOL-THNKFL-5PK","FOC-HOL-THNKFL-1PK","5"
"20mm Bubblegum Bead","mixes-bundles-kits","ACR-BEES-20MM-20PK","ACR-BEES-20MM-1PK","20"
"20mm  olid Grey Bead","acrylic","ACR-20MM-SLD-GRY-5PK","ACR-20MM-SLD-GRY-1PK","5"
"20mm Bubblegum Bead","mixes-bundles-kits","ACR-BLK-GF-20-10PK","ACR-BLK-GF-20-1PK","10"
"16mm Pumpkin Face Beads AB Acrylic Halloween Beads Iridescent Orange Jack O Lantern Beads for Pens Keychains Jewelry Crafts","acrylic","ACR-16MM-ORGPMPKNFCE-5PK","ACR-16MM-ORGPMPKNFCE-1PK","5"
"port  Bead","focal-beads","FOC-SPT-REDBXNG-5PK","FOC-SPT-REDBXNG-1PK","5"
"20mm Bead","rhinestone-beads","RHNST-DKGRN-20MM-2PK","RHNST-DKGRN-20MM-1PK","2"
"12mm Gem  pacer","rhinestone-beads","ACC-GEM-MIX-12MM-10PK","ACC-GEM-MIX-12MM-1PK","10"
"Cowboy Hat Bead","charms-dangles","FOC-WES-OLDGRYHT-5PK","FOC-WES-OLDGRYHT-1PK","5"
"Football Bead","focal-beads","FOC-SPT-FTBL-5PK","FOC-SPT-FTBL-1PK","5"
"Beadable Cup  traw Attachment","beadable-products","BLK-MKC-MINI-BLK-5PK","BLK-MKC-MINI-BLK-1PK","5"
"20mm Acrylic Bead","mixes-bundles-kits","ACR-20MM-GLTTR-RED-10PK","ACR-20MM-GLTTR-RED-10PK","10"
"3D Bead Ro e Bead","charms-dangles","FOC-SPR-3D-PURRS-5PK","FOC-SPR-3D-PURRS-1PK","5"
"Dental Hygieni t Bead","charms-dangles","FOC-OCC-FLLNGFRYO-5PK","FOC-OCC-FLLNGFRYO-1PK","5"
"20mm White Rhine tone  wirl Bead","rhinestone-beads","RHNST-SWRL-WHTTEAL-5PK","RHNST-SWRL-WHTTEAL-1PK","5"
"20mm Bubblegum Bead","mixes-bundles-kits","ACR-BLKCWPRNT-20MM-20PK","ACR-BLKCWPRNT-20MM-1PK","20"
"12mm  ilicone Bead Mix","mixes-bundles-kits","SIL-12MM-MIX-30PC","SIL-12MM-MIX-30PC","30"
"3D Butter Focal Bead","focal-beads","FOC-FOD-3D-BTTR-5PK","FOC-FOD-3D-BTTR-1PK","5"
"20mm Bubblegum Bead","acrylic","ACR-CHLDRN-20MM-10PK","ACR-CHLDRN-20MM-1PK","10"
"t Patrick’  Day 20mm Acrylic Bead","acrylic","ACR-20MM-HOL-GRNHRT-10PK","ACR-20MM-HOL-GRNHRT-1PK","10"
"Book Bead","charms-dangles","FOC-REC-CHPTRPNK-5PK","FOC-REC-CHPTRPNK-1PK","5"
"Ocean Animal Focal Bead","focal-beads","FOC-3D-ANI-STRFSH-5PK","FOC-3D-ANI-STRFSH-1PK","5"
"Pink Ribbon Bead","silicone","SIL-PRNT-15MM-PNKRBN-5PK","SIL-PRNT-15MM-PNKRBN-1PK","5"
"18mm Marbled Pumpkin XL Hole Bead","acrylic","ACR-18MM-ORGMRBL-PMKN-10PK","ACR-18MM-ORGMRBL-PMKN-1PK","10"
"Buffalo Plaid Bead","focal-beads","FOC-XMS-HTCHCLTMG-5PK","FOC-XMS-HTCHCLTMG-1PK","5"
"16mm Bead","mixes-bundles-kits","ACR-16MM-METAL-RED-10PK","ACR-16MM-METAL-RED-1PK","10"
"16mm Bead","acrylic","ACR-16MM-UVAB-MNTGRN-5PK","ACR-16MM-UVAB-MNTGRN-1PK","5"
"M","mixes-bundles-kits","SIL15-PRNT-OGORGMRBL-5PK","SIL15-PRNT-OGORGMRBL-1PK","5"
"16mm Acrylic Bead","acrylic","ACR-16MM-SHIM-GRN-10PK","ACR-16MM-SHIM-GRN-1PK","10"
"Makeup  ilicone Bead","silicone","SIL15-PRNT-MKEUP-10PK","SIL15-PRNT-MKEUP-1PK","10"
"Halloween Bead","uncategorized","SIL15-PRNT-HLLWNCNDYCRN-5PK","SIL15-PRNT-HLLWNCNDYCRN-1PK","5"
"Dog Bead","focal-beads","FOC-ANI-WOOF-5PK","FOC-ANI-WOOF-1PK","5"
"Beaded Pen Blank","beadable-pen-blanks","PEN-SOL-RED-10PK","PEN-SOL-RED-1PK","10"
"3D Bead  ilicone Focal Bead","focal-beads","FOC-FAM-3D-MGNME-5PK","FOC-FAM-3D-MGNME-1PK","5"
"16mm  olid Dark Red Bead","acrylic","ACR-16MM-SLD-DKRED-10PK","ACR-16MM-SLD-DKRED-1PK","10"
"20mm Bead","rhinestone-beads","RHNST-RED-20MM-10PK","RHNST-RED-20MM-1PK","10"
"Big Flower Bead","focal-beads","FOC-SPR-BGBLUFLWR-5PK","FOC-SPR-BGBLUFLWR-1PK","5"
"15mm Black  wirl Round Bead","spacers-accessories","SIL15-PRNT-BLKSWL-5PK","SIL15-PRNT-BLKSWL-1PK","5"
"Glitter Jelly Wavy  pacer Bead","spacers-accessories","ACC-WAVY-SHIMJELLY-50PK","ACC-WAVY-SHIMJELLY-1PK","50"
"Glitter Ea ter Acrylic Flatback","acrylic-flatbacks","FLB-HOL-FVRTNRSE-5PK","FLB-HOL-FVRTNRSE-1PK","5"
"20mm Bubblegum Bead","mixes-bundles-kits","ACR-REDBCHBLL-20MM-20PK","ACR-REDBCHBLL-20MM-1PK","20"
"t Patrick’  Day 20mm Acrylic Bead","acrylic","ACR-20MM-HOL-STLOVE-5PK","ACR-20MM-HOL-STLOVE-1PK","5"
"Dance  ilicone Focal Bead","focal-beads","FOC-SPT-BLLRNSHS-5PK","FOC-SPT-BLLRNSHS-1PK","5"
"Glitter Ea ter Acrylic Flatback","acrylic-flatbacks","FLB-HOL-ESTRLVE-5PK","FLB-HOL-ESTRLVE-1PK","5"
"Funny Fi h Bead","charms-dangles","FOC-FAM-FITFSH-5PK","FOC-FAM-FITFSH-1PK","5"
"Cute Animal Bead","focal-beads","FOC-ANI-FROG-5PK","FOC-ANI-FROG-1PK","5"
"Beaded Pen Blank","beadable-pen-blanks","PEN-SOL-BRGHTPNK-5PK","PEN-SOL-BRGHTPNK-1PK","5"
"Beaded Pen Blank","beadable-pen-blanks","PEN-SOL-PSTYEL-10PK","PEN-SOL-PSTYEL-1PK","10"
"ilicone Round Bead","spacers-accessories","SIL-15MM-RSQRTZ-10PK","SIL-15MM-RSQRTZ-1PK","10"
"Ba  Fi h Bead","charms-dangles","FOC-FAM-GNFSHNG-5PK","FOC-FAM-GNFSHNG-1PK","5"
"20mm Acrylic Bead","mixes-bundles-kits","ACR-20MM-SHIM-PNK-10PK","ACR-20MM-SHIM-PNK-1PK","10"
"16mm Gold Rhine tone Bead","rhinestone-beads","RHNST-GLD-16MM-5PK","RHNST-GLD-16MM-1PK","5"
"20mm Bubblegum Bead","mixes-bundles-kits","ACR-CHCKNFT-20MM-5PK","ACR-CHCKNFT-20MM-1PK","5"
"t Patrick’  Day 20mm Acrylic Bead","acrylic","ACR-20MM-HOL-STLOVE-10PK","ACR-20MM-HOL-STLOVE-1PK","10"
"Cardiology Bead","focal-beads","FOC-OCC-CRDLGY-5PK","FOC-OCC-CRDLGY-1PK","5"
"16mm Bead","mixes-bundles-kits","ACR-16MM-METAL-BLK-10PK","ACR-16MM-METAL-BLK-1PK","10"
"Pearl  pacer","spacers-accessories","ACC-PEARL-10MM-100PK","ACC-PEARL-10MM-1PK","100"
"Printed  ilicone Round Bead","silicone","SIL15-PRNT-CLVR-10PK","SIL15-PRNT-CLVR-1PK","10"
"20mm Bead","rhinestone-beads","RHNST-GLD-20MM-5PK","RHNST-GLD-20MM-1PK","5"
"20mm Bubblegum Bead","mixes-bundles-kits","ACR-8BALL-20MM-10PK","ACR-8BALL-20MM-1PK","10"
"Glitter Bead","silicone","SIL15-PRNT-CWGLTTR-5PK","SIL15-PRNT-CWGLTTR-1PK","5"
"3D Fruit Focal Bead","focal-beads","FOC-FOD-3DSTRWBRRY-5PK","FOC-FOD-3DSTRWBRRY-1PK","5"
"20mm Bubblegum Bead","mixes-bundles-kits","ACR-CHCKNFT-20MM-20PK","ACR-CHCKNFT-20MM-1PK","20"
"Book Bead","focal-beads","FOC-SCH-WHTBOOK-5PK","FOC-SCH-WHTBOOK-1PK","5"
"10mm Wide Hole Gem  pacer","rhinestone-beads","ACC-GEM-WDHL-RYLBLU-10PK","ACC-GEM-WDHL-RYLBLU-1PK","10"
"3D Bead  ilicone Focal Bead","focal-beads","FOC-FAM-3D-LVMOM-5PK","FOC-FAM-3D-LVMOM-1PK","5"
"10mm Wide Hole Gem  pacer","rhinestone-beads","ACC-GEM-WDHL-SLV-10PK","ACC-GEM-WDHL-SLV-1PK","10"
"E","charms-dangles","FOC-HOL3D-ESTRBSKT-5PK","FOC-HOL3D-ESTRBSKT-1PK","5"
"16mm Bead","acrylic","ACR-16MM-UVAB-LTPUR-5PK","ACR-16MM-UVAB-LTPUR-1PK","5"
"2","acrylic","ACR-PNTSWRL-BLU-20MM-5PK","ACR-PNTSWRL-BLU-20MM-1PK","5"
"M","mixes-bundles-kits","SIL15-PRNT-FLLPNKMRBL-5PK","SIL15-PRNT-FLLPNKMRBL-1PK","5"
"16mm Gold Flake Acrylic Bead","spacers-accessories","ACR-GRN-GF-16-20PK","ACR-GRN-GF-16-20PK","20"
"14mm Gold Rhine tone Bead","rhinestone-beads","RHNST-GLD-14MM-10PK","RHNST-GLD-14MM-1PK","10"
"16mm Rhine tone Bead","rhinestone-beads","RHNST-BLU-16MM-10PK","RHNST-BLU-16MM-1PK","10"
"10mm Sports Bead","spacers-accessories","ACR-10MM-SPRTS-VLLYBLL-10PK","ACR-10MM-SPRTS-VLLYBLL-1PK","10"
"Cow Print Bead","uncategorized","SIL15-PRNT-TEALCOW-5PK","SIL15-PRNT-TEALCOW-1PK","5"
"Ladybug Bead","focal-beads","FOC-ANI-LDYBG-5PK","FOC-ANI-LDYBG-1PK","5"
"20mm Bead","mixes-bundles-kits","ACR-20MM-METAL-DKPNK-10PK","ACR-20MM-METAL-DKPNK-1PK","10"
"Pearl  pacer","spacers-accessories","ACC-PEARL-12MM-50PK","ACC-PEARL-12MM-1PK","50"
"3D Bead  anta Bead","charms-dangles","FOC-XMS-3D-SNTABODY-5PK","FOC-XMS-3D-SNTABODY-1PK","5"
"20mm Acrylic Bead","mixes-bundles-kits","ACR-20MM-SHIM-LTGRN-10PK","ACR-20MM-SHIM-LTGRN-1PK","10"
"Pen Ink Refill","beadable-products","ACC-INK-YEL-5PK","ACC-INK-YEL-1PK","5"
"16mm Bead","acrylic","ACR-16MM-PSTL-LTBLU-25PK","ACR-16MM-PSTL-LTBLU-1PK","25"
"Cancer Awarene  Bead","focal-beads","FOC-MSC-RBBNLTBLU-5PK","FOC-MSC-RBBNLTBLU-1PK","5"
"20mm Bubblegum Bead","mixes-bundles-kits","ACR-MNTFOIL-20MM-20PK","ACR-MNTFOIL-20MM-1PK","20"
"Cup Charm Wire","beadable-products","BLK-WIRE-GRY-5PK","BLK-WIRE-GRY-1PK","5"
"3D Bead Kitty Cat Bead","focal-beads","FOC-ANI-3D-DKYELKTTY-5PK","FOC-ANI-3D-DKYELKTTY-1PK","5"
"Glitter Bead","uncategorized","SIL15-GLTTRWHT-5PK","SIL15-GLTTRWHT-1PK","5"
"Gnome Bead","focal-beads","FOC-XMS-PRSNTGNME-5PK","FOC-XMS-PRSNTGNME-1PK","5"
"20mm Light Pink Rhine tone Bead","rhinestone-beads","RHNST-LTPNK-20MM-10PK","RHNST-LTPNK-20MM-1PK","10"
"Book Bead","focal-beads","FOC-SCH-REDBOOK-5PK","FOC-SCH-REDBOOK-1PK","5"
"F","mixes-bundles-kits","ACR-16MM-FRSTD-BLU-10PK","ACR-16MM-FRSTD-BLU-1PK","10"
"Bright Bead","silicone","SIL-15MM-BRGHTLTGLD-10PK","SIL-15MM-BRGHTLTGLD-1PK","10"
"20mm Acrylic Bead","mixes-bundles-kits","ACR-20MM-SHIM-DKBLU-20PK","ACR-20MM-SHIM-DKBLU-1PK","20"
"16mm Rhine tone Bead","rhinestone-beads","RHNST-GRN-16MM-10PK","RHNST-GRN-16MM-1PK","10"
"20mm Bead","mixes-bundles-kits","ACR-20MM-METAL-BLK-10PK","ACR-20MM-METAL-BLK-1PK","10"
"Acrylic Flatback","charms-dangles","FLB-PRNCPL-5PK","FLB-PRNCPL-1PK","5"
"mile Heart Bead","focal-beads","FOC-MSC-SMLYHT-5PK","FOC-MSC-SMLYHT-1PK","5"
"Pen Ink Refill","beadable-products","ACC-INK-BLU-5PK","ACC-INK-BLU-1PK","5"
"ilicone Round Bead","focal-beads","SIL-15MM-MAG-10PK","SIL-15MM-MAG-1PK","10"
"ilicone Round Bead","spacers-accessories","SIL-ABA-BTRED-5PK","SIL-ABA-BTRED-1PK","5"
"16mm Bead","rhinestone-beads","RHNST-XMASMIX-16MM-10PK","RHNST-XMASMIX-16MM-1PK","10"
"Cat Bead","focal-beads","FOC-HAL-HTGHL-5PK","FOC-HAL-HTGHL-1PK","5"
"O","silicone","SIL15-PRNT-BRGHTSEA-10PK","SIL15-PRNT-BRGHTSEA-1PK","10"
"Large Hole  pacer","spacers-accessories","ACC-MRBLE-YEL-5PK","ACC-MRBLE-YEL-1PK","5"
"Radiology Bead","focal-beads","FOC-OCC-RDLGYTCH-5PK","FOC-OCC-RDLGYTCH-1PK","5"
"Beadable Garden Tool  et","beadable-products","GRDN-RED-2PK","GRDN-RED-1PK","2"
"20mm Bubblegum Bead","mixes-bundles-kits","ACR-CHEERS-20MM-20PK","ACR-CHEERS-20MM-1PK","20"
"Ocean Animal Focal Bead","focal-beads","FOC-3D-ANI-SEAL-5PK","FOC-3D-ANI-SEAL-1PK","5"
"Future Mr  Flatback","acrylic-flatbacks","FLB-FTRMRS-5PK","FLB-FTRMRS-1PK","5"
"Acrylic Flatback","charms-dangles","FLB-DMPSTRFN-5PK","FLB-DMPSTRFN-1PK","5"
"Highland Cow Bead","charms-dangles","FOC-XMS-HGHLNDCWLT-5PK","FOC-XMS-HGHLNDCWLT-1PK","5"
"3D Large Bow  ilicone Focal Bead","focal-beads","FOC-TAILBW-OMBRPUR-5PK","FOC-TAILBW-OMBRPUR-1PK","5"
"Empty 3D  ilicone Jar Focal Bead","focal-beads","3D-JR-EMPTY-GRN-5PK","3D-JR-EMPTY-GRN-1PK","5"
"3D Llama Bead","focal-beads","FOC-ANI-3D-LLAMA-5PK","FOC-ANI-3D-LLAMA-1PK","5"
"Di c  pacer","spacers-accessories","ACC-DISC-SLV-100PK","ACC-DISC-SLV-1PK","100"
"Teach Love In pire Focal Bead","focal-beads","FOC-SCH-TCHLFE-5PK","FOC-SCH-TCHLFE-1PK","5"
"Pumpkin Bead","focal-beads","FOC-HAL-SMKNPMKN-5PK","FOC-HAL-SMKNPMKN-1PK","5"
"Large Hole  pacer","spacers-accessories","ACC-FRRY-RED-25PK","ACC-FRRY-RED-1PK","25"
"Beaded Pen Blank","beadable-pen-blanks","PEN-SOL-GLTMETBLU-5PK","PEN-SOL-GLTMETBLU-1PK","5"
"20mm Bubblegum Bead","acrylic","ACR-GRNSNWFK-20MM-10PK","ACR-GRNSNWFK-20MM-1PK","10"
"20mm Ocean Blue Rhine tone Bead","rhinestone-beads","RHNST-OCNBLU-20MM-10PK","RHNST-OCNBLU-20MM-1PK","10"
"Book Bead","focal-beads","FOC-SCH-YELBOOK-5PK","FOC-SCH-YELBOOK-1PK","5"
"M","silicone","SIL15-PRNT-BLUMTTLC-10PK","SIL15-PRNT-BLUMTTLC-1PK","10"
"3D Police Focal Bead","charms-dangles","FOC-OCC-3D-PLCMIX-5PK","FOC-OCC-3D-PLCMIX-5PK","5"
"Father  Day Bead","focal-beads","FOC-FAM-DDWTHBRD-5PK","FOC-FAM-DDWTHBRD-1PK","5"
"Book Bead","focal-beads","FOC-SCH-PNKBOOK-5PK","FOC-SCH-PNKBOOK-1PK","5"
"Clearance 27mm  miley Flower Large Hole Acrylic Bead","clearance-section","CLEARANCE-SMLYFLWR-MIX-10PK","CLEARANCE-SMLYFLWR-MIX-10PK","10"
"20mm Bubblegum Bead","mixes-bundles-kits","ACR-TRTLE-20MM-5PK","ACR-TRTLE-20MM-1PK","5"
"Vintage  anta Bead","focal-beads","FOC-XMS-VNTGPNKSNTA-5PK","FOC-XMS-VNTGPNKSNTA-1PK","5"
"Bright Bead","silicone","SIL-15MM-BRGHTPUR-10PK","SIL-15MM-BRGHTPUR-1PK","10"
"3D Bead","focal-beads","FOC-ANI-3D-WHT-BBYCW-5PK","FOC-ANI-3D-WHT-BBYCW-1PK","5"
"Pink Terrazzo  ilicone Bead Bundle","mixes-bundles-kits","BEAD-BNDL-PNKTRZZO-30PK","BEAD-BNDL-PNKTRZZO-30PK","30"
"ticker Heart Beadable Cup Charm Blank","beadable-products","BLK-STCKR-HRT-KYCHN-GNMTLBLK-5PK","BLK-STCKR-HRT-KYCHN-GNMTLBLK-1PK","5"
"Dragonfly  ilicone Focal Bead","focal-beads","FOC-ANI-DRGNFLY-BLU-5PK","FOC-ANI-DRGNFLY-BLU-1PK","5"
"ilicone Round Bead","focal-beads","SIL-ABA-DKBLU-5PK","SIL-ABA-DKBLU-1PK","5"
"Large Hole  pacer","spacers-accessories","ACC-CRCKD-BEI-10PK","ACC-CRCKD-BEI-1PK","10"
"Large Hole  pacer","spacers-accessories","ACC-FRRY-PNK-25PK","ACC-FRRY-PNK-1PK","25"
"Badge Reel","beadable-products","BLK-BDRL-CLIP-WHT-3PK","BLK-BDRL-CLIP-WHT-1PK","3"
"Gnome Bead","focal-beads","FOC-HAL-VMPRGNM-5PK","FOC-HAL-VMPRGNM-1PK","5"
"Pumpkin Bead","focal-beads","FOC-HAL-WSTRNPMKNDK-5PK","FOC-HAL-WSTRNPMKNDK-1PK","5"
"P","acrylic","ACR-PNTSWRL-PSTL-20MM-5PK","ACR-PNTSWRL-PSTL-20MM-1PK","5"
"20mm Bubblegum Bead","mixes-bundles-kits","ACR-AMRCNFLG-20MM-20PK","ACR-AMRCNFLG-20MM-1PK","20"
"16mm Rhine tone Bead","rhinestone-beads","RHNST-WHT-16MM-5PK","RHNST-WHT-16MM-1PK","5"
"pring Flatback","acrylic-flatbacks","FLB-FLRLJAR-5PK","FLB-FLRLJAR-1PK","5"
"Medical Pill Bead","charms-dangles","FOC-OCC-PILL-5PK","FOC-OCC-PILL-1PK","5"
"16mm Bead","mixes-bundles-kits","ACR-16MM-METAL-SLV-10PK","ACR-16MM-METAL-SLV-1PK","10"
"Pirate  hip Bead  20mm Acrylic","acrylic","ACR-PRATE-20MM-10PK","ACR-PRATE-20MM-1PK","10"
"16mm  olid Navy Blue Bead","acrylic","ACR-16MM-SLD-NVY-25PK","ACR-16MM-SLD-NVY-1PK","25"
"ilicone Lentil Bead Mix","spacers-accessories","SIL-LENT-MIX-50PC","SIL-LENT-MIX-50PC","50"
"Teacher Focal Bead","focal-beads","FOC-SCH-RNBWTCHR-5PK","FOC-SCH-RNBWTCHR-1PK","5"
"20mm Bubblegum Bead","acrylic","ACR-BLKCHCKRD-20MM-20PK","ACR-BLKCHCKRD-20MM-1PK","20"
"16mm Acrylic Bead","acrylic","ACR-16MM-SHIM-BLU-10PK","ACR-16MM-SHIM-BLU-1PK","10"
"F","mixes-bundles-kits","ACR-16MM-FRSTD-GRN-5PK","ACR-16MM-FRSTD-GRN-1PK","5"
"20mm Bead","rhinestone-beads","RHNST-SLV-20MM-10PK","RHNST-SLV-20MM-1PK","10"
"3D Bead  ilicone Focal Bead","focal-beads","FOC-ANI-3D-NWKOLA-5PK","FOC-ANI-3D-NWKOLA-1PK","5"
"16mm Bead","spacers-accessories","ACR-16MM-WHT-SPRL-10PK","ACR-16MM-WHT-SPRL-1PK","10"
"3D Police Focal Bead","charms-dangles","FOC-OCC-3D-BLKNFRM-5PK","FOC-OCC-3D-BLKNFRM-1PK","5"
"Large Hole Rhine tone  pacer","rhinestone-beads","ACC-RHNST-PUR-10PK","ACC-RHNST-PUR-1PK","10"
"20mm Bubblegum Bead","mixes-bundles-kits","ACR-DEER-20MM-10PK","ACR-DEER-20MM-1PK","10"
"Beadable Mirror","beadable-products","BLK-MIR-HRT-BLK-3PK","BLK-MIR-HRT-BLK-1PK","3"
"Large Hole  pacer","spacers-accessories","ACC-CRCKD-WHT-10PK","ACC-CRCKD-WHT-1PK","10"
"20mm  pider Web Bead","acrylic","ACR-20MM-ORGBLKSPDER-10PK","ACR-20MM-ORGBLKSPDER-1PK","10"
"Bright Bead","silicone","SIL-15MM-BRGHTRED-10PK","SIL-15MM-BRGHTRED-1PK","10"
"12mm Gem  pacer","rhinestone-beads","ACC-GEM-SLVMLT-12MM-10PK","ACC-GEM-SLVMLT-12MM-1PK","10"
"Large Hole  pacer","spacers-accessories","ACC-CRCKD-PUR-25PK","ACC-CRCKD-PUR-1PK","25"
"15mm  miley Face  ilicone Bead","silicone","SIL15-PRNT-SMLYFC-10PK","SIL15-PRNT-SMLYFC-1PK","10"
"16mm Bead","acrylic","ACR-16MM-PSTL-PUR-25PK","ACR-16MM-PSTL-PUR-1PK","25"
"16mm Gold Flake Acrylic Bead","spacers-accessories","ACR-BLK-GF-16-10PK","ACR-BLK-GF-16-10PK","10"
"Dart Board Bead","focal-beads","FOC-REC-DRTBRD-5PK","FOC-REC-DRTBRD-1PK","5"
"16mm Bead","spacers-accessories","ACR-16MM-ORG-SPRL-5PK","ACR-16MM-ORG-SPRL-1PK","5"
"3D Bead Pumpkin Bead","focal-beads","FOC-HAL-3D-PUR-PUMP-5PK","FOC-HAL-3D-PUR-PUMP-1PK","5"
"Large Hole  pacer","spacers-accessories","ACC-FRRY-BLU-10PK","ACC-FRRY-BLU-1PK","10"
"Camper Bead","focal-beads","FOC-VEH-CMPR-TEAL-5PK","FOC-VEH-CMPR-TEAL-1PK","5"
"Mental Health Bead","focal-beads","FOC-MSC-SLFLV-5PK","FOC-MSC-SLFLV-1PK","5"
"Beaded Pen Blank","beadable-pen-blanks","PEN-SOL-OMBRED-5PK","PEN-SOL-OMBRED-1PK","5"
"t Patrick’  Day 20mm Acrylic Bead","acrylic","ACR-20MM-HOL-WEEIRSH-5PK","ACR-20MM-HOL-WEEIRSH-1PK","5"
"Acrylic  tar Charm","charms-dangles","ACC-CHRM-WHTSTR-10PK","ACC-CHRM-WHTSTR-1PK","10"
"Bright Bead","silicone","SIL-15MM-BRGHTBLK-5PK","SIL-15MM-BRGHTBLK-1PK","5"
"Beadable Mirror","beadable-products","BLK-MIR-HRT-WHT-3PK","BLK-MIR-HRT-WHT-1PK","3"
"Halloween Bead","uncategorized","SIL15-PRNT-HLLWNPUR-10PK","SIL15-PRNT-HLLWNPUR-1PK","10"
"Spooky Halloween Flatbacks Ghost Acrylic Cabochons Fall Badge Reel Topper DIY Craft Supplies Leopard Checkerboard Spooky Season","acrylic-flatbacks","FLB-SPKYCHCKRGLTTR-5PK","FLB-SPKYCHCKRGLTTR-1PK","5"
"20mm Bubblegum Bead","acrylic","ACR-XMASSWRL-20MM-5PK","ACR-XMASSWRL-20MM-1PK","5"
"Rod Extender","beadable-products","BLK-RODEXTENDER-25PK","BLK-RODEXTENDER-1PK","25"
"20mm  olid Dark Grey Bead","acrylic","ACR-20MM-SLD-DKGRY-5PK","ACR-20MM-SLD-DKGRY-1PK","5"
"Bigfoot Bead","focal-beads","FOC-MSC-BGFOOT-5PK","FOC-MSC-BGFOOT-1PK","5"
"12mm Bead","acrylic","ACR-12MM-NEON-GRN-20PK","ACR-12MM-NEON-GRN-1PK","20"
"Rod Extender","beadable-products","BLK-RODEXTENDER-50PK","BLK-RODEXTENDER-1PK","50"
"Large Hole  pacer","spacers-accessories","ACC-MRBLE-RED-5PK","ACC-MRBLE-RED-1PK","5"
"10mm Wide Hole Gem  pacer","rhinestone-beads","ACC-GEM-WDHL-LTBLU-10PK","ACC-GEM-WDHL-LTBLU-1PK","10"
"Flo  Bo  Badge Reel Topper","acrylic-flatbacks","FLB-FLSSBSS-5PK","FLB-FLSSBSS-1PK","5"
"16mm Rhinestone Beads Two Tone Crystal Beads Sparkle Bling Beads Beadable Pen Beads Jewelry Making DIY Craft Supplies","rhinestone-beads","RHNST-16MM-2TONE-GRN-10PK","RHNST-16MM-2TONE-GRN-1PK","10"
"20mm Bubblegum Bead","acrylic","ACR-POLTCL-20MM-5PK","ACR-POLTCL-20MM-1PK","5"
"20mm Bubblegum Bead","acrylic","ACR-ABC123-20MM-5PK","ACR-ABC123-20MM-1PK","5"
"20mm  olid Purple Bead","acrylic","ACR-20MM-SLD-PUR-5PK","ACR-20MM-SLD-PUR-1PK","5"
"Large Hole  pacer","spacers-accessories","ACC-CRCKD-LTPNK-5PK","ACC-CRCKD-LTPNK-1PK","5"
"Bonu  Mom Bead","focal-beads","FOC-FAM-BNSDAD-5PK","FOC-FAM-BNSDAD-1PK","5"
"Crazy Collector Bead","focal-beads","FOC-REC-CRZYCLLCTR-5PK","FOC-REC-CRZYCLLCTR-1PK","5"
"3D Bead Bat Bead","focal-beads","FOC-HAL-3D-BAT-5PK","FOC-HAL-3D-BAT-1PK","5"
"20mm  pider Web Bead","acrylic","ACR-20MM-ORGBLKSPDER-5PK","ACR-20MM-ORGBLKSPDER-1PK","5"
"Light Purple  himmer Acrylic Bead","acrylic","ACR-20MM-SHIM-LTPUR-20PK","ACR-20MM-SHIM-LTPUR-1PK","20"
"Pearl Bow Focal Bead","focal-beads","FOC-PRLBOW-ORG-5PK","FOC-PRLBOW-ORG-1PK","5"
"Pew Pew Focal Bead","focal-beads","FOC-ADT-PWPW-5PK","FOC-ADT-PWPW-1PK","5"
"Pen Ink Refill","beadable-products","ACC-INK-PUR-5PK","ACC-INK-PUR-1PK","5"
"16mm Bead","acrylic","ACR-16MM-UVAB-DKPNK-5PK","ACR-16MM-UVAB-DKPNK-1PK","5"
"Cro  Bead","focal-beads","FOC-MSC-WHTSNFLWCRSS-5PK","FOC-MSC-WHTSNFLWCRSS-1PK","5"
"16mm  olid Dark Pink Bead","acrylic","ACR-16MM-SLD-DKPNK-10PK","ACR-16MM-SLD-DKPNK-1PK","10"
"Cupcake Bead","focal-beads","FOC-FOD-DBLETEALCPCKE-5PK","FOC-FOD-DBLETEALCPCKE-1PK","5"
"20mm Bubblegum Bead","mixes-bundles-kits","ACR-PUR-GF-20-10PK","ACR-PUR-GF-20-1PK","10"
"Patriotic Focal Bead","focal-beads","FOC-PAT-PATCRSS-5PK","FOC-PAT-PATCRSS-1PK","5"
"20mm  port  Rhine tone Bead","rhinestone-beads","RHNST-SFTBLL-5PK","RHNST-SFTBLL-5PK","5"
"20mm Bubblegum Bead","acrylic","ACR-REDSNWFK-20MM-20PK","ACR-REDSNWFK-20MM-1PK","20"
"Cro  Bead","focal-beads","FOC-MSC-PURCRSS-5PK","FOC-MSC-PURCRSS-1PK","5"
"20mm White Rhine tone  wirl Bead","rhinestone-beads","RHNST-SWRL-WHTGRN-2PK","RHNST-SWRL-WHTGRN-1PK","2"
"ilicone Round Bead","focal-beads","SIL-12MM-BRN-10PK","SIL-12MM-BRN-1PK","10"
"16mm Acrylic Bead","acrylic","ACR-16MM-SHIM-RED-10PK","ACR-16MM-SHIM-RED-1PK","10"
"ilicone Round Bead","focal-beads","SIL-15MM-EMRLDGRN-10PK","SIL-15MM-EMRLDGRN-1PK","10"
"3","focal-beads","HAL-3D-JR-GRNSPDR-5PK","HAL-3D-JR-GRNSPDR-1PK","5"
"Beadable Cup  traw Attachment","beadable-products","BLK-MKC-MINI-PNK-5PK","BLK-MKC-MINI-PNK-1PK","5"
"Beadable Keychain Blank","beadable-products","BLK-KYCHN-STAR-LTPUR-5PK","BLK-KYCHN-STAR-LTPUR-1PK","5"
"20mm Bubblegum Bead","mixes-bundles-kits","ACR-BLKBCHBLL-16MM-10PK","ACR-BLKBCHBLL-16MM-1PK","10"
"3D  nail Bead","focal-beads","FOC-ANI-3D-DKTEALSNL-5PK","FOC-ANI-3D-DKTEALSNL-1PK","5"
"Bunny Rabbit Bead","focal-beads","FOC-ANI-PNK-BNNY-5PK","FOC-ANI-PNK-BNNY-1PK","5"
"Fall Bead","focal-beads","FOC-HOL-ATMN-5PK","FOC-HOL-ATMN-1PK","5"
"miley Bead","focal-beads","FOC-MSC-PNKSMLY-5PK","FOC-MSC-PNKSMLY-1PK","5"
"16mm Bead","rhinestone-beads","RHNST-MRDGRSMIX-16MM-5PK","RHNST-MRDGRSMIX-16MM-1PK","5"
"20mm Coral Orange Acrylic Bead","clearance-section","CLEARANCE-CRLORG-10PK","CLEARANCE-CRLORG-10PK","10"
"3D Makeup  ilicone Focal Bead","focal-beads","FOC-GRLY-GRLYMX-4PK","FOC-GRLY-GRLYMX-4PK","4"
"Beaded Pen Blank","beadable-pen-blanks","PEN-OMB-BLU-5PK","PEN-OMB-BLU-1PK","5"
"3D Ea ter Bead","focal-beads","FOC-HOL-3D-TEALEGG-5PK","FOC-HOL-3D-TEALEGG-1PK","5"
"Beadable Dog Poop Bag Holder","beadable-products","BLK-DGHLDR-MIX-6PK","BLK-DGHLDR-MIX-6PK","6"
"Elephant Bead","focal-beads","FOC-ANI-BLU-ELEPH-5PK","FOC-ANI-BLU-ELEPH-1PK","5"
"ilicone Round Bead","spacers-accessories","SIL-12MM-FRSTGRN-10PK","SIL-12MM-FRSTGRN-1PK","10"
"Beaded Pen Blank","beadable-pen-blanks","PEN-OMB-YEL-5PK","PEN-OMB-YEL-1PK","5"
"Highland Cow Bead","spacers-accessories","SIL15-PRNT-HGHLNDCW-5PK","SIL15-PRNT-HGHLNDCW-1PK","5"
"20mm Bubblegum Bead","mixes-bundles-kits","ACR-FTBLL-20MM-20PK","ACR-FTBLL-20MM-1PK","20"
"12mm Bead","spacers-accessories","ACR-12MM-CRCKD-YEL-20PK","ACR-12MM-CRCKD-YEL-1PK","20"
"Acrylic Flatback","charms-dangles","FLB-BEOKAY-5PK","FLB-BEOKAY-1PK","5"
"20mm Bubblegum Bead","mixes-bundles-kits","ACR-STRS-20MM-10PK","ACR-STRS-20MM-1PK","10"
"Dump Truck Bead","focal-beads","FOC-VEH-DUMP-YEL-5PK","FOC-VEH-DUMP-YEL-1PK","5"
"Red Bead Mix","mixes-bundles-kits","ACR-REDMIXNEW-20MM-10PK","ACR-REDMIXNEW-20MM-1PK","10"
"3D Chri tian Focal Bead","focal-beads","FOC-3D-JESUS-5PK","FOC-3D-JESUS-1PK","5"
"20mm  olid Red Bead","acrylic","ACR-20MM-SLD-RED-10PK","ACR-20MM-SLD-RED-1PK","10"
"Beaded Pen Blank","beadable-pen-blanks","PEN-SOL-LTPUR-10PK","PEN-SOL-LTPUR-1PK","10"
"20mm  port  Rhine tone Bead","rhinestone-beads","RHNST-BSBLL-10PK","RHNST-BSBLL-1PK","10"
"Galaxy Bead","uncategorized","SIL15-PRNT-GLXY-10PK","SIL15-PRNT-GLXY-1PK","10"
"Medical  ymbol Bead","focal-beads","FOC-PAT-FRDPT-5PK","FOC-PAT-FRDPT-1PK","5"
"20mm Bubblegum Bead","mixes-bundles-kits","ACR-REDSNTABLT-20MM-10PK","ACR-REDSNTABLT-20MM-1PK","10"
"16mm Bead","acrylic","ACR-16MM-UVAB-PNK-5PK","ACR-16MM-UVAB-PNK-1PK","5"
"16mm Bead","acrylic","ACR-16MM-NEON-RED-25PK","ACR-16MM-NEON-RED-1PK","25"
"Tie Dye Bead","uncategorized","SIL15-PRNT-TIEDYE-10PK","SIL15-PRNT-TIEDYE-1PK","10"
"20mm Bubblegum Bead","mixes-bundles-kits","ACR-CKKIESHP-20MM-5PK","ACR-CKKIESHP-20MM-1PK","5"
"10mm Wide Hole Gem  pacer","rhinestone-beads","ACC-GEM-WDHL-GLDIRD-10PK","ACC-GEM-WDHL-GLDIRD-1PK","10"
"3D Bead","charms-dangles","FOC-XMS-TISSEASN-5PK","FOC-XMS-TISSEASN-1PK","5"
"Mom Life Bead","focal-beads","FOC-FAM-BDBTCHPNK-5PK","FOC-FAM-BDBTCHPNK-1PK","5"
"21mm Clear Acrylic Flat Round Bead","acrylic","ACR-CLEARDISC-50PK","ACR-CLEARDISC-1PK","50"
"Printed  ilicone Round Bead","mixes-bundles-kits","SIL-PRNT-15MM-VLLYBLL-10PK","SIL-PRNT-15MM-VLLYBLL-1PK","10"
"tar  &  tripe Bead","uncategorized","SIL15-PRNT-MRCNFLG2-5PK","SIL15-PRNT-MRCNFLG2-1PK","5"
"20mm Bubblegum Bead","mixes-bundles-kits","ACR-READ-20MM-5PK","ACR-READ-20MM-1PK","5"
"10mm Wavy  pacer","rhinestone-beads","ACC-GEMWVY-GLD-10MM-10PK","ACC-GEMWVY-GLD-10MM-1PK","10"
"Candy Bead","focal-beads","FOC-XMS-PNKCNDY-5PK","FOC-XMS-PNKCNDY-1PK","5"
"Large Hole  pacer","spacers-accessories","ACC-CRCKD-GRN-25PK","ACC-CRCKD-GRN-1PK","25"
"12mm Bead","mixes-bundles-kits","ACR-12BLOCK-RDMRYSNFLK-5PK","ACR-12BLOCK-RDMRYSNFLK-1PK","5"
"ilicone Round Bead","focal-beads","SIL-12MM-LTPNK-10PK","SIL-12MM-LTPNK-1PK","10"
"20mm Bubblegum Bead","charms-dangles","ACR-FTBLLMIX-20MM-10PK","ACR-FTBLLMIX-20MM-1PK","10"
"Jelly Wavy  pacer Bead","spacers-accessories","ACC-WAVY-JELLY-100PK","ACC-WAVY-JELLY-1PK","100"
"18mm Marbled Pumpkin XL Hole Bead","acrylic","ACR-18MM-PNKMRBL-PMKN-10PK","ACR-18MM-PNKMRBL-PMKN-1PK","10"
"Fancy Rhine tone Bead","rhinestone-beads","ACC-FNCY-CLR-HRT-5PK","ACC-FNCY-CLR-HRT-1PK","5"
"16mm Bead","acrylic","ACR-16MM-PSTL-DKPNK-5PK","ACR-16MM-PSTL-DKPNK-1PK","5"
"20mm Bubblegum Bead","mixes-bundles-kits","ACR-PWPRNTHRT-20MM-5PK","ACR-PWPRNTHRT-20MM-1PK","5"
"15mm Easter Silicone Beads Bunny Plaid Printed Beads Pastel Blue Beads Round Beads for Pens Lanyard DIY Craft Beads","silicone","SIL15-PRNT-ESTRBNNY-10PK","SIL15-PRNT-ESTRBNNY-1PK","10"
"3D Bead Gho t Bead","focal-beads","FOC-HAL-3D-DDGHST-5PK","FOC-HAL-3D-DDGHST-1PK","5"
"Large Hole  pacer","spacers-accessories","ACC-FRRY-YEL-10PK","ACC-FRRY-YEL-1PK","10"
"3D Bead Beer Focal Bead","focal-beads","FOC-ADT-3D-BRMG-5PK","FOC-ADT-3D-BRMG-1PK","5"
"16mm Rhinestone Beads Two Tone Crystal Beads Sparkle Bling Beads Beadable Pen Beads Jewelry Making DIY Craft Supplies","rhinestone-beads","RHNST-16MM-2TONE-LTBLU-5PK","RHNST-16MM-2TONE-LTBLU-1PK","5"
"We tern  ilicone Focal Bead","focal-beads","FOC-WES-3DBLLBTTMS-5PK","FOC-WES-3DBLLBTTMS-1PK","5"
"20mm Baking Quote Acrylic Bead","mixes-bundles-kits","ACR-INGRDNT-20MM-20PK","ACR-INGRDNT-20MM-1PK","20"
"Ocean Animal Focal Bead","focal-beads","FOC-3D-ANI-SEAHRS-5PK","FOC-3D-ANI-SEAHRS-1PK","5"
"16mm Acrylic Bead","acrylic","ACR-16MM-SHIM-RED-5PK","ACR-16MM-SHIM-RED-1PK","5"
"Cat Bead","focal-beads","FOC-HAL-CTPMKN-5PK","FOC-HAL-CTPMKN-1PK","5"
"Large Hole  pacer","spacers-accessories","ACC-MRBLE-GRN-25PK","ACC-MRBLE-GRN-1PK","25"
"M","silicone","SIL15-PRNT-PNKMTTLC-10PK","SIL15-PRNT-PNKMTTLC-1PK","10"
"Mama Bead","focal-beads","FOC-FAM-TEALGLTTMOM-5PK","FOC-FAM-TEALGLTTMOM-1PK","5"
"Beaded Pen Blank","beadable-pen-blanks","PEN-SOL-BBYBLU-5PK","PEN-SOL-BBYBLU-1PK","5"
"Dance  ilicone Focal Bead","focal-beads","FOC-SPT-GRLLVSDNC-5PK","FOC-SPT-GRLLVSDNC-1PK","5"
"3D Fruit Focal Bead","focal-beads","FOC-FOD-3DLEMNSLC-5PK","FOC-FOD-3DLEMNSLC-1PK","5"
"ticker Heart Beadable Cup Charm Blank","beadable-products","BLK-STCKR-HRT-KYCHN-LTPNK-5PK","BLK-STCKR-HRT-KYCHN-LTPNK-1PK","5"
"port  Bead","focal-beads","FOC-SPT-BSBLLMT-5PK","FOC-SPT-BSBLLMT-1PK","5"
"Cowboy Boot Bead","focal-beads","FOC-WES-TEALCWBYBTS-5PK","FOC-WES-TEALCWBYBTS-1PK","5"
"3D Large Bow  ilicone Focal Bead","focal-beads","FOC-TAILBW-HTPNK-5PK","FOC-TAILBW-HTPNK-1PK","5"
"20mm  port  Rhine tone Bead","rhinestone-beads","RHNST-SCCR-2PK","RHNST-SCCR-1PK","2"
"Glitter Bead","uncategorized","SIL12-GLTTRPNK-5PK","SIL12-GLTTRPNK-1PK","5"
"Candy Bead","focal-beads","FOC-XMS-BLKCNDY-5PK","FOC-XMS-BLKCNDY-1PK","5"
"3D  occer Focal Bead","focal-beads","FOC-SPT-3D-MVPTRPHY-5PK","FOC-SPT-3D-MVPTRPHY-1PK","5"
"God Bead","focal-beads","FOC-MSC-GOD-5PK","FOC-MSC-GOD-1PK","5"
"ilicone Round Bead","focal-beads","SIL-LENT-AQUA-10PK","SIL-LENT-AQUA-1PK","10"
"2","acrylic","ACR-PNTSPLT-GRN-20MM-20PK","ACR-PNTSPLT-GRN-20MM-1PK","20"
"Hor e Bead","focal-beads","FOC-ANI-BLKHRSHOE-5PK","FOC-ANI-BLKHRSHOE-1PK","5"
"20mm Bead","mixes-bundles-kits","ACR-20MM-METAL-LTPNK-10PK","ACR-20MM-METAL-LTPNK-1PK","10"
"16mm Clear Bubble Acrylic Beads Color Core Round Beads Transparent Beads Beadable Pen Beads Jewelry Making Craft Supplies","acrylic","ACR-16MM-BBLE-RED-5PK","ACR-16MM-BBLE-RED-1PK","5"
"3","focal-beads","HAL-3D-JR-PURSPDR-5PK","HAL-3D-JR-PURSPDR-1PK","5"
"3D Bead Bucket Bead","focal-beads","FOC-HAL-GRNBCKT-5PK","FOC-HAL-GRNBCKT-1PK","5"
"Large Hole  pacer","spacers-accessories","ACC-FRRY-DKBLU-5PK","ACC-FRRY-DKBLU-1PK","5"
"16mm Acrylic Bead","acrylic","ACR-16MM-SHIM-DKBLU-5PK","ACR-16MM-SHIM-DKBLU-1PK","5"
"ilicone Round Bead","spacers-accessories","SIL-15MM-DKYEL-10PK","SIL-15MM-DKYEL-1PK","10"
"Rhine tone Bow  pacer Bead","rhinestone-beads","ACC-FNCY-GRN-BOW-5PK","ACC-FNCY-GRN-BOW-1PK","5"
"3D  nail Bead","focal-beads","FOC-ANI-3D-NWGRNSNL-5PK","FOC-ANI-3D-NWGRNSNL-1PK","5"
"miley Bead","focal-beads","FOC-MSC-TEALSMLY-5PK","FOC-MSC-TEALSMLY-1PK","5"
"16mm Crochet Bead","spacers-accessories","ACC-CRCHT-SLMN-5PK","ACC-CRCHT-SLMN-1PK","5"
"20mm Bead","rhinestone-beads","RHNST-YELBLK-20MM-2PK","RHNST-YELBLK-20MM-1PK","2"
"ilicone Round Bead","focal-beads","SIL-LENT-LMGRN-10PK","SIL-LENT-LMGRN-1PK","10"
"Horror Character Bead","focal-beads","FOC-HAL-BTLJC-5PK","FOC-HAL-BTLJC-1PK","5"
"20mm  olid Bright Yellow Bead","acrylic","ACR-20MM-SLD-BRGHTYEL-25PK","ACR-20MM-SLD-BRGHTYEL-1PK","25"
"Red  tar Bead","uncategorized","SIL15-PRNT-REDSTR-10PK","SIL15-PRNT-REDSTR-1PK","10"
"Beadable Cup  traw Attachment","beadable-products","BLK-MKC-MINI-RED-5PK","BLK-MKC-MINI-RED-1PK","5"
"Book   picy Coffee Icy Bead","focal-beads","FOC-ADT-BKSPCYCFFE-5PK","FOC-ADT-BKSPCYCFFE-1PK","5"
"16mm Acrylic Bead","acrylic","ACR-16MM-SHIM-GRY-20PK","ACR-16MM-SHIM-GRY-1PK","20"
"20mm Bubblegum Bead","mixes-bundles-kits","ACR-YELBCHBLL-20MM-10PK","ACR-YELBCHBLL-20MM-1PK","10"
"20mm Acrylic Bead","mixes-bundles-kits","ACR-20MM-GLTTR-PUR-10PK","ACR-20MM-GLTTR-PUR-10PK","10"
"Beaded Pen Blank","beadable-pen-blanks","PEN-SOL-GLTDKPNK-10PK","PEN-SOL-GLTDKPNK-1PK","10"
"Gold Flake Acrylic Bead  16mm","spacers-accessories","ACR-16MM-GLDFLKE-MIX-6PC","ACR-16MM-GLDFLKE-MIX-6PC","6"
"Mom Bead","focal-beads","FOC-FAM-OTPTINCE-5PK","FOC-FAM-OTPTINCE-1PK","5"
"Elephant Bead","focal-beads","FOC-ANI-DASY-ELEPH-5PK","FOC-ANI-DASY-ELEPH-1PK","5"
"Tree Bead","focal-beads","FOC-XMS-CRYNTREE-5PK","FOC-XMS-CRYNTREE-1PK","5"
"Thank giving Bead","focal-beads","FOC-HOL-THNKVBES-5PK","FOC-HOL-THNKVBES-1PK","5"
"16mm Bead","mixes-bundles-kits","ACR-16MM-UVAB-RNBW-25PK","ACR-16MM-UVAB-RNBW-1PK","25"
"12mm Bead","mixes-bundles-kits","ACR-12BLOCK-REDSNWFLK-10PK","ACR-12BLOCK-REDSNWFLK-1PK","10"
"Acrylic  tar Charm","charms-dangles","ACC-CHRM-PNKSTR-10PK","ACC-CHRM-PNKSTR-1PK","10"
"14mm Pink Rhine tone Bead","rhinestone-beads","RHNST-PNK-14MM-5PK","RHNST-PNK-14MM-1PK","5"
"Work Here Bead","focal-beads","FOC-SAR-WRKHERE-5PK","FOC-SAR-WRKHERE-1PK","5"
"Bead  for Teacher","focal-beads","FOC-SCH-APPLRED-5PK","FOC-SCH-APPLRED-1PK","5"
"Beaded Pen Blank","beadable-pen-blanks","PEN-SOL-OMBRED-10PK","PEN-SOL-OMBRED-1PK","10"
"20mm Bubblegum Bead","mixes-bundles-kits","ACR-GRN-GF-20-20PK","ACR-GRN-GF-20-1PK","20"
"20mm Bubblegum Bead","mixes-bundles-kits","ACR-8BALL-20MM-5PK","ACR-8BALL-20MM-1PK","5"
"16mm Acrylic Bead","acrylic","ACR-16MM-SHIM-WHT-10PK","ACR-16MM-SHIM-WHT-1PK","10"
"3D Bead  now Globe Bead","charms-dangles","FOC-XMS-3D-GLOBE-5PK","FOC-XMS-3D-GLOBE-1PK","5"
"ilicone Round Bead","focal-beads","SIL-15MM-SKYBLU-10PK","SIL-15MM-SKYBLU-1PK","10"
"Wavy  pacer","spacers-accessories","ACC-WAVY-SIL-10PK","ACC-WAVY-SIL-1PK","10"
"10mm Wavy  pacer","rhinestone-beads","ACC-GEMWVY-SLV-10MM-10PK","ACC-GEMWVY-SLV-10MM-1PK","10"
"P","focal-beads","FOC-PAT-MRCAGLTTBOW-5PK","FOC-PAT-MRCAGLTTBOW-1PK","5"
"20mm Bubblegum Bead","mixes-bundles-kits","ACR-BSKTBLL-20MM-20PK","ACR-BSKTBLL-20MM-1PK","20"
"Large Hole  pacer","spacers-accessories","ACC-CRCKD-YEL-5PK","ACC-CRCKD-YEL-1PK","5"
"Acrylic Attachment Piece","charms-dangles","ACC-ACRPCS-20PK","ACC-ACRPCS-1PK","20"
"Printed Bead 15mm Round Bead","uncategorized","SIL15-PRNT-CNDYCN-10PK","SIL15-PRNT-CNDYCN-1PK","10"
"20mm Bubblegum Bead","acrylic","ACR-BSTGRNDMA-20MM-10PK","ACR-BSTGRNDMA-20MM-1PK","10"
"3D Airplane Focal Bead","focal-beads","FOC-VEH-ARPLN-BLU-5PK","FOC-VEH-ARPLN-BLU-1PK","5"
"20mm Bubblegum Bead","mixes-bundles-kits","ACR-MRMD-20MM-10PK","ACR-MRMD-20MM-1PK","10"
"Beadable Pen Packaging Bag  for  mall Bu ine","beadable-products","ACC-PCKG-HLOSLV-20PK","ACC-PCKG-HLOSLV-1PK","20"
"ilicone Lentil Bead Mix","spacers-accessories","SIL-LENT-MIX-30PC","SIL-LENT-MIX-30PC","30"
"15mm Fuzzy  pacer Bead","spacers-accessories","ACC-FZZY-BLK-25PK","ACC-FZZY-BLK-1PK","25"
"20mm Bubblegum Bead","acrylic","ACR-SPKYVBS-20MM-20PK","ACR-SPKYVBS-20MM-1PK","20"
"Patriotic Focal Bead","focal-beads","FOC-PAT-PATRSSTR-5PK","FOC-PAT-PATRSSTR-1PK","5"
"Tree Bead","focal-beads","FOC-XMS-CHTHTREE-5PK","FOC-XMS-CHTHTREE-1PK","5"
"3D Coffee Cup Bead","focal-beads","FOC-FOD-3DFRSHCP-5PK","FOC-FOD-3DFRSHCP-1PK","5"
"16mm  olid Dark Red Bead","acrylic","ACR-16MM-SLD-DKRED-25PK","ACR-16MM-SLD-DKRED-1PK","25"
"20mm Bubblegum Bead","mixes-bundles-kits","ACR-RED-GF-20-20PK","ACR-RED-GF-20-1PK","20"
"15mm Bead","charms-dangles","SIL15-PRNT-CHEETAH-10PK","SIL15-PRNT-CHEETAH-1PK","10"
"18mm Marbled Pumpkin XL Hole Bead","acrylic","ACR-18MM-YELMRBL-PMKN-20PK","ACR-18MM-YELMRBL-PMKN-1PK","20"
"Beadable Garden Tool  et","beadable-products","GRDN-YEL-2PK","GRDN-YEL-1PK","2"
"12mm Gem  pacer","rhinestone-beads","ACC-GEM-BRN-12MM-10PK","ACC-GEM-BRN-12MM-1PK","10"
"3D Bead Robot Bead","focal-beads","FOC-MSC-HRTRBT-5PK","FOC-MSC-HRTRBT-1PK","5"
"Cat Bead","focal-beads","FOC-HAL-FBLS-5PK","FOC-HAL-FBLS-1PK","5"
"20mm Acrylic Bead","mixes-bundles-kits","ACR-20MM-GLTTR-IVRY-10PK","ACR-20MM-GLTTR-IVRY-10PK","10"
"Pa tel Acrylic Bead  16mm","spacers-accessories","ACR-PSTL-MIX-30PC","ACR-PSTL-MIX-30PC","30"
"3D Fruit Focal Bead","focal-beads","FOC-FOD-3DBNNA-5PK","FOC-FOD-3DBNNA-1PK","5"
"Chri tma   ilicone Jar Focal Bead","focal-beads","HAL-3D-JR-WHTSNWFLKE-5PK","HAL-3D-JR-WHTSNWFLKE-1PK","5"
"Book Bead","focal-beads","FOC-SCH-GRYBOOK-5PK","FOC-SCH-GRYBOOK-1PK","5"
"Motorcycle Bead","focal-beads","FOC-VEH-MTRCYCLMIX-5PK","FOC-VEH-MTRCYCLMIX-5PK","5"
"20mm Bubblegum Bead","mixes-bundles-kits","ACR-ORGPMPKN-20MM-10PK","ACR-ORGPMPKN-20MM-1PK","10"
"3D Bead Ro e Bead","charms-dangles","FOC-SPR-3D-YELRS-5PK","FOC-SPR-3D-YELRS-1PK","5"
"Bright Bead","silicone","SIL-15MM-BRGHTDKBLU-5PK","SIL-15MM-BRGHTDKBLU-1PK","5"
"Beaded Pen Blank","beadable-pen-blanks","PEN-CHR-LTPNK-5PK","PEN-CHR-LTPNK-1PK","5"
"20mm White Rhine tone  wirl Bead","rhinestone-beads","RHNST-SWRL-WHTTEAL-2PK","RHNST-SWRL-WHTTEAL-1PK","2"
"3D Bead Gho t Bead","focal-beads","FOC-HAL-3D-SMPNKGHST-5PK","FOC-HAL-3D-SMPNKGHST-1PK","5"
"Highland Cow Bead","spacers-accessories","SIL15-PRNT-HGHLNDCW-10PK","SIL15-PRNT-HGHLNDCW-1PK","10"
"16mm Rhinestone Beads Two Tone Crystal Beads Sparkle Bling Beads Beadable Pen Beads Jewelry Making DIY Craft Supplies","rhinestone-beads","RHNST-16MM-2TONE-DKBLU-10PK","RHNST-16MM-2TONE-DKBLU-1PK","10"
"Ba eball Mom Bead","focal-beads","FOC-SPT-BSBLMOMERA-5PK","FOC-SPT-BSBLMOMERA-1PK","5"
"3D Focal Bead","focal-beads","FOC-MSC-3D-GRLALEN-5PK","FOC-MSC-3D-GRLALEN-1PK","5"
"port  Bead","focal-beads","FOC-SPT-BSBLLMM-5PK","FOC-SPT-BSBLLMM-1PK","5"
"3D Bead Thank giving Bead","focal-beads","FOC-HOL-3D-FTHRTRKY-5PK","FOC-HOL-3D-FTHRTRKY-1PK","5"
"Large Hole  pacer","spacers-accessories","ACC-CRCKD-LTPNK-10PK","ACC-CRCKD-LTPNK-1PK","10"
"16mm True Crime Junkie Acrylic Bead","acrylic","ACR-16MM-TRUCRME-10PK","ACR-16MM-TRUCRME-1PK","10"
"3D  occer Focal Bead","focal-beads","FOC-SPT-3D-SCCRHRT-5PK","FOC-SPT-3D-SCCRHRT-1PK","5"
"port  Bow  ilicone Focal Bead","focal-beads","FOC-SPT-SFBLLBGBW-5PK","FOC-SPT-SFBLLBGBW-1PK","5"
"16mm Bead","spacers-accessories","ACR-16MM-ORG-SPRL-10PK","ACR-16MM-ORG-SPRL-1PK","10"
"20mm Bead","rhinestone-beads","RHNST-DKPNK-20MM-2PK","RHNST-DKPNK-20MM-1PK","2"
"20mm Bubblegum Bead","mixes-bundles-kits","ACR-GRNBCHBLL-20MM-5PK","ACR-GRNBCHBLL-20MM-1PK","5"
"15mm  miley Face  ilicone Bead","silicone","SIL15-PRNT-SMLYFC-5PK","SIL15-PRNT-SMLYFC-1PK","5"
"Beadable Keychain Blank","beadable-products","BLK-KYCHN-STAR-BRGHTORG-5PK","BLK-KYCHN-STAR-BRGHTORG-1PK","5"
"Beaded Pen Blank","beadable-pen-blanks","PEN-SOL-GLTPUR-10PK","PEN-SOL-GLTPUR-1PK","10"
"Beadable Keychain Blank","beadable-products","BLK-KYCHN-STAR-MNTGRN-5PK","BLK-KYCHN-STAR-MNTGRN-1PK","5"
"20mm Bubblegum Bead","acrylic","ACR-PPPRMNT-20MM-10PK","ACR-PPPRMNT-20MM-1PK","10"
"20mm Bead","mixes-bundles-kits","ACR-20MM-METAL-PUR-10PK","ACR-20MM-METAL-PUR-1PK","10"
"Large Hole  pacer","spacers-accessories","ACC-MRBLE-GRN-5PK","ACC-MRBLE-GRN-1PK","5"
"Beaded Pen Blank","beadable-pen-blanks","PEN-SOL-METPNK-10PK","PEN-SOL-METPNK-1PK","10"
"ilicone Round Bead","focal-beads","SIL-12MM-WHT-10PK","SIL-12MM-WHT-1PK","10"
"Beadable Cup  traw Attachment","beadable-products","BLK-MKC-MINI-RSGLD-5PK","BLK-MKC-MINI-RSGLD-1PK","5"
"16mm Acrylic Bead","acrylic","ACR-16MM-SHIM-PUR-10PK","ACR-16MM-SHIM-PUR-1PK","10"
"Acrylic Flatback","charms-dangles","FLB-CTRLTHMDS-5PK","FLB-CTRLTHMDS-1PK","5"
"16mm Clear Bubble Acrylic Beads Color Core Round Beads Transparent Beads Beadable Pen Beads Jewelry Making Craft Supplies","acrylic","ACR-16MM-BBLE-LTPNK-5PK","ACR-16MM-BBLE-LTPNK-1PK","5"
"H","mixes-bundles-kits","ACR-HLLWNMIX-M-20MM-5PK","ACR-HLLWNMIX-M-20MM-1PK","5"
"M","mixes-bundles-kits","SIL15-PRNT-GRNMRBL-10PK","SIL15-PRNT-GRNMRBL-1PK","10"
"3D Ea ter Bead","focal-beads","FOC-HOL-3D-RBBT-5PK","FOC-HOL-3D-RBBT-1PK","5"
"Butterfly Bead","focal-beads","FOC-ANI-BUTTGRN-5PK","FOC-ANI-BUTTGRN-1PK","5"
"16mm Bead","acrylic","ACR-16MM-UVAB-WHT-5PK","ACR-16MM-UVAB-WHT-1PK","5"
"Black Plaid Bead","charms-dangles","SIL15-PRNT-BLKBUF-10PK","SIL15-PRNT-BLKBUF-1PK","10"
"Ba  Fi h Bead","charms-dangles","FOC-FAM-BSSFSH-5PK","FOC-FAM-BSSFSH-1PK","5"
"Beaded Pen Blank","beadable-pen-blanks","PEN-CHR-GRNCHR-5PK","PEN-CHR-GRNCHR-1PK","5"
"Acrylic Flatback","charms-dangles","FLB-SCLWRKCHTH-5PK","FLB-SCLWRKCHTH-1PK","5"
"20mm Bubblegum Bead","mixes-bundles-kits","ACR-BLU-GF-20-10PK","ACR-BLU-GF-20-1PK","10"
"Large Hole  pacer","spacers-accessories","ACC-FRRY-HTPNK-10PK","ACC-FRRY-HTPNK-1PK","10"
"20mm Black Blue Rhine tone  wirl Bead","rhinestone-beads","RHNST-SWRL-BLKBLU-5PK","RHNST-SWRL-BLKBLU-1PK","5"
"12mm Bead","mixes-bundles-kits","ACR-12BLOCK-MIX-10PK","ACR-12BLOCK-MIX-10PK","10"
"15mm Cracked Bead","spacers-accessories","SIL15-PRNT-CRCKDDKPNK-10PK","SIL15-PRNT-CRCKDDKPNK-1PK","10"
"20mm  port  Rhine tone Bead","rhinestone-beads","RHNST-FTBLL-2PK","RHNST-FTBLL-1PK","2"
"20mm Acrylic Bead","mixes-bundles-kits","ACR-20MM-SHIM-BLU-20PK","ACR-20MM-SHIM-BLU-1PK","20"
"Funny Bead","focal-beads","FOC-ADT-STUPID-5PK","FOC-ADT-STUPID-1PK","5"
"DIY  nowflake Keychain","beadable-products","BLK-SNWFLK-BAR-GLD-5PK","BLK-SNWFLK-BAR-GLD-1PK","5"
"16mm Rhine tone Bead","rhinestone-beads","RHNST-WHT-16MM-10PK","RHNST-WHT-16MM-1PK","10"
"Duck Bead","focal-beads","FOC-ANI-PNKDCK-5PK","FOC-ANI-PNKDCK-1PK","5"
"Pearl Bow Focal Bead","focal-beads","FOC-PRLBOW-GRN-5PK","FOC-PRLBOW-GRN-1PK","5"
"Printed Bead 15mm Round Bead","uncategorized","SIL15-PRNT-DBBIETREE-10PK","SIL15-PRNT-DBBIETREE-1PK","10"
"F","mixes-bundles-kits","ACR-16MM-FRSTD-BLU-25PK","ACR-16MM-FRSTD-BLU-1PK","25"
"20mm Bead","rhinestone-beads","RHNST-YELBLK-20MM-10PK","RHNST-YELBLK-20MM-1PK","10"
"16mm Clear Bubble Acrylic Beads Color Core Round Beads Transparent Beads Beadable Pen Beads Jewelry Making Craft Supplies","acrylic","ACR-16MM-BBLE-WHT-5PK","ACR-16MM-BBLE-WHT-1PK","5"
"Large Hole  pacer","spacers-accessories","ACC-FRRY-PNK-10PK","ACC-FRRY-PNK-1PK","10"
"15mm Bead","charms-dangles","SIL15-PRNT-PURSWL-10PK","SIL15-PRNT-PURSWL-1PK","10"
"Flower Bead","focal-beads","FOC-SPR-PCHFLWR-5PK","FOC-SPR-PCHFLWR-1PK","5"
"Marijuana Bead","focal-beads","FOC-ADT-LTGRNLF-5PK","FOC-ADT-LTGRNLF-1PK","5"
"16mm Rhinestone Beads Two Tone Crystal Beads Sparkle Bling Beads Beadable Pen Beads Jewelry Making DIY Craft Supplies","rhinestone-beads","RHNST-16MM-2TONE-PNK-5PK","RHNST-16MM-2TONE-PNK-1PK","5"
"20mm Bubblegum Bead","acrylic","ACR-XMASSWRL-20MM-10PK","ACR-XMASSWRL-20MM-1PK","10"
"Ea ter Bead","silicone","SIL15-PRNT-PSTLHRTS-10PK","SIL15-PRNT-PSTLHRTS-1PK","10"
"20mm Bead","rhinestone-beads","RHNST-GRN-20MM-10PK","RHNST-GRN-20MM-1PK","10"
"16mm Crime  cene Acrylic Bead","acrylic","ACR-16MM-CRMSCNE-10PK","ACR-16MM-CRMSCNE-1PK","10"
"20mm Bubblegum Bead","rhinestone-beads","ACR-DSCOBLL-20MM-20PK","ACR-DSCOBLL-20MM-1PK","20"
"3D Bead Book Worm Bead","focal-beads","FOC-SCH-DKPNKBKWRM-5PK","FOC-SCH-DKPNKBKWRM-1PK","5"
"Silicone Blush Pink Spacer Beads Round Lentil Beads 12mm 15mm for Beadable Pens Keychains DIY Crafts Bulk 5pc 10pc","spacers-accessories","SIL-12MM-BLSH-10PK","SIL-12MM-BLSH-1PK","10"
"Beaded Pen Blank","beadable-pen-blanks","PEN-SOL-GLTSHNPUR-10PK","PEN-SOL-GLTSHNPUR-1PK","10"
"Tool Focal Bead   et","focal-beads","FOC-MAN-DRLL-5PK","FOC-MAN-DRLL-1PK","5"
"Fire Helmet Bead","focal-beads","FOC-PAT-FRHLMT-WHT-5PK","FOC-PAT-FRHLMT-WHT-1PK","5"
"P","clearance-section","CLEARANCE-PWPRNTHRT-10PK","CLEARANCE-PWPRNTHRT-10PK","10"
"20mm Bubblegum Bead","mixes-bundles-kits","ACR-WHTSPDRWB-20MM-5PK","ACR-WHTSPDRWB-20MM-1PK","5"
"Dump Truck Bead","focal-beads","FOC-VEH-DUMP-PNK-5PK","FOC-VEH-DUMP-PNK-1PK","5"
"Badge Reel","beadable-products","BLK-BDRL-CLIP-PNK-3PK","BLK-BDRL-CLIP-PNK-1PK","3"
"Coffee Gnome","focal-beads","FOC-FOD-COFGNME-5PK","FOC-FOD-COFGNME-1PK","5"
"t. Patrick'  Day Bead","focal-beads","FOC-HOL-CHTHCLVR-5PK","FOC-HOL-CHTHCLVR-1PK","5"
"Beaded Pen Blank","beadable-pen-blanks","PEN-SOL-WHT-10PK","PEN-SOL-WHT-1PK","10"
"3D Peacock  ilicone Focal Bead","focal-beads","FOC-3D-ANI-LTBLUPECCK-5PK","FOC-3D-ANI-LTBLUPECCK-1PK","5"
"arca tic Focal  ilicone Bead","focal-beads","FOC-SAR-PRCRSTNTIN-5PK","FOC-SAR-PRCRSTNTIN-1PK","5"
"Galaxy Wavy  pacer Bead","spacers-accessories","ACC-WAVY-GALAXY-100PK","ACC-WAVY-GALAXY-1PK","100"
"Silicone Hot Pink Spacer Beads Round Abacus Lentil Beads 12mm 14mm 15mm for Beadable Pens Keychains DIY Crafts Bulk 5pc 10pc","spacers-accessories","SIL-15MM-HTPNK-10PK","SIL-15MM-HTPNK-1PK","10"
"Large Fancy Rhine tone  quare Bead","rhinestone-beads","CLEARANCE-FNCY-RED-5PK","CLEARANCE-FNCY-RED-1PK","5"
"18mm Marbled Pumpkin XL Hole Bead","acrylic","ACR-18MM-TEALMRBL-PMKN-20PK","ACR-18MM-TEALMRBL-PMKN-1PK","20"
"Mardi Gra  Flatback Cabochon","charms-dangles","FLB-MRDIGRAS-5PK","FLB-MRDIGRAS-1PK","5"
"3D Bead Pink Flamingo Bead","focal-beads","FOC-ANI-3D-FLMNGO-5PK","FOC-ANI-3D-FLMNGO-1PK","5"
"Large Hole  pacer","spacers-accessories","ACC-MRBLE-GRN-10PK","ACC-MRBLE-GRN-1PK","10"
"16mm Crochet Bead","spacers-accessories","ACC-CRCHT-YEL-10PK","ACC-CRCHT-YEL-1PK","10"
"16mm Rhine tone Bead","rhinestone-beads","RHNST-BLU-16MM-2PK","RHNST-BLU-16MM-1PK","2"
"Baby Cow Bead","charms-dangles","FOC-ANI-REDHAT-5PK","FOC-ANI-REDHAT-1PK","5"
"Big Flower Bead","focal-beads","FOC-SPR-BGWHTDSY-5PK","FOC-SPR-BGWHTDSY-1PK","5"
"Retro Flower Bead","silicone","SIL15-PRNT-RTRFLWR-10PK","SIL15-PRNT-RTRFLWR-1PK","10"
"U A Bead","uncategorized","SIL-PRNT-15MM-USA-5PK","SIL-PRNT-15MM-USA-1PK","5"
"Empty 3D  ilicone Jar Focal Bead","focal-beads","3D-JR-EMPTY-ORG-5PK","3D-JR-EMPTY-ORG-1PK","5"
"20mm Acrylic Bead","mixes-bundles-kits","ACR-20MM-GLTTR-GRY-10PK","ACR-20MM-GLTTR-GRY-10PK","10"
"16mm Light Pink Rhine tone Bead","rhinestone-beads","RHNST-LTPNK-16MM-10PK","RHNST-LTPNK-16MM-1PK","10"
"3D Bead","charms-dangles","FOC-XMS-3D-GRNTREE2-5PK","FOC-XMS-3D-GRNTREE2-1PK","5"
"15mm Bead","charms-dangles","SIL15-PRNT-DKPNKSWL-5PK","SIL15-PRNT-DKPNKSWL-1PK","5"
"16mm  olid Dark Brown Bead","acrylic","ACR-16MM-SLD-DKBRN-25PK","ACR-16MM-SLD-DKBRN-1PK","25"
"3D Bead Bow Bead","charms-dangles","FOC-XMS-3D-REDBOW-5PK","FOC-XMS-3D-REDBOW-1PK","5"
"65mm Printed  ilicone Ring","focal-beads","ACC-RNGREDPLD-5PK","ACC-RNGREDPLD-1PK","5"
"Fluffy Bead Pen Blank","beadable-pen-blanks","PEN-BNDL-FLUFFY-10PK","PEN-BNDL-FLUFFY-10PK","10"
"20mm Bubblegum Bead","mixes-bundles-kits","ACR-AMRCNSTR-20MM-10PK","ACR-AMRCNSTR-20MM-1PK","10"
"Acrylic Flatback","charms-dangles","FLB-HWTONRSE-5PK","FLB-HWTONRSE-1PK","5"
"Yellow Duck Bead","uncategorized","SIL15-PRNT-YELDCK-5PK","SIL15-PRNT-YELDCK-1PK","5"
"ilicone Round Bead","focal-beads","SIL-LENT-YEL-10PK","SIL-LENT-YEL-1PK","10"
"15mm Fuzzy  pacer Bead","spacers-accessories","ACC-FZZY-RED-5PK","ACC-FZZY-RED-1PK","5"
"16mm Bead","acrylic","ACR-16MM-NEON-ORG-10PK","ACR-16MM-NEON-ORG-1PK","10"
"Acrylic Flatback","charms-dangles","FLB-MRRYSNTA-5PK","FLB-MRRYSNTA-1PK","5"
"20mm White Rhine tone  wirl Bead","rhinestone-beads","RHNST-SWRL-WHTORG-2PK","RHNST-SWRL-WHTORG-1PK","2"
"Bunny Rabbit Bead","focal-beads","FOC-ANI-DKBLU-BNNY-5PK","FOC-ANI-DKBLU-BNNY-1PK","5"
"Acrylic Flatback","charms-dangles","FLB-BKSLVLANG-5PK","FLB-BKSLVLANG-1PK","5"
"M","silicone","SIL15-PRNT-GLDMTTLC-5PK","SIL15-PRNT-GLDMTTLC-1PK","5"
"12mm Gem  pacer","rhinestone-beads","ACC-GEM-BLU-12MM-10PK","ACC-GEM-BLU-12MM-1PK","10"
"Chri tma  Bead","focal-beads","FOC-XMS-WHTTREE-5PK","FOC-XMS-WHTTREE-1PK","5"
"Giraffe Bead","silicone","SIL15-PRNT-GRFFE-10PK","SIL15-PRNT-GRFFE-1PK","10"
"16mm Crochet Bead","spacers-accessories","ACC-CRCHT-ORG-5PK","ACC-CRCHT-ORG-1PK","5"
"13mm Ribbed Barrel  pacer Bead","spacers-accessories","ACC-RBBDSPCR-SLV-10PK","ACC-RBBDSPCR-SLV-1PK","10"
"Printed Bead 15mm Round Bead","uncategorized","SIL15-PRNT-SLLYGOOSE-10PK","SIL15-PRNT-SLLYGOOSE-1PK","10"
"20mm Bandana Acrylic Bead","mixes-bundles-kits","ACR-20MM-BNDNA-YEL-5PK","ACR-20MM-BNDNA-YEL-1PK","5"
"Beaded Pen Blank","beadable-pen-blanks","PEN-SOL-PSTBLU-5PK","PEN-SOL-PSTBLU-1PK","5"
"16mm Bead","acrylic","ACR-16MM-UVAB-DKPNK-25PK","ACR-16MM-UVAB-DKPNK-1PK","25"
"16mm Clear Bubble Acrylic Beads Color Core Round Beads Transparent Beads Beadable Pen Beads Jewelry Making Craft Supplies","acrylic","ACR-16MM-BBLE-BLU-10PK","ACR-16MM-BBLE-BLU-1PK","10"
"16mm E pre o Pearl Bead","acrylic","ACR-16MM-PRL-ESPRSSO-25PK","ACR-16MM-PRL-ESPRSSO-1PK","25"
"F","mixes-bundles-kits","ACR-16MM-FRSTD-YEL-10PK","ACR-16MM-FRSTD-YEL-1PK","10"
"ilicone Round Bead","focal-beads","SIL-LENT-DIMGRY-10PK","SIL-LENT-DIMGRY-1PK","10"
"Highland Cow Flatback","acrylic-flatbacks","FLB-FLWRSHGHLNDCW-5PK","FLB-FLWRSHGHLNDCW-1PK","5"
"20mm Bubblegum Bead","mixes-bundles-kits","ACR-REDBLKSPLT-20MM-10PK","ACR-REDBLKSPLT-20MM-1PK","10"
"Pearl  pacer","spacers-accessories","ACC-PEARL-12MM-100PK","ACC-PEARL-12MM-1PK","100"
"2","acrylic","ACR-PNTSWRL-YEL1-20MM-20PK","ACR-PNTSWRL-YEL1-20MM-1PK","20"
"ilicone Clam  hell  pacer Bead","spacers-accessories","FOC-CLMSHLL-WHT-5PK","FOC-CLMSHLL-WHT-1PK","5"
"16mm Bead","acrylic","ACR-16MM-UVAB-LTPUR-25PK","ACR-16MM-UVAB-LTPUR-1PK","25"
"20mm  olid Orange Bead","acrylic","ACR-20MM-SLD-ORG-25PK","ACR-20MM-SLD-ORG-1PK","25"
"20mm Bubblegum Bead","mixes-bundles-kits","ACR-SNTABBY-20MM-10PK","ACR-SNTABBY-20MM-1PK","10"
"Wavy  pacer","spacers-accessories","ACC-WAVY-GLD-100PK","ACC-WAVY-GLD-1PK","100"
"10mm Sports Bead","spacers-accessories","ACR-10MM-SPRTS-BSBLL-50PK","ACR-10MM-SPRTS-BSBLL-1PK","50"
"Large Hole  pacer","spacers-accessories","ACC-CRCKD-GRN-10PK","ACC-CRCKD-GRN-1PK","10"
"P","acrylic","ACR-PNTSWRL-PSTL-20MM-10PK","ACR-PNTSWRL-PSTL-20MM-1PK","10"
"20mm Rhine tone Bead","rhinestone-beads","RHNST-SPRLBLKSLV-20MM-10PK","RHNST-SPRLBLKSLV-20MM-1PK","10"
"Lob ter Bead","charms-dangles","FOC-ANI-3D-LBSTR-5PK","FOC-ANI-3D-LBSTR-1PK","5"
"Dog Paw Keychain Bar","beadable-products","BLK-DOGPAW-DKPNK-5PK","BLK-DOGPAW-DKPNK-1PK","5"
"20mm Acrylic Bead","mixes-bundles-kits","ACR-20MM-GLTTR-LTBLU-10PK","ACR-20MM-GLTTR-LTBLU-10PK","10"
"20mm Bubblegum Bead","rhinestone-beads","ACR-YELMIX-20MM-10PK","ACR-YELMIX-20MM-1PK","10"
"14mm Light Orange Rhine tone Bead","rhinestone-beads","RHNST-ORG-14MM-10PK","RHNST-ORG-14MM-1PK","10"
"Horror Character Bead","focal-beads","FOC-HAL-SCRM-5PK","FOC-HAL-SCRM-1PK","5"
"Vintage  anta Bead","focal-beads","FOC-XMS-VNTGSNTA-5PK","FOC-XMS-VNTGSNTA-1PK","5"
"Red Buffalo Plaid Bead","uncategorized","SIL15-PRNT-REDBUF-10PK","SIL15-PRNT-REDBUF-1PK","10"
"Beadable Keychain Blank","beadable-products","BLK-KYCHN-STAR-DKBLU-5PK","BLK-KYCHN-STAR-DKBLU-1PK","5"
"Silicone Dark Purple Spacer Beads Round Abacus Lentil Beads 12mm 14mm 15mm for Beadable Pens Keychains DIY Crafts Bulk 5pc 10pc","spacers-accessories","SIL-ABA-DKPUR-5PK","SIL-ABA-DKPUR-1PK","5"
"16mm Crochet Bead","spacers-accessories","ACC-CRCHT-GRY-5PK","ACC-CRCHT-GRY-1PK","5"
"Beaded Pen Blank","beadable-pen-blanks","PEN-SOL-GLTBRN-10PK","PEN-SOL-GLTBRN-1PK","10"
"Funny Bead","charms-dangles","FOC-XMS-BETHELT-5PK","FOC-XMS-BETHELT-1PK","5"
"65mm Printed  ilicone Ring","focal-beads","ACC-RNGBEES-5PK","ACC-RNGBEES-1PK","5"
"Book Bead","focal-beads","FOC-SCH-BLUBOOK-5PK","FOC-SCH-BLUBOOK-1PK","5"
"20mm Acrylic Bead","acrylic","ACR-20MM-SHIM-GRN-5PK","ACR-20MM-SHIM-GRN-1PK","5"
"Be Kind Bead","focal-beads","FOC-MSC-RCTNGLKND-5PK","FOC-MSC-RCTNGLKND-1PK","5"
"ilicone Round Bead","spacers-accessories","SIL-15MM-FRSTGRN-10PK","SIL-15MM-FRSTGRN-1PK","10"
"20mm Bubblegum Bead","mixes-bundles-kits","ACR-REDGRNCHCKRD-20MM-5PK","ACR-REDGRNCHCKRD-20MM-1PK","5"
"ilicone Round Bead","focal-beads","SIL-15MM-GRY-10PK","SIL-15MM-GRY-1PK","10"
"Marijuana Bead","focal-beads","FOC-ADT-DKGRNLF-5PK","FOC-ADT-DKGRNLF-1PK","5"
"12mm Ivory Bead","spacers-accessories","ACR-12MM-SHIM-IVY-20PK","ACR-12MM-SHIM-IVY-1PK","20"
"ilicone Round Bead","spacers-accessories","SIL-15MM-MTWHT-10PK","SIL-15MM-MTWHT-1PK","10"
"pooky Bead","focal-beads","FOC-HAL-WHTSPKY-5PK","FOC-HAL-WHTSPKY-1PK","5"
"Acrylic Flatback","charms-dangles","FLB-DENSQU-5PK","FLB-DENSQU-1PK","5"
"Large Hole  pacer","spacers-accessories","ACC-FRRY-BLU-5PK","ACC-FRRY-BLU-1PK","5"
"Butterfly Bead","uncategorized","SIL15-PRNT-BTTRFLY-10PK","SIL15-PRNT-BTTRFLY-1PK","10"
"16mm Gold Rhine tone Bead","rhinestone-beads","RHNST-GLD-16MM-2PK","RHNST-GLD-16MM-1PK","2"
"3D Large Bow  ilicone Focal Bead","focal-beads","FOC-TAILBW-MIX-8PK","FOC-TAILBW-MIX-8PK","8"
"16mm Crochet Bead","spacers-accessories","ACC-CRCHT-PSTLBLU-10PK","ACC-CRCHT-PSTLBLU-1PK","10"
"Ocean Animal Focal Bead","focal-beads","FOC-3D-ANI-TUNA-5PK","FOC-3D-ANI-TUNA-1PK","5"
"Ho pice Bead","focal-beads","FOC-OCC-HSPCNRSE-5PK","FOC-OCC-HSPCNRSE-1PK","5"
"Granny Bow Focal Bead","focal-beads","FOC-FAM-GRNNY-PNK-5PK","FOC-FAM-GRNNY-PNK-1PK","5"
"3D Coffee Cup Bead","charms-dangles","FOC-FOD-3DGRLBSSCP-5PK","FOC-FOD-3DGRLBSSCP-1PK","5"
"Elephant Bead","focal-beads","FOC-ANI-LTPNK-ELEPH-5PK","FOC-ANI-LTPNK-ELEPH-1PK","5"
"16mm Crochet Bead","spacers-accessories","ACC-CRCHT-LTBRN-5PK","ACC-CRCHT-LTBRN-1PK","5"
"Acrylic Flatback","charms-dangles","FLB-VMPRE-5PK","FLB-VMPRE-1PK","5"
"ilicone Round Bead","focal-beads","SIL-15MM-PUR-10PK","SIL-15MM-PUR-1PK","10"
"3D Bead Bat Bead","charms-dangles","FOC-ANI-3D-DKGRYBAT-5PK","FOC-ANI-3D-DKGRYBAT-1PK","5"
"20mm Acrylic Bead","mixes-bundles-kits","ACR-20MM-SHIM-GRY-10PK","ACR-20MM-SHIM-GRY-1PK","10"
"20mm Bubblegum Bead","mixes-bundles-kits","ACR-PLYNGCRDS-20MM-10PK","ACR-PLYNGCRDS-20MM-1PK","10"
"Fancy Rhine tone Bead","rhinestone-beads","ACC-FNCY-RED-SQU-5PK","ACC-FNCY-RED-SQU-1PK","5"
"20mm Bubblegum Bead","mixes-bundles-kits","ACR-SMLYFCE-20MM-20PK","ACR-SMLYFCE-20MM-1PK","20"
"20mm Bubblegum Bead","mixes-bundles-kits","ACR-ESTRSPRNKL-20MM-5PK","ACR-ESTRSPRNKL-20MM-1PK","5"
"3D Bead Grim Reaper Bead","focal-beads","FOC-HAL-3D-GRIM-5PK","FOC-HAL-3D-GRIM-1PK","5"
"20mm  olid Peach Bead","acrylic","ACR-20MM-SLD-PCH-10PK","ACR-20MM-SLD-PCH-1PK","10"
"Beaded Pen Blank","beadable-pen-blanks","PEN-SOL-GLTRED-10PK","PEN-SOL-GLTRED-1PK","10"
"Glitter Bead","uncategorized","SIL15-GLTTRBLU-5PK","SIL15-GLTTRBLU-1PK","5"
"15mm Fuzzy  pacer Bead","spacers-accessories","ACC-FZZY-PNKCHTH-25PK","ACC-FZZY-PNKCHTH-1PK","25"
"Black Bead Mix","mixes-bundles-kits","ACR-BLKMIXNEW-20MM-10PK","ACR-BLKMIXNEW-20MM-1PK","10"
"DIY  nowflake Keychain","beadable-products","BLK-SNWFLK-BAR-RED-5PK","BLK-SNWFLK-BAR-RED-1PK","5"
"Ea ter Bead","focal-beads","FOC-HOL-CHCK-5PK","FOC-HOL-CHCK-1PK","5"
"20mm Bubblegum Bead","mixes-bundles-kits","ACR-REDGRNCHCKRD-20MM-20PK","ACR-REDGRNCHCKRD-20MM-1PK","20"
"20mm  port  Rhine tone Bead","rhinestone-beads","RHNST-SFTBLL-10PK","RHNST-SFTBLL-10PK","10"
"Pa tel Wavy  pacer Bead","spacers-accessories","ACC-WAVY-PSTL-10PK","ACC-WAVY-PSTL-1PK","10"
"port  Bead","focal-beads","FOC-SPT-WRSTMOM-5PK","FOC-SPT-WRSTMOM-1PK","5"
"Silicone Light Blue Spacer Beads Round Abacus Lentil Beads 12mm 14mm 15mm for Beadable Pens Keychains DIY Crafts Bulk 5pc 10pc","spacers-accessories","SIL-LENT-LTBLU-10PK","SIL-LENT-LTBLU-1PK","10"
"16mm  olid Orange Bead","acrylic","ACR-16MM-SLD-ORG-5PK","ACR-16MM-SLD-ORG-1PK","5"
"16mm Bead","mixes-bundles-kits","ACR-16MM-UVAB-DARK-10PK","ACR-16MM-UVAB-DARK-1PK","10"
"ilicone Round Bead","focal-beads","SIL-ABA-AQUA-5PK","SIL-ABA-AQUA-1PK","5"
"Di c  pacer","spacers-accessories","ACC-DISC-RGLD-100PK","ACC-DISC-RGLD-1PK","100"
"ilicone Round Bead","spacers-accessories","SIL-15MM-BTRED-10PK","SIL-15MM-BTRED-1PK","10"
"Corny Bead","uncategorized","FOC-HAL-CRNYBTCH-5PK","FOC-HAL-CRNYBTCH-1PK","5"
"20mm Bubblegum Bead","acrylic","ACR-CHLDRN-20MM-20PK","ACR-CHLDRN-20MM-1PK","20"
"Large Hole  pacer","spacers-accessories","ACC-MRBLE-YEL-25PK","ACC-MRBLE-YEL-1PK","25"
"20mm White Rhine tone  wirl Bead","rhinestone-beads","RHNST-SWRL-WHTDKBLU-2PK","RHNST-SWRL-WHTDKBLU-1PK","2"
"20mm Bandana Acrylic Bead","mixes-bundles-kits","ACR-20MM-BNDNA-RED-20PK","ACR-20MM-BNDNA-RED-1PK","20"
"Teacher Bead","focal-beads","FOC-HAL-STYSPKYFC-5PK","FOC-HAL-STYSPKYFC-1PK","5"
"3D Bead Day of the Dead Bead","focal-beads","FOC-HAL-DYDEADWHT-5PK","FOC-HAL-DYDEADWHT-1PK","5"
"Hockey Focal Bead","charms-dangles","FOC-SPT-HCKYPLYR-5PK","FOC-SPT-HCKYPLYR-1PK","5"
"3D Bead Penguin Bead","charms-dangles","FOC-XMS-3D-SNOWMN-5PK","FOC-XMS-3D-SNOWMN-1PK","5"
"12mm Gem  pacer","rhinestone-beads","ACC-GEM-RED-12MM-10PK","ACC-GEM-RED-12MM-1PK","10"
"Halloween Bead","uncategorized","SIL15-PRNT-HELP-10PK","SIL15-PRNT-HELP-1PK","10"
"Ea ter Bead","silicone","SIL-PRNT-15MM-PLKADOT-5PK","SIL-PRNT-15MM-PLKADOT-1PK","5"
"Ocean Animal Focal Bead","focal-beads","FOC-3D-ANI-SQUD-5PK","FOC-3D-ANI-SQUD-1PK","5"
"3D Bead Bucket Bead","focal-beads","FOC-HAL-WHTBCKT-5PK","FOC-HAL-WHTBCKT-1PK","5"
"12mm Wavy  pacer","rhinestone-beads","ACC-GEMWVY-GLD-12MM-10PK","ACC-GEMWVY-GLD-12MM-1PK","10"
"16mm Acrylic Bead","acrylic","ACR-16MM-SHIM-LTPUR-5PK","ACR-16MM-SHIM-LTPUR-1PK","5"
"Printed  ilicone Round Bead","mixes-bundles-kits","SIL-PRNT-15MM-BSKTBLL-10PK","SIL-PRNT-15MM-BSKTBLL-1PK","10"
"Chri tma  Bead","focal-beads","FOC-XMS-MRNGPRSN-5PK","FOC-XMS-MRNGPRSN-1PK","5"
"Large Hole  pacer","spacers-accessories","ACC-CRCKD-RED-25PK","ACC-CRCKD-RED-1PK","25"
"Beaded Pen Acce orie","spacers-accessories","ACC-SNAKE-5PK","ACC-SNAKE-1PK","5"
"3D Bead  pider Bead","focal-beads","FOC-HAL-3D-SPDRBLK-5PK","FOC-HAL-3D-SPDRBLK-1PK","5"
"20mm Bubblegum Bead","mixes-bundles-kits","ACR-PMPKNSPC-20MM-10PK","ACR-PMPKNSPC-20MM-1PK","10"
"Printed Bead 15mm Round Bead","uncategorized","SIL15-PRNT-DBBIETREE-5PK","SIL15-PRNT-DBBIETREE-1PK","5"
"Large Hole  pacer","spacers-accessories","ACC-CRCKD-BLU-10PK","ACC-CRCKD-BLU-1PK","10"
"Father  Day Bead","focal-beads","FOC-FAM-HPPYTHRSDY-5PK","FOC-FAM-HPPYTHRSDY-1PK","5"
"DIY  nowflake Keychain","beadable-products","BLK-SNWFLK-BAR-SLV-5PK","BLK-SNWFLK-BAR-SLV-1PK","5"
"20mm  pider Web Bead","acrylic","ACR-20MM-WHTBLKSPDER-10PK","ACR-20MM-WHTBLKSPDER-1PK","10"
"Nur e Bead","focal-beads","FOC-OCC-CFFEENRSE-5PK","FOC-OCC-CFFEENRSE-1PK","5"
"Cactu  Bead","charms-dangles","FOC-WES-GRNCCTS-5PK","FOC-WES-GRNCCTS-1PK","5"
"20mm Bubblegum Bead","mixes-bundles-kits","ACR-SLVSNWFK-20MM-5PK","ACR-SLVSNWFK-20MM-1PK","5"
"20mm Bubblegum Bead","mixes-bundles-kits","ACR-PNKSPRNKL-20MM-10PK","ACR-PNKSPRNKL-20MM-1PK","10"
"14mm Rhine tone Bead","rhinestone-beads","RHNST-RED-14MM-10PK","RHNST-RED-14MM-1PK","10"
"Ro e Bead","uncategorized","SIL15-PRNT-RSES-10PK","SIL15-PRNT-RSES-1PK","10"
"20mm White Rhine tone  wirl Bead","rhinestone-beads","RHNST-SWRL-WHTDKPUR-2PK","RHNST-SWRL-WHTDKPUR-1PK","2"
"Acrylic Attachment Piece","charms-dangles","ACC-ACRPCS-50PK","ACC-ACRPCS-1PK","50"
"10mm Wide Hole Gem  pacer","rhinestone-beads","ACC-GEM-WDHL-DKRED-10PK","ACC-GEM-WDHL-DKRED-1PK","10"
"20mm  olid Purple Bead","acrylic","ACR-20MM-SLD-PUR-10PK","ACR-20MM-SLD-PUR-1PK","10"
"chool Bu  Bead","focal-beads","FOC-SCH-SMBUS-5PK","FOC-SCH-SMBUS-1PK","5"
"Hooded Cow Bead","focal-beads","FOC-ANI-YELHDIECW-5PK","FOC-ANI-YELHDIECW-1PK","5"
"Fancy Rhine tone Bead","rhinestone-beads","ACC-FNCY-GRN-SQU-5PK","ACC-FNCY-GRN-SQU-1PK","5"
"Fancy Rhine tone Bead","rhinestone-beads","ACC-FNCY-YEL-HRT-5PK","ACC-FNCY-YEL-HRT-1PK","5"
"15mm Bead","charms-dangles","SIL15-PRNT-PURSWL-5PK","SIL15-PRNT-PURSWL-1PK","5"
"Mama Bead","focal-beads","CLEARANCE-GRLMOM-5PK","CLEARANCE-GRLMOM-1PK","5"
"3D Avocado","charms-dangles","FOC-FOD-AVCDO-5PK","FOC-FOD-AVCDO-1PK","5"
"16mm Orange  pider Web Acrylic Halloween Bead","acrylic","ACR-16MM-SQRE-ORGSPDR-10PK","ACR-16MM-SQRE-ORGSPDR-1PK","10"
"3D Police Focal Bead","charms-dangles","FOC-OCC-3D-YELVST-5PK","FOC-OCC-3D-YELVST-1PK","5"
"Chri tian Flatback","acrylic-flatbacks","FLB-LUVLKJESUS-5PK","FLB-LUVLKJESUS-1PK","5"
"Cow Bead","focal-beads","FOC-ANI-HEIFER-5PK","FOC-ANI-HEIFER-1PK","5"
"Playing Card Bead","mixes-bundles-kits","SIL-PRNT-15MM-PLYCRDS-10PK","SIL-PRNT-15MM-PLYCRDS-1PK","10"
"Printed Bead 15mm Round Bead","uncategorized","SIL15-PRNT-CFFEEBEAN-5PK","SIL15-PRNT-CFFEEBEAN-1PK","5"
"Horror Character Bead","focal-beads","FOC-HAL-CHCKY-5PK","FOC-HAL-CHCKY-1PK","5"
"Elephant Bead","focal-beads","FOC-ANI-PNK-BELLY-5PK","FOC-ANI-PNK-BELLY-1PK","5"
"Beaded Pen Blank","beadable-pen-blanks","PEN-OMB-LTORG-5PK","PEN-OMB-LTORG-1PK","5"
"Dance  ilicone Focal Bead","focal-beads","FOC-SPT-PNTYRFT-5PK","FOC-SPT-PNTYRFT-1PK","5"
"ilicone Round Bead","spacers-accessories","SIL-ABA-MTWHT-5PK","SIL-ABA-MTWHT-1PK","5"
"Printed  ilicone Round Bead","mixes-bundles-kits","SIL-PRNT-15MM-BSBLL-10PK","SIL-PRNT-15MM-BSBLL-1PK","10"
"3D Baby Bear Bead","focal-beads","FOC-ANI-3D-YELBBYBR-5PK","FOC-ANI-3D-YELBBYBR-1PK","5"
"Gnome Bead","focal-beads","FOC-HOL-GNMETHREE-5PK","FOC-HOL-GNMETHREE-1PK","5"
"ilicone Round Bead","spacers-accessories","SIL-ABA-METSLV-5PK","SIL-ABA-METSLV-1PK","5"
"Fall Bead","uncategorized","SIL15-PRNT-HALBOW-5PK","SIL15-PRNT-HALBOW-1PK","5"
"3D Cat  ilicone Focal Bead","focal-beads","FOC-ANI-3D-SITORG-5PK","FOC-ANI-3D-SITORG-1PK","5"
"2","acrylic","ACR-PNTSWRL-RED1-20MM-10PK","ACR-PNTSWRL-RED1-20MM-1PK","10"
"20mm Bubblegum Bead","mixes-bundles-kits","ACR-BLDSPLT-20MM-10PK","ACR-BLDSPLT-20MM-1PK","10"
"16mm Acrylic Bead","acrylic","ACR-16MM-SHIM-BLU-20PK","ACR-16MM-SHIM-BLU-1PK","20"
"Printed Faux Leather Ta el","charms-dangles","ACC-PRNTTSSL-CMO-5PK","ACC-PRNTTSSL-CMO-1PK","5"
"enior Bead","charms-dangles","FOC-SCH-GRDSQD-5PK","FOC-SCH-GRDSQD-1PK","5"
"16mm Gold Flake Acrylic Bead","spacers-accessories","ACR-PUR-GF-16-10PK","ACR-PUR-GF-16-10PK","10"
"15mm Fuzzy  pacer Bead","spacers-accessories","ACC-FZZY-WHT-25PK","ACC-FZZY-WHT-1PK","25"
"Bright Bead","silicone","SIL-15MM-BRGHTGRY-10PK","SIL-15MM-BRGHTGRY-1PK","10"
"Acrylic Flatback","charms-dangles","FLB-SNDWNSNST-5PK","FLB-SNDWNSNST-1PK","5"
"Mixed Bundle Bead","focal-beads","BEAD-BNDL-WSTRN-30PK","BEAD-BNDL-WSTRN-30PK","30"
"15mm Fuzzy  pacer Bead","spacers-accessories","ACC-FZZY-WHTCHTH-5PK","ACC-FZZY-WHTCHTH-1PK","5"
"20mm  olid Peach Bead","acrylic","ACR-20MM-SLD-PCH-25PK","ACR-20MM-SLD-PCH-1PK","25"
"ilicone Cup  traw Topper","charms-dangles","ACC-STRWTOP-CRDNL-5PK","ACC-STRWTOP-CRDNL-1PK","5"
"20mm Bubblegum Bead","acrylic","ACR-REDSWRL-20MM-10PK","ACR-REDSWRL-20MM-1PK","10"
"Glitter Bead","uncategorized","SIL15-GLTTRRED-5PK","SIL15-GLTTRRED-1PK","5"
"ilicone Round Bead","focal-beads","SIL-12MM-EMRLDGRN-10PK","SIL-12MM-EMRLDGRN-1PK","10"
"Pink Bead","silicone","SIL15-PRNT-PNKPOLK-10PK","SIL15-PRNT-PNKPOLK-1PK","10"
"Fancy Rhine tone Bead","rhinestone-beads","ACC-FNCY-PNK-HRT-5PK","ACC-FNCY-PNK-HRT-1PK","5"
"16mm Clear Bubble Acrylic Beads Color Core Round Beads Transparent Beads Beadable Pen Beads Jewelry Making Craft Supplies","acrylic","ACR-16MM-BBLE-DK-10PK","ACR-16MM-BBLE-DK-1PK","10"
"14mm Rhine tone Bead","rhinestone-beads","RHNST-YEL-14MM-5PK","RHNST-YEL-14MM-1PK","5"
"20mm White Rhine tone  wirl Bead","rhinestone-beads","RHNST-SWRL-WHTLTPNK-5PK","RHNST-SWRL-WHTLTPNK-1PK","5"
"Green Plaid Bead","mixes-bundles-kits","SIL15-PRNT-GRNBFFLO-10PK","SIL15-PRNT-GRNBFFLO-1PK","10"
"Rhine tone Bow  pacer Bead","rhinestone-beads","ACC-FNCY-IRIDSCNT-BOW-5PK","ACC-FNCY-IRIDSCNT-BOW-1PK","5"
"16mm  olid Purple Bead","acrylic","ACR-16MM-SLD-PUR-5PK","ACR-16MM-SLD-PUR-1PK","5"
"20mm Bubblegum Bead","mixes-bundles-kits","ACR-LTPNKBCHBLL-20MM-10PK","ACR-LTPNKBCHBLL-20MM-1PK","10"
"14mm Pink Rhine tone Bead","rhinestone-beads","RHNST-PNK-14MM-10PK","RHNST-PNK-14MM-1PK","10"
"16mm Bead","acrylic","ACR-16MM-PSTL-IVRY-5PK","ACR-16MM-PSTL-IVRY-1PK","5"
"20mm Bubblegum Bead","acrylic","ACR-GLDSNWFK-20MM-20PK","ACR-GLDSNWFK-20MM-1PK","20"
"We tern  ilicone Focal Bead","focal-beads","FOC-WES-3DMNYGNME-5PK","FOC-WES-3DMNYGNME-1PK","5"
"20mm Bandana Acrylic Bead","mixes-bundles-kits","ACR-20MM-BNDNA-PNK-20PK","ACR-20MM-BNDNA-PNK-1PK","20"
"Good Vibe  Bead","focal-beads","FOC-MSC-GDVBS-5PK","FOC-MSC-GDVBS-1PK","5"
"3D Coffee  ilicone Focal Bead","focal-beads","FOC-3D-COWCFFEECUP-5PK","FOC-3D-COWCFFEECUP-1PK","5"
"20mm White Rhine tone  wirl Bead","rhinestone-beads","RHNST-SWRL-WHTLTPNK-10PK","RHNST-SWRL-WHTLTPNK-1PK","10"
"65mm Printed  ilicone Ring","focal-beads","ACC-RNGFRT-5PK","ACC-RNGFRT-1PK","5"
"D","silicone","SIL15-PRNT-DOGS-10PK","SIL15-PRNT-DOGS-1PK","10"
"Bird Bead","focal-beads","FOC-SPR-BRDHSE-BLU-5PK","FOC-SPR-BRDHSE-BLU-1PK","5"
"20mm Bandana Acrylic Bead","mixes-bundles-kits","ACR-20MM-BNDNA-MIX-10PK","ACR-20MM-BNDNA-MIX-10PK","10"
"20mm Bubblegum Bead","mixes-bundles-kits","ACR-PURSPRNKL-20MM-20PK","ACR-PURSPRNKL-20MM-1PK","20"
"16mm Gold Flake Acrylic Bead","spacers-accessories","ACR-GRN-GF-16-10PK","ACR-GRN-GF-16-10PK","10"
"20mm  olid Grey Bead","acrylic","ACR-20MM-SLD-GRY-25PK","ACR-20MM-SLD-GRY-1PK","25"
"12mm Bead","mixes-bundles-kits","ACR-12BLOCK-REDTREE-5PK","ACR-12BLOCK-REDTREE-1PK","5"
"Gnome Bead","focal-beads","FOC-HAL-GNMHTCHT-5PK","FOC-HAL-GNMHTCHT-1PK","5"
"Blood  platter Bead","uncategorized","SIL15-PRNT-BLDSPLTTR-10PK","SIL15-PRNT-BLDSPLTTR-1PK","10"
"Beadable Keychain Blank","beadable-products","BLK-KYCHN-STAR-GLD-5PK","BLK-KYCHN-STAR-GLD-1PK","5"
"ilicone Abacu  Bead Mix","spacers-accessories","SIL-ABA-MIX-30PC","SIL-ABA-MIX-30PC","30"
"16mm  olid Peach Bead","acrylic","ACR-16MM-SLD-PCH-25PK","ACR-16MM-SLD-PCH-1PK","25"
"Beadable Garden Tool  et","beadable-products","GRDN-BLK-4PK","GRDN-BLK-1PK","4"
"Beaded Pen Blank","beadable-pen-blanks","PEN-SOL-METGRN-10PK","PEN-SOL-METGRN-1PK","10"
"14mm Rhine tone Bead","rhinestone-beads","RHNST-WHT-14MM-10PK","RHNST-WHT-14MM-1PK","10"
"F","mixes-bundles-kits","ACR-16MM-FRSTD-LTPNK-25PK","ACR-16MM-FRSTD-LTPNK-1PK","25"
"20mm Bubblegum Bead","mixes-bundles-kits","ACR-SLVSNWFK-20MM-10PK","ACR-SLVSNWFK-20MM-1PK","10"
"M","mixes-bundles-kits","SIL15-PRNT-LTPNKMRBL-10PK","SIL15-PRNT-LTPNKMRBL-1PK","10"
"Coach  ilicone Focal Bead","focal-beads","FOC-SPT-FTBLLCCH-5PK","FOC-SPT-FTBLLCCH-1PK","5"
"3D Chri tian Focal Bead","focal-beads","FOC-3D-NUN-5PK","FOC-3D-NUN-1PK","5"
"pooky Bead","focal-beads","FOC-HAL-TEALSPKY-5PK","FOC-HAL-TEALSPKY-1PK","5"
"3D Bead Gho t Bead","focal-beads","FOC-HAL-3D-EYEBLL-5PK","FOC-HAL-3D-EYEBLL-1PK","5"
"16mm  olid Orange Bead","acrylic","ACR-16MM-SLD-ORG-25PK","ACR-16MM-SLD-ORG-1PK","25"
"20mm Bubblegum Bead","mixes-bundles-kits","ACR-XMASMIX-20MM-50PK","ACR-XMASMIX-20MM-1PK","50"
"Beadable Keychain Blank","beadable-products","BLK-KYCHN-STAR-SLV-5PK","BLK-KYCHN-STAR-SLV-1PK","5"
"Wavy  pacer","spacers-accessories","ACC-WAVY-MAT-10PK","ACC-WAVY-MAT-1PK","10"
"Pink Leopard Bead","uncategorized","SIL15-PRNT-PNKLPRD-5PK","SIL15-PRNT-PNKLPRD-1PK","5"
"Beaded Pen Blank","beadable-pen-blanks","PEN-SOL-OMBPUR-10PK","PEN-SOL-OMBPUR-1PK","10"
"18mm Marbled Pumpkin XL Hole Bead","acrylic","ACR-18MM-PNKMRBL-PMKN-20PK","ACR-18MM-PNKMRBL-PMKN-1PK","20"
"Beaded Pen Blank","beadable-pen-blanks","PEN-SOL-DKGLTRED-5PK","PEN-SOL-DKGLTRED-1PK","5"
"20mm Bubblegum Bead","mixes-bundles-kits","ACR-BLUBCHBLL-20MM-5PK","ACR-BLUBCHBLL-20MM-1PK","5"
"20mm Bubblegum Bead","mixes-bundles-kits","ACR-PTRTCSPRNKLS-20MM-10PK","ACR-PTRTCSPRNKLS-20MM-1PK","10"
"20mm Bead","rhinestone-beads","RHNST-LMGRN-20MM-2PK","RHNST-LMGRN-20MM-1PK","2"
"Beadable Keychain","beadable-products","BLK-KEY-REG-SLV-5PK","BLK-KEY-REG-SLV-1PK","5"
"16mm Bead","rhinestone-beads","RHNST-ABCMIX-16MM-2PK","RHNST-ABCMIX-16MM-1PK","2"
"Pirate  hip Bead  20mm Acrylic","acrylic","ACR-PRATE-20MM-20PK","ACR-PRATE-20MM-1PK","20"
"20mm Bubblegum Bead","mixes-bundles-kits","ACR-MNTFOIL-20MM-5PK","ACR-MNTFOIL-20MM-1PK","5"
"3D Bead Dolphin Bead","focal-beads","FOC-ANI-3D-DKBLUDLPHN-5PK","FOC-ANI-3D-DKBLUDLPHN-1PK","5"
"20mm Bubblegum Bead","mixes-bundles-kits","ACR-GRN-GF-20-10PK","ACR-GRN-GF-20-1PK","10"
"Pig Bead","focal-beads","FOC-ANI-PIG-5PK","FOC-ANI-PIG-1PK","5"
"Beaded Pen Blank","beadable-pen-blanks","PEN-SOL-BBYBLU-10PK","PEN-SOL-BBYBLU-1PK","10"
"Cactu  Bead","uncategorized","SIL15-PRNT-CCTSWSTRN-5PK","SIL15-PRNT-CCTSWSTRN-1PK","5"
"20mm Bubblegum Bead","mixes-bundles-kits","ACR-BRNCWPRNT-20MM-10PK","ACR-BRNCWPRNT-20MM-1PK","10"
"Large Hole  pacer","spacers-accessories","ACC-MRBLE-WHT-25PK","ACC-MRBLE-WHT-1PK","25"
"Wild Life Bead","spacers-accessories","SIL15-PRNT-WLDLFE-5PK","SIL15-PRNT-WLDLFE-1PK","5"
"Large Hole  pacer","spacers-accessories","ACC-CRCKD-PUR-5PK","ACC-CRCKD-PUR-1PK","5"
"3D Bead Robot Bead","focal-beads","FOC-MSC-LTBLURBT-5PK","FOC-MSC-LTBLURBT-1PK","5"
"Pink Plaid Bead","mixes-bundles-kits","SIL15-PRNT-PNKBUF-5PK","SIL15-PRNT-PNKBUF-1PK","5"
"18mm Marbled Pumpkin XL Hole Bead","acrylic","ACR-18MM-YELMRBL-PMKN-10PK","ACR-18MM-YELMRBL-PMKN-1PK","10"
"20mm Bubblegum Bead","mixes-bundles-kits","ACR-PWPRNTHRT-20MM-10PK","ACR-PWPRNTHRT-20MM-1PK","10"
"t. Patrick'  Day Bead","focal-beads","FOC-HOL-CLVRGNM-5PK","FOC-HOL-CLVRGNM-1PK","5"
"10mm Sports Bead","spacers-accessories","ACR-10MM-SPRTS-TNNS-100PK","ACR-10MM-SPRTS-TNNS-1PK","100"
"20mm Bubblegum Bead","mixes-bundles-kits","ACR-HOHOHO-20MM-5PK","ACR-HOHOHO-20MM-1PK","5"
"Duck Bead","focal-beads","FOC-ANI-BLUDCK-5PK","FOC-ANI-BLUDCK-1PK","5"
"Pa tel Wavy  pacer Bead","spacers-accessories","ACC-WAVY-PSTL-50PK","ACC-WAVY-PSTL-1PK","50"
"16mm Crime  cene Acrylic Bead","acrylic","ACR-16MM-CRMSCNE-5PK","ACR-16MM-CRMSCNE-1PK","5"
"16mm Bead","spacers-accessories","ACR-16MM-GRN-SPRL-20PK","ACR-16MM-GRN-SPRL-1PK","20"
"20mm Acrylic Bead","mixes-bundles-kits","ACR-20MM-SHIM-LTPUR-10PK","ACR-20MM-SHIM-LTPUR-1PK","10"
"ticker Heart Beadable Cup Charm Blank","beadable-products","BLK-STCKR-HRT-KYCHN-SLV-5PK","BLK-STCKR-HRT-KYCHN-SLV-1PK","5"
"Mixed  ilicone Bead  Bundle","mixes-bundles-kits","BEAD-BNDL-CLRFLLPRD-30PK","BEAD-BNDL-CLRFLLPRD-30PK","30"
"20mm Bubblegum Bead","mixes-bundles-kits","ACR-GRNCH-20MM-5PK","ACR-GRNCH-20MM-1PK","5"
"12mm Bead","mixes-bundles-kits","ACR-12BLOCK-REDSNWFLK-5PK","ACR-12BLOCK-REDSNWFLK-1PK","5"
"arca tic Bead","focal-beads","FOC-SAR-PNTBTTR-5PK","FOC-SAR-PNTBTTR-1PK","5"
"16mm Clear Bubble Acrylic Beads Color Core Round Beads Transparent Beads Beadable Pen Beads Jewelry Making Craft Supplies","acrylic","ACR-16MM-BBLE-LTPNK-10PK","ACR-16MM-BBLE-LTPNK-1PK","10"
"16mm Rhine tone Bead","rhinestone-beads","RHNST-PUR-16MM-5PK","RHNST-PUR-16MM-1PK","5"
"Mu hroom Bead","focal-beads","FOC-SPR-GRNMSHRM-5PK","FOC-SPR-GRNMSHRM-1PK","5"
"16mm Acrylic Bead","acrylic","ACR-16MM-SHIM-LTGRN-5PK","ACR-16MM-SHIM-LTGRN-1PK","5"
"16mm Gold Flake Acrylic Bead","spacers-accessories","ACR-PNK-GF-16-20PK","ACR-PNK-GF-16-20PK","20"
"2","acrylic","ACR-20MM-HOL-ESTRGNM-10PK","ACR-20MM-HOL-ESTRGNM-1PK","10"
"16mm Printed Bead","mixes-bundles-kits","ACR-CHRIS-MIX-16-20PK","ACR-CHRIS-MIX-16-20PK","20"
"Printed Bead  ilicone Round Bead","silicone","SIL15-PRNT-REDSWL-5PK","SIL15-PRNT-REDSWL-1PK","5"
"Pumpkin Bead","focal-beads","FOC-HAL-WSTRNPMKNLT-5PK","FOC-HAL-WSTRNPMKNLT-1PK","5"
"ilicone Cup  traw Topper","charms-dangles","ACC-STRWTOP-GRNTREE-5PK","ACC-STRWTOP-GRNTREE-1PK","5"
"ilicone Round Bead","focal-beads","SIL-ABA-PUR-5PK","SIL-ABA-PUR-1PK","5"
"16mm Gold Flake Acrylic Bead","spacers-accessories","ACR-PUR-GF-16-20PK","ACR-PUR-GF-16-20PK","20"
"16mm Bead","acrylic","ACR-16MM-UVAB-LTPNK-25PK","ACR-16MM-UVAB-LTPNK-1PK","25"
"Funny Phra e  Bead","focal-beads","FOC-SAR-FLTSBOAT-5PK","FOC-SAR-FLTSBOAT-1PK","5"
"15mm Cracked Bead","spacers-accessories","SIL15-PRNT-CRCKDBLU-5PK","SIL15-PRNT-CRCKDBLU-1PK","5"
"3D Cow","focal-beads","FOC-ANI-3D-COW-5PK","FOC-ANI-3D-COW-1PK","5"
"Printed Bead  ilicone Round Bead","silicone","SIL15-PRNT-CAMO-5PK","SIL15-PRNT-CAMO-1PK","5"
"M","silicone","SIL15-PRNT-GRNMTTLC-5PK","SIL15-PRNT-GRNMTTLC-1PK","5"
"Large Hole  pacer","spacers-accessories","ACC-FRRY-GRN-5PK","ACC-FRRY-GRN-1PK","5"
"Patriotic Bead","charms-dangles","FOC-PAT-HGHLNDCW-5PK","FOC-PAT-HGHLNDCW-1PK","5"
"15mm Bead","charms-dangles","SIL15-PRNT-BLUUNI-10PK","SIL15-PRNT-BLUUNI-1PK","10"
"20mm Bubblegum Bead","mixes-bundles-kits","ACR-LDYBG-20MM-20PK","ACR-LDYBG-20MM-1PK","20"
"16mm  olid Light Blue Bead","acrylic","ACR-16MM-SLD-LTBLU-10PK","ACR-16MM-SLD-LTBLU-1PK","10"
"ilicone Round Bead","focal-beads","SIL-12MM-DKBLU-10PK","SIL-12MM-DKBLU-1PK","10"
"American Flag Bead","focal-beads","FOC-PAT-RCTNGLFLG-5PK","FOC-PAT-RCTNGLFLG-1PK","5"
"16mm Acrylic Bead","acrylic","ACR-16MM-SHIM-LTBLU-10PK","ACR-16MM-SHIM-LTBLU-1PK","10"
"Beaded Pen Blank","beadable-pen-blanks","PEN-OMB-WHT-5PK","PEN-OMB-WHT-1PK","5"
"12mm E pre o Bead","spacers-accessories","ACR-12MM-ESPRSSO-20PK","ACR-12MM-ESPRSSO-1PK","20"
"3D Bead  t. Patrick'  Day Bead","focal-beads","FOC-HOL-3D-GNM-5PK","FOC-HOL-3D-GNM-1PK","5"
"14mm Gold Rhine tone Bead","rhinestone-beads","RHNST-GLD-14MM-5PK","RHNST-GLD-14MM-1PK","5"
"16mm Bead","rhinestone-beads","RHNST-MRDGRSMIX-16MM-2PK","RHNST-MRDGRSMIX-16MM-1PK","2"
"20mm Acrylic Bead","acrylic","ACR-20MM-SHIM-GRY-10PK","ACR-20MM-SHIM-GRY-1PK","10"
"ilicone Round Bead","focal-beads","SIL-LENT-LTPNK-10PK","SIL-LENT-LTPNK-1PK","10"
"Motorcycle Bead","focal-beads","FOC-VEH-LTBLUMTRCYCL-5PK","FOC-VEH-LTBLUMTRCYCL-1PK","5"
"16mm Dark Green Rhine tone Bead","rhinestone-beads","RHNST-DKGRN-16MM-10PK","RHNST-DKGRN-16MM-1PK","10"
"leepy Girl  Club Flatback","acrylic-flatbacks","FLB-SLPYGRLSCLB-5PK","FLB-SLPYGRLSCLB-1PK","5"
"3D Makeup  ilicone Focal Bead","focal-beads","FOC-GRLY-REDLPSTCK-5PK","FOC-GRLY-REDLPSTCK-1PK","5"
"Pencil Bead","focal-beads","FOC-SCH-PNCL-SCND-5PK","FOC-SCH-PNCL-SCND-1PK","5"
"Chri tma  Mix Pen Bundle Pack","mixes-bundles-kits","PEN-BNDL-XMAS-5PK","PEN-BNDL-XMAS-5PK","5"
"16mm Gold Flake Acrylic Bead","spacers-accessories","ACR-RED-GF-16-5PK","ACR-RED-GF-16-5PK","5"
"Beaded Pen Blank","beadable-pen-blanks","PEN-SOL-GLTMETBLU-10PK","PEN-SOL-GLTMETBLU-1PK","10"
"65mm Printed  ilicone Ring","focal-beads","ACC-RNGSNFLWBLKCW-5PK","ACC-RNGSNFLWBLKCW-1PK","5"
"16mm  olid Light Brown Bead","acrylic","ACR-16MM-SLD-LTBRN-10PK","ACR-16MM-SLD-LTBRN-1PK","10"
"ilicone Round Bead","focal-beads","SIL-LENT-PUR-10PK","SIL-LENT-PUR-1PK","10"
"Dog Paw Keychain Bar","beadable-products","BLK-DOGPAW-LTPUR-5PK","BLK-DOGPAW-LTPUR-1PK","5"
"Halloween Bead","uncategorized","SIL15-PRNT-NEWHLLWNWHT-5PK","SIL15-PRNT-NEWHLLWNWHT-1PK","5"
"Kitchen Queen Flatback","acrylic-flatbacks","FLB-KTCHNQN-5PK","FLB-KTCHNQN-1PK","5"
"Large Hole  pacer","spacers-accessories","ACC-FRRY-HTPNK-25PK","ACC-FRRY-HTPNK-1PK","25"
"12mm Bead","mixes-bundles-kits","ACR-12BLOCK-GRNGNGRBD-10PK","ACR-12BLOCK-GRNGNGRBD-1PK","10"
"Beaded Pen Blank","beadable-pen-blanks","PEN-SOL-GLTWHT-10PK","PEN-SOL-GLTWHT-1PK","10"
"Hockey Focal Bead","charms-dangles","FOC-SPT-HCKYMOM-5PK","FOC-SPT-HCKYMOM-1PK","5"
"Happy Med  Bead","focal-beads","FOC-ADT-HPPYMEDS-5PK","FOC-ADT-HPPYMEDS-1PK","5"
"20mm Bead","rhinestone-beads","RHNST-PNK-20MM-5PK","RHNST-PNK-20MM-1PK","5"
"3D Makeup  ilicone Focal Bead","focal-beads","FOC-GRLY-NLPLSHBTTL-5PK","FOC-GRLY-NLPLSHBTTL-1PK","5"
"20mm Bubblegum Bead","mixes-bundles-kits","ACR-STRS-20MM-20PK","ACR-STRS-20MM-1PK","20"
"16mm Crochet Bead","spacers-accessories","ACC-CRCHT-DKPNK-5PK","ACC-CRCHT-DKPNK-1PK","5"
"Large Hole  pacer","spacers-accessories","ACC-MRBLE-BLU-10PK","ACC-MRBLE-BLU-1PK","10"
"3D Bead Dolphin Bead","focal-beads","FOC-ANI-3D-DKGRYDLPHN-5PK","FOC-ANI-3D-DKGRYDLPHN-1PK","5"
"16mm Acrylic Bead","acrylic","ACR-16MM-SHIM-WHT-20PK","ACR-16MM-SHIM-WHT-1PK","20"
"Light Purple  himmer Acrylic Bead","acrylic","ACR-20MM-SHIM-LTPUR-10PK","ACR-20MM-SHIM-LTPUR-1PK","10"
"Large Hole  pacer","spacers-accessories","ACC-CRCKD-PUR-10PK","ACC-CRCKD-PUR-1PK","10"
"port  Bow  ilicone Focal Bead","focal-beads","FOC-SPT-BSBLLBGBW-5PK","FOC-SPT-BSBLLBGBW-1PK","5"
"16mm Rhinestone Beads Two Tone Crystal Beads Sparkle Bling Beads Beadable Pen Beads Jewelry Making DIY Craft Supplies","rhinestone-beads","RHNST-16MM-2TONE-PNK-10PK","RHNST-16MM-2TONE-PNK-1PK","10"
"20mm Bubblegum Bead","rhinestone-beads","ACR-GRNMIX-20MM-10PK","ACR-GRNMIX-20MM-1PK","10"
"15mm  ilicone Bead","spacers-accessories","SIL15-PRNT-KOALA-5PK","SIL15-PRNT-KOALA-1PK","5"
"12mm Bead","mixes-bundles-kits","ACR-12BLOCK-REDWRTH-5PK","ACR-12BLOCK-REDWRTH-1PK","5"
"16mm Bead","spacers-accessories","ACR-16MM-RNBW-SPRL-5PK","ACR-16MM-RNBW-SPRL-1PK","5"
"16mm Clear Bubble Acrylic Beads Color Core Round Beads Transparent Beads Beadable Pen Beads Jewelry Making Craft Supplies","acrylic","ACR-16MM-BBLE-PCH-5PK","ACR-16MM-BBLE-PCH-1PK","5"
"Tie Dye Bead","uncategorized","SIL15-PRNT-TIEDYE-5PK","SIL15-PRNT-TIEDYE-1PK","5"
"Acrylic Flatback","charms-dangles","FLB-YUKNW67-5PK","FLB-YUKNW67-1PK","5"
"Father  Day Bead","focal-beads","FOC-FAM-PAPA-5PK","FOC-FAM-PAPA-1PK","5"
"Book Bead","focal-beads","FOC-SCH-DKPNKBOOK-5PK","FOC-SCH-DKPNKBOOK-1PK","5"
"20mm Bubblegum Bead","mixes-bundles-kits","ACR-REDSNTABLT-20MM-5PK","ACR-REDSNTABLT-20MM-1PK","5"
"14mm Light Orange Rhine tone Bead","rhinestone-beads","RHNST-ORG-14MM-5PK","RHNST-ORG-14MM-1PK","5"
"20mm Bubblegum Bead","mixes-bundles-kits","ACR-GRN-GF-20-5PK","ACR-GRN-GF-20-1PK","5"
"16mm Bead","acrylic","ACR-16MM-NEON-YEL-25PK","ACR-16MM-NEON-YEL-1PK","25"
"20mm Bubblegum Bead","mixes-bundles-kits","ACR-SMLYFCE-20MM-5PK","ACR-SMLYFCE-20MM-1PK","5"
"20mm Bubblegum Bead","mixes-bundles-kits","ACR-TRCRMJNK-20MM-5PK","ACR-TRCRMJNK-20MM-1PK","5"
"ilicone Round Bead","focal-beads","SIL-15MM-BBYPNK-10PK","SIL-15MM-BBYPNK-1PK","10"
"Horror Character Bead","focal-beads","FOC-HAL-WED-5PK","FOC-HAL-WED-1PK","5"
"Makeup  ilicone Bead","silicone","SIL15-PRNT-MKEUP-5PK","SIL15-PRNT-MKEUP-1PK","5"
"16mm Bead","acrylic","ACR-16MM-UVAB-RED-5PK","ACR-16MM-UVAB-RED-1PK","5"
"15mm Fuzzy  pacer Bead","spacers-accessories","ACC-FZZY-PNKCHTH-5PK","ACC-FZZY-PNKCHTH-1PK","5"
"Kitchen Mixer Bead","charms-dangles","FOC-MSC-MXR-TEAL-5PK","FOC-MSC-MXR-TEAL-1PK","5"
"3D Puppy  ilicone Focal Bead","focal-beads","FOC-ANI-3D-DCHSHND-5PK","FOC-ANI-3D-DCHSHND-1PK","5"
"20mm Bubblegum Bead","mixes-bundles-kits","ACR-HOHOHO-20MM-10PK","ACR-HOHOHO-20MM-1PK","10"
"20mm  olid Orange Bead","acrylic","ACR-20MM-SLD-ORG-10PK","ACR-20MM-SLD-ORG-1PK","10"
"ilicone Round Bead","focal-beads","SIL-LENT-LTGRY-10PK","SIL-LENT-LTGRY-1PK","10"
"20mm Acrylic Bead","mixes-bundles-kits","ACR-20MM-SHIM-WHT-10PK","ACR-20MM-SHIM-WHT-1PK","10"
"Large Fancy Rhine tone  quare Bead","rhinestone-beads","CLEARANCE-FNCY-GRN-5PK","CLEARANCE-FNCY-GRN-1PK","5"
"Dog Paw Keychain Bar","beadable-products","BLK-DOGPAW-DKORG-5PK","BLK-DOGPAW-DKORG-1PK","5"
"Rhine tone Bead Pen Blank","rhinestone-beads","PEN-RHNST-METGRN-5PK","PEN-RHNST-METGRN-1PK","5"
"Silicone Blue Spacer Beads Round Abacus Lentil Beads 12mm 14mm 15mm for Beadable Pens Keychains DIY Crafts Bulk 5pc 10pc","spacers-accessories","SIL-15MM-BLU-10PK","SIL-15MM-BLU-1PK","10"
"Mu hroom Bead","focal-beads","FOC-SPR-PURMSHRM-5PK","FOC-SPR-PURMSHRM-1PK","5"
"14mm Rhine tone Bead","clearance-section","CLEARANCE-LMGRN-50PK","CLEARANCE-LMGRN-50PK","50"
"Cowboy Hat Bead","charms-dangles","FOC-WES-PNKSMLYFC-5PK","FOC-WES-PNKSMLYFC-1PK","5"
"3D Baby Bear Bead","focal-beads","FOC-ANI-3D-BLUBBYBR-5PK","FOC-ANI-3D-BLUBBYBR-1PK","5"
"Turtle Bead","charms-dangles","FOC-ANI-BLUTRTLE-5PK","FOC-ANI-BLUTRTLE-1PK","5"
"20mm Bubblegum Bead","rhinestone-beads","ACR-ESTRMIX-20MM-5PK","ACR-ESTRMIX-20MM-1PK","5"
"Cat Bead","focal-beads","FOC-ANI-MEOW-5PK","FOC-ANI-MEOW-1PK","5"
"20mm  port  Rhine tone Bead","rhinestone-beads","RHNST-BSKTBLL-10PK","RHNST-BSKTBLL-1PK","10"
"Di c  pacer","spacers-accessories","ACC-DISC-GLD-50PK","ACC-DISC-GLD-1PK","50"
"Tree Bead","focal-beads","FOC-XMS-WHTPLKDT-5PK","FOC-XMS-WHTPLKDT-1PK","5"
"18mm Marbled Pumpkin XL Hole Bead","acrylic","ACR-18MM-CRMMRBL-PMKN-20PK","ACR-18MM-CRMMRBL-PMKN-1PK","20"
"kull Bead","focal-beads","FOC-HAL-GRLSKLL-5PK","FOC-HAL-GRLSKLL-1PK","5"
"20mm  olid Blue Bead","acrylic","ACR-20MM-SLD-BLU-25PK","ACR-20MM-SLD-BLU-1PK","25"
"Chri tma   ilicone Jar Focal Bead","focal-beads","HAL-3D-JR-XMASMIX-6PK","HAL-3D-JR-XMASMIX-6PK","6"
"port  Bead","focal-beads","FOC-SPT-FTBLLMOM-5PK","FOC-SPT-FTBLLMOM-1PK","5"
"ilicone Round Bead","focal-beads","SIL-LENT-WHT-10PK","SIL-LENT-WHT-1PK","10"
"20mm Bubblegum Bead","mixes-bundles-kits","ACR-RED-GF-20-10PK","ACR-RED-GF-20-1PK","10"
"Jelly Wavy  pacer Bead","spacers-accessories","ACC-WAVY-JELLY-50PK","ACC-WAVY-JELLY-1PK","50"
"16mm  olid Purple Bead","acrylic","ACR-16MM-SLD-PUR-25PK","ACR-16MM-SLD-PUR-1PK","25"
"ilicone Round Bead","focal-beads","SIL-12MM-DKRED-10PK","SIL-12MM-DKRED-1PK","10"
"ilicone Round Bead","focal-beads","SIL-LENT-XMASGRN-10PK","SIL-LENT-XMASGRN-1PK","10"
"Chri tma  Bead","uncategorized","SIL15-PRNT-SNTA-10PK","SIL15-PRNT-SNTA-1PK","10"
"Beaded Pen Blank","beadable-pen-blanks","PEN-SOL-DKBLU-10PK","PEN-SOL-DKBLU-1PK","10"
"Cup Charm Wire","beadable-products","BLK-WIRE-ORG-5PK","BLK-WIRE-ORG-1PK","5"
"Halloween Bead","uncategorized","SIL15-PRNT-HLLWNBLK-10PK","SIL15-PRNT-HLLWNBLK-1PK","10"
"16mm  olid Blue Bead","acrylic","ACR-16MM-SLD-BLU-25PK","ACR-16MM-SLD-BLU-1PK","25"
"Mermaid Acrylic Bead","clearance-section","CLEARANCE-LETSBEMRMADS-10PK","CLEARANCE-LETSBEMRMADS-10PK","10"
"20mm Bead","rhinestone-beads","RHNST-BLU-20MM-10PK","RHNST-BLU-20MM-1PK","10"
"3D Fruit Focal Bead","focal-beads","FOC-FOD-3DAVOCDONW-5PK","FOC-FOD-3DAVOCDONW-1PK","5"
"Coloring Bead","charms-dangles","FOC-SCH-CRYN-5PK","FOC-SCH-CRYN-1PK","5"
"16mm Clear Bubble Acrylic Beads Color Core Round Beads Transparent Beads Beadable Pen Beads Jewelry Making Craft Supplies","acrylic","ACR-16MM-BBLE-RED-20PK","ACR-16MM-BBLE-RED-1PK","20"
"Rhine tone Bead Pen Blank","rhinestone-beads","PEN-RHNST-GLITMSS-5PK","PEN-RHNST-GLITMSS-1PK","5"
"Patriotic Focal Bead","focal-beads","FOC-PAT-250SHLD-5PK","FOC-PAT-250SHLD-1PK","5"
"Bingo Focal  ilicone Bead","focal-beads","FOC-REC-CLRFLBNGO-5PK","FOC-REC-CLRFLBNGO-1PK","5"
"ilicone Abacu  Bead Mix","spacers-accessories","SIL-ABA-MIX-50PC","SIL-ABA-MIX-50PC","50"
"20mm  olid Orange Bead","acrylic","ACR-20MM-SLD-ORG-5PK","ACR-20MM-SLD-ORG-1PK","5"
"20mm Bubblegum Bead","mixes-bundles-kits","ACR-REDBLKSPLT-20MM-5PK","ACR-REDBLKSPLT-20MM-1PK","5"
"Dance  ilicone Focal Bead","focal-beads","FOC-SPT-DNCEHRT-5PK","FOC-SPT-DNCEHRT-1PK","5"
"20mm Bubblegum Bead","mixes-bundles-kits","ACR-PUR-GF-20-20PK","ACR-PUR-GF-20-1PK","20"
"Cup Charm Wire","beadable-products","BLK-WIRE-RED-5PK","BLK-WIRE-RED-1PK","5"
"20mm Bubblegum Bead","mixes-bundles-kits","ACR-BLKBCHBLL-20MM-10PK","ACR-BLKBCHBLL-20MM-1PK","10"
"Cow Bead","focal-beads","FOC-ANI-BLUHTCW-5PK","FOC-ANI-BLUHTCW-1PK","5"
"16mm Clear Bubble Acrylic Beads Color Core Round Beads Transparent Beads Beadable Pen Beads Jewelry Making Craft Supplies","acrylic","ACR-16MM-BBLE-WHT-10PK","ACR-16MM-BBLE-WHT-1PK","10"
"16mm Bead","spacers-accessories","ACR-16MM-YEL-SPRL-5PK","ACR-16MM-YEL-SPRL-1PK","5"
"We tern  ilicone Focal Bead","focal-beads","FOC-WES-3DHRSSHEGNME-5PK","FOC-WES-3DHRSSHEGNME-1PK","5"
"Acrylic Flatback","charms-dangles","FLB-STOCKING-5PK","FLB-STOCKING-1PK","5"
"Ea ter Bead","silicone","SIL15-PRNT-ESTRPLD-10PK","SIL15-PRNT-ESTRPLD-1PK","10"
"Dad Bead","focal-beads","FOC-FAM-FTBLDAD-5PK","FOC-FAM-FTBLDAD-1PK","5"
"Mu ic Note Bead","uncategorized","SIL15-MUSIC-10PK","SIL15-MUSIC-1PK","10"
"ilicone Round Bead","focal-beads","SIL-12MM-LTGRY-10PK","SIL-12MM-LTGRY-1PK","10"
"3D Bead Panda Focal Bead","focal-beads","FOC-ANI-3D-PNDBMBO-5PK","FOC-ANI-3D-PNDBMBO-1PK","5"
"Large Hole  pacer","spacers-accessories","ACC-FRRY-WHT-10PK","ACC-FRRY-WHT-1PK","10"
"M","mixes-bundles-kits","SIL15-PRNT-BLUMRBL-10PK","SIL15-PRNT-BLUMRBL-1PK","10"
"3","focal-beads","HAL-3D-JR-CNDYCRN-5PK","HAL-3D-JR-CNDYCRN-1PK","5"
"Cowboy Boot Bead","focal-beads","FOC-WES-OLDPNKBT-5PK","FOC-WES-OLDPNKBT-1PK","5"
"Silicone Blue Spacer Beads Round Abacus Lentil Beads 12mm 14mm 15mm for Beadable Pens Keychains DIY Crafts Bulk 5pc 10pc","spacers-accessories","SIL-LENT-BLU-10PK","SIL-LENT-BLU-1PK","10"
"20mm Bandana Acrylic Bead","mixes-bundles-kits","ACR-20MM-BNDNA-DKBLU-10PK","ACR-20MM-BNDNA-DKBLU-1PK","10"
"20mm Bubblegum Bead","mixes-bundles-kits","ACR-BEES-20MM-5PK","ACR-BEES-20MM-1PK","5"
"P","acrylic","ACR-PNTSWRL-PSTL-20MM-20PK","ACR-PNTSWRL-PSTL-20MM-1PK","20"
"Book Bead","focal-beads","FOC-REC-BKSHLFDK-5PK","FOC-REC-BKSHLFDK-1PK","5"
"16mm Pumpkin Face Beads AB Acrylic Halloween Beads Iridescent Orange Jack O Lantern Beads for Pens Keychains Jewelry Crafts","acrylic","ACR-16MM-ORGPMPKNFCE-10PK","ACR-16MM-ORGPMPKNFCE-1PK","10"
"Patriotic Bead","focal-beads","FOC-PAT-THNKVET-5PK","FOC-PAT-THNKVET-1PK","5"
"15mm Blue  wirl Round Bead","spacers-accessories","SIL15-PRNT-BLUSWRL-5PK","SIL15-PRNT-BLUSWRL-1PK","5"
"20mm Acrylic Bead","mixes-bundles-kits","ACR-20MM-SHIM-PUR-10PK","ACR-20MM-SHIM-PUR-1PK","10"
"20mm Bubblegum Bead","mixes-bundles-kits","ACR-APPLE-20MM-20PK","ACR-APPLE-20MM-1PK","20"
"3D Bead  t. Patrick'  Day Bead","focal-beads","FOC-HOL-3D-LPHRCNBRD-5PK","FOC-HOL-3D-LPHRCNBRD-1PK","5"
"Rhine tone Bow  pacer Bead","rhinestone-beads","ACC-FNCY-BLU-BOW-5PK","ACC-FNCY-BLU-BOW-1PK","5"
"20mm Bubblegum Bead","mixes-bundles-kits","ACR-XMASPNGN-20MM-5PK","ACR-XMASPNGN-20MM-1PK","5"
"Mental Health Bead","focal-beads","FOC-MSC-MNTLHLTHAWNS-5PK","FOC-MSC-MNTLHLTHAWNS-1PK","5"
"Hor e Bead","focal-beads","FOC-ANI-HRSFCE-5PK","FOC-ANI-HRSFCE-1PK","5"
"16mm  olid Black Acrylic Bead","acrylic","ACR-16MM-SLD-BLK-25PK","ACR-16MM-SLD-BLK-1PK","25"
"Farmhou e Goo e Flatback","acrylic-flatbacks","FLB-OLDFSHNDCK-5PK","FLB-OLDFSHNDCK-1PK","5"
"15mm Cracked Bead","spacers-accessories","SIL15-PRNT-CRCKDTEAL-10PK","SIL15-PRNT-CRCKDTEAL-1PK","10"
"20mm Acrylic Bead","mixes-bundles-kits","ACR-20MM-GLTTR-BLK-10PK","ACR-20MM-GLTTR-BLK-10PK","10"
"Rhine tone Bead Pen Blank","rhinestone-beads","PEN-RHNST-PUR-5PK","PEN-RHNST-PUR-1PK","5"
"Cancer Awarene  Bead","focal-beads","FOC-MSC-RBBNPUR-5PK","FOC-MSC-RBBNPUR-1PK","5"
"65mm Printed  ilicone Ring","focal-beads","ACC-RNGPWPRNT-5PK","ACC-RNGPWPRNT-1PK","5"
"Large Hole  pacer","spacers-accessories","ACC-CRCKD-GRN-5PK","ACC-CRCKD-GRN-1PK","5"
"Rod Extender","beadable-products","BLK-RODEXTENDER-5PK","BLK-RODEXTENDER-1PK","5"
"Beadable Mirror","beadable-products","BLK-MIR-HRT-PCH-3PK","BLK-MIR-HRT-PCH-1PK","3"
"M","mixes-bundles-kits","SIL15-PRNT-PURMRBL-5PK","SIL15-PRNT-PURMRBL-1PK","5"
"Silicone Light Blue Spacer Beads Round Abacus Lentil Beads 12mm 14mm 15mm for Beadable Pens Keychains DIY Crafts Bulk 5pc 10pc","spacers-accessories","SIL-12MM-LTBLU-10PK","SIL-12MM-LTBLU-1PK","10"
"port  Bead","focal-beads","FOC-SPT-CHRMOM-5PK","FOC-SPT-CHRMOM-1PK","5"
"Retro  miley Bead","spacers-accessories","SIL15-PRNT-RTROSMLY-5PK","SIL15-PRNT-RTROSMLY-1PK","5"
"20mm Bubblegum Bead","mixes-bundles-kits","ACR-SCCR-20MM-5PK","ACR-SCCR-20MM-1PK","5"
"Beaded Pen Blank","beadable-pen-blanks","PEN-OMB-NEWBLU-5PK","PEN-OMB-NEWBLU-1PK","5"
"Palm Tree Focal Bead","focal-beads","FOC-SPR-PLMTREE-5PK","FOC-SPR-PLMTREE-1PK","5"
"Gold Flake Acrylic Bead  16mm","spacers-accessories","ACR-16MM-GLDFLKE-MIX-30PC","ACR-16MM-GLDFLKE-MIX-30PC","30"
"Glitter Bead","silicone","SIL15-PRNT-CHTAHGLIT-10PK","SIL15-PRNT-CHTAHGLIT-1PK","10"
"20mm Acrylic Bead","acrylic","ACR-20MM-SHIM-ORG-20PK","ACR-20MM-SHIM-ORG-1PK","20"
"20mm Bubblegum Bead","mixes-bundles-kits","ACR-SMLYFCE-20MM-10PK","ACR-SMLYFCE-20MM-1PK","10"
"Cup Charm Wire","beadable-products","BLK-WIRE-DKGRN-5PK","BLK-WIRE-DKGRN-1PK","5"
"Acrylic  tar Charm","charms-dangles","ACC-CHRM-BLUSTR-10PK","ACC-CHRM-BLUSTR-1PK","10"
"3D Coffee Cup Bead","charms-dangles","FOC-FOD-3DRNJESUSCP-5PK","FOC-FOD-3DRNJESUSCP-1PK","5"
"Acrylic Flatback","charms-dangles","FLB-IDCARDS-5PK","FLB-IDCARDS-1PK","5"
"Large Hole Rhine tone  pacer","rhinestone-beads","ACC-RHNST-MULTI-10PK","ACC-RHNST-MULTI-1PK","10"
"20mm Bead","rhinestone-beads","RHNST-ORG-20MM-5PK","RHNST-ORG-20MM-1PK","5"
"ilicone Round Bead","focal-beads","SIL-15MM-LMGRN-10PK","SIL-15MM-LMGRN-1PK","10"
"14mm Light Purple Rhine tone Bead","rhinestone-beads","RHNST-LTPUR-14MM-5PK","RHNST-LTPUR-14MM-1PK","5"
"65mm Printed  ilicone Ring","focal-beads","ACC-RNGCFFBN-5PK","ACC-RNGCFFBN-1PK","5"
"20mm Bead","charms-dangles","RHNST-REDGRN-20MM-5PK","RHNST-REDGRN-20MM-1PK","5"
"Gnome Bead","focal-beads","FOC-SPR-SNFLWRGNM-5PK","FOC-SPR-SNFLWRGNM-1PK","5"
"Mama Bead","focal-beads","FOC-FAM-TEALBWMOM-5PK","FOC-FAM-TEALBWMOM-1PK","5"
"Fancy Rhine tone Bead","rhinestone-beads","ACC-FNCY-UVIRID-BUTT-5PK","ACC-FNCY-UVIRID-BUTT-1PK","5"
"3D Bead Doctor Bead","focal-beads","FOC-PAT-3D-PLCVST-5PK","FOC-PAT-3D-PLCVST-1PK","5"
"20mm Bubblegum Bead","mixes-bundles-kits","ACR-BRWBCHBLL-20MM-5PK","ACR-BRWBCHBLL-20MM-1PK","5"
"14mm Rhine tone Bead","rhinestone-beads","RHNST-RED-14MM-5PK","RHNST-RED-14MM-1PK","5"
"20mm Bubblegum Bead","mixes-bundles-kits","ACR-TCHNGHRT-20MM-20PK","ACR-TCHNGHRT-20MM-1PK","20"
"Beaded Pen Blank","beadable-pen-blanks","PEN-SOL-BUBPNK-10PK","PEN-SOL-BUBPNK-1PK","10"
"20mm Bubblegum Bead","mixes-bundles-kits","ACR-BSBLL-20MM-20PK","ACR-BSBLL-20MM-1PK","20"
"nowflake Bead","focal-beads","FOC-XMS-GRYSNWFLKE-5PK","FOC-XMS-GRYSNWFLKE-1PK","5"
"16mm Bead","acrylic","ACR-16MM-PSTL-LTCRL-5PK","ACR-16MM-PSTL-LTCRL-1PK","5"
"Large Hole  pacer","spacers-accessories","ACC-MRBLE-PNK-25PK","ACC-MRBLE-PNK-1PK","25"
"Deer Bead","charms-dangles","FOC-ANI-BRNDEER-5PK","FOC-ANI-BRNDEER-1PK","5"
"3D Bead Yellow Rubber Duck Bead","focal-beads","FOC-ANI-3D-LTPNKDCK-5PK","FOC-ANI-3D-LTPNKDCK-1PK","5"
"Wine O' Clock Focal Bead","focal-beads","FOC-ADT-RED-WNE-5PK","FOC-ADT-RED-WNE-1PK","5"
"3D Bead Thank giving Bead","focal-beads","FOC-HOL-3D-THNKSGNME-5PK","FOC-HOL-3D-THNKSGNME-1PK","5"
"Beadable Cup  traw Attachment","beadable-products","BLK-MKC-MINI-GRY-5PK","BLK-MKC-MINI-GRY-1PK","5"
"Gho t Bead","charms-dangles","FOC-HAL-GSTHAT-5PK","FOC-HAL-GSTHAT-1PK","5"
"Cute Animal Bead","focal-beads","FOC-ANI-BSCGRFFE-5PK","FOC-ANI-BSCGRFFE-1PK","5"
"20mm Bubblegum Bead","mixes-bundles-kits","ACR-FLLYALL-20MM-20PK","ACR-FLLYALL-20MM-1PK","20"
"20mm Rhine tone Bead","rhinestone-beads","RHNST-SPRLTEALSLV-20MM-2PK","RHNST-SPRLTEALSLV-20MM-1PK","2"
"16mm Bead","acrylic","ACR-16MM-NEON-RED-5PK","ACR-16MM-NEON-RED-1PK","5"
"Pink Chri tma  Bead","uncategorized","SIL15-PRNT-PNKXMAS-10PK","SIL15-PRNT-PNKXMAS-1PK","10"
"20mm Bead","mixes-bundles-kits","ACR-20MM-METAL-SLV-10PK","ACR-20MM-METAL-SLV-1PK","10"
"20mm  port  Rhine tone Bead","rhinestone-beads","RHNST-SPRTS-MIX-5PK","RHNST-SPRTS-MIX-5PK","5"
"We tern  ilicone Focal Bead","focal-beads","FOC-WES-3DHWDYHRT-5PK","FOC-WES-3DHWDYHRT-1PK","5"
"Candy Corn Bead","focal-beads","FOC-HAL-CNDYCRN-5PK","FOC-HAL-CNDYCRN-1PK","5"
"ilicone Round Bead","spacers-accessories","SIL-LENT-LTPUR-10PK","SIL-LENT-LTPUR-1PK","10"
"3D Bear Bead","focal-beads","FOC-ANI-3D-BRNBR-5PK","FOC-ANI-3D-BRNBR-1PK","5"
"13mm Ribbed Barrel  pacer Bead","spacers-accessories","ACC-RBBDSPCR-SLV-5PK","ACC-RBBDSPCR-SLV-1PK","5"
"Silicone Light Blue Spacer Beads Round Abacus Lentil Beads 12mm 14mm 15mm for Beadable Pens Keychains DIY Crafts Bulk 5pc 10pc","spacers-accessories","SIL-ABA-LTBLU-5PK","SIL-ABA-LTBLU-1PK","5"
"Gnome Bead","focal-beads","FOC-HAL-GNMSKLLS-5PK","FOC-HAL-GNMSKLLS-1PK","5"
"3D Bead  ilicone Focal Bead","charms-dangles","FOC-SPR-3D-MOON-5PK","FOC-SPR-3D-MOON-1PK","5"
"ea Life Bead","spacers-accessories","SIL15-PRNT-SEALFE-10PK","SIL15-PRNT-SEALFE-1PK","10"
"Beaded Pen Blank","beadable-pen-blanks","PEN-SOL-PUR-10PK","PEN-SOL-PUR-1PK","10"
"16mm  olid Light Pink Bead","acrylic","ACR-16MM-SLD-LTPNK-25PK","ACR-16MM-SLD-LTPNK-1PK","25"
"Cow Print Bead","uncategorized","SIL15-PRNT-BLKCOW-5PK","SIL15-PRNT-BLKCOW-1PK","5"
"Rhine tone Bead Pen Blank","rhinestone-beads","PEN-RHNST-YEL-5PK","PEN-RHNST-YEL-1PK","5"
"Cardinal Bead","focal-beads","FOC-FAM-CRDNL-5PK","FOC-FAM-CRDNL-1PK","5"
"20mm Bubblegum Bead","mixes-bundles-kits","ACR-PURBCHBLL-20MM-5PK","ACR-PURBCHBLL-20MM-1PK","5"
"Pearl Bow Focal Bead","focal-beads","FOC-PRLBOW-BLK-5PK","FOC-PRLBOW-BLK-1PK","5"
"ilicone Round Bead","focal-beads","SIL-15MM-ORG-10PK","SIL-15MM-ORG-1PK","10"
"Acrylic Bead Mix for Bracelet","charms-dangles","ACC-ACRYLICMXBAG-MIX-3PK","ACC-ACRYLICMXBAG-MIX-3PK","3"
"Cup Charm Wire","beadable-products","BLK-WIRE-YEL-5PK","BLK-WIRE-YEL-1PK","5"
"ilicone Round Bead","spacers-accessories","SIL-12MM-MTWHT-10PK","SIL-12MM-MTWHT-1PK","10"
"20mm Bubblegum Bead","mixes-bundles-kits","ACR-BRNCWPRNT-20MM-20PK","ACR-BRNCWPRNT-20MM-1PK","20"
"Acrylic Flatback","charms-dangles","FLB-RGSTRDNRS-5PK","FLB-RGSTRDNRS-1PK","5"
"Large Hole  pacer","spacers-accessories","ACC-MRBLE-BLU-5PK","ACC-MRBLE-BLU-1PK","5"
"emi Truck Bead","focal-beads","FOC-VEH-RED-SEMI-5PK","FOC-VEH-RED-SEMI-1PK","5"
"F","mixes-bundles-kits","ACR-16MM-FRSTD-TRQUS-25PK","ACR-16MM-FRSTD-TRQUS-1PK","25"
"20mm Bubblegum Bead","mixes-bundles-kits","ACR-ESTRSPRNKL-20MM-20PK","ACR-ESTRSPRNKL-20MM-1PK","20"
"16mm Crochet Bead","spacers-accessories","ACC-CRCHT-DKBRN-10PK","ACC-CRCHT-DKBRN-1PK","10"
"Printed Faux Leather Ta el","charms-dangles","ACC-PRNTTSSL-CWPRNT-5PK","ACC-PRNTTSSL-CWPRNT-1PK","5"
"ilicone Round Bead","focal-beads","SIL-15MM-BRN-10PK","SIL-15MM-BRN-1PK","10"
"Cancer Awarene  Bead","focal-beads","FOC-MSC-RBBNPNK-5PK","FOC-MSC-RBBNPNK-1PK","5"
"16mm Bead","spacers-accessories","ACR-16MM-WHT-SPRL-5PK","ACR-16MM-WHT-SPRL-1PK","5"
"16mm Acrylic Bead","acrylic","ACR-16MM-SHIM-LTPNK-20PK","ACR-16MM-SHIM-LTPNK-1PK","20"
"2","acrylic","ACR-20MM-HOL-ESTRGNM-20PK","ACR-20MM-HOL-ESTRGNM-1PK","20"
"14mm Light Pink Rhine tone Bead","rhinestone-beads","RHNST-LTPNK-14MM-10PK","RHNST-LTPNK-14MM-1PK","10"
"Hooded Cow Bead","focal-beads","FOC-ANI-REDHDIECW-5PK","FOC-ANI-REDHDIECW-1PK","5"
"Acrylic Attachment Piece","charms-dangles","ACC-ACRPCS-10PK","ACC-ACRPCS-1PK","10"
"16mm Bead","acrylic","ACR-16MM-PSTL-LTPNK-5PK","ACR-16MM-PSTL-LTPNK-1PK","5"
"Cow Bead","focal-beads","FOC-ANI-PNKBWCW-5PK","FOC-ANI-PNKBWCW-1PK","5"
"Butterfly Bead","focal-beads","FOC-ANI-BUTTPNK-5PK","FOC-ANI-BUTTPNK-1PK","5"
"18mm Marbled Pumpkin XL Hole Bead","acrylic","ACR-18MM-CFFEEMRBL-PMKN-10PK","ACR-18MM-CFFEEMRBL-PMKN-1PK","10"
"20mm Acrylic Bead","mixes-bundles-kits","ACR-20MM-SHIM-ORG-10PK","ACR-20MM-SHIM-ORG-1PK","10"
"14mm Lime Green Rhine tone Bead","rhinestone-beads","RHNST-LMGRN-14MM-5PK","RHNST-LMGRN-14MM-1PK","5"
"Paw Wing Bead","focal-beads","FOC-FAM-PWHRTWNGS-5PK","FOC-FAM-PWHRTWNGS-1PK","5"
"Gym  ilicone Focal Bead","charms-dangles","FOC-SPT-BELLMIX-3PK","FOC-SPT-BELLMIX-3PK","3"
"20mm  olid Red Bead","acrylic","ACR-20MM-SLD-RED-5PK","ACR-20MM-SLD-RED-1PK","5"
"3D Baby Bear Bead","focal-beads","FOC-ANI-3D-BRNBBYBR-5PK","FOC-ANI-3D-BRNBBYBR-1PK","5"
"unflower Bead","uncategorized","SIL15-PRNT-SNFLWR-10PK","SIL15-PRNT-SNFLWR-1PK","10"
"16mm Bead","acrylic","ACR-16MM-NEON-YEL-5PK","ACR-16MM-NEON-YEL-1PK","5"
"Gym  ilicone Focal Bead","charms-dangles","FOC-SPT-REDDMBLL-5PK","FOC-SPT-REDDMBLL-1PK","5"
"Pearl Bow Focal Bead","focal-beads","FOC-PRLBOW-LTPNK-5PK","FOC-PRLBOW-LTPNK-1PK","5"
"yringe Bead","focal-beads","FOC-OCC-SYRINGE-5PK","FOC-OCC-SYRINGE-1PK","5"
"Large Hole  pacer","spacers-accessories","ACC-FRRY-PUR-25PK","ACC-FRRY-PUR-1PK","25"
"20mm Bubblegum Bead","mixes-bundles-kits","ACR-SHNYPMPKN-20MM-5PK","ACR-SHNYPMPKN-20MM-1PK","5"
"Large Hole  pacer","spacers-accessories","ACC-FRRY-BLK-25PK","ACC-FRRY-BLK-1PK","25"
"16mm Clear Bubble Acrylic Beads Color Core Round Beads Transparent Beads Beadable Pen Beads Jewelry Making Craft Supplies","acrylic","ACR-16MM-BBLE-MIX-8PK","ACR-16MM-BBLE-MIX-8PK","8"
"Beaded Pen Blank","beadable-pen-blanks","PEN-SOL-GRN-10PK","PEN-SOL-GRN-1PK","10"
"Halloween Bead","uncategorized","SIL15-PRNT-NEWHLLWNWHT-10PK","SIL15-PRNT-NEWHLLWNWHT-1PK","10"
"Beadable Cup  traw Attachment","beadable-products","BLK-MKC-MINI-GRN-5PK","BLK-MKC-MINI-GRN-1PK","5"
"16mm Acrylic Bead","acrylic","ACR-16MM-SHIM-PNK-20PK","ACR-16MM-SHIM-PNK-1PK","20"
"Large Hole  pacer","spacers-accessories","ACC-MRBLE-YEL-10PK","ACC-MRBLE-YEL-1PK","10"
"F","mixes-bundles-kits","ACR-16MM-FRSTD-RED-25PK","ACR-16MM-FRSTD-RED-1PK","25"
"3D Bead  ilicone Focal Bead","focal-beads","FOC-ANI-3D-MOOSE-5PK","FOC-ANI-3D-MOOSE-1PK","5"
"16mm Bead","acrylic","ACR-16MM-PSTL-DKPNK-10PK","ACR-16MM-PSTL-DKPNK-1PK","10"
"Unicorn Bead","focal-beads","FOC-MSC-BLUUNCRN-5PK","FOC-MSC-BLUUNCRN-1PK","5"
"16mm  olid Lime Green Bead","acrylic","ACR-16MM-SLD-LMGRN-10PK","ACR-16MM-SLD-LMGRN-1PK","10"
"16mm Bead","rhinestone-beads","RHNST-PTRTCMIX-16MM-2PK","RHNST-PTRTCMIX-16MM-1PK","2"
"Camper Bead","focal-beads","FOC-VEH-CMPR-RED-5PK","FOC-VEH-CMPR-RED-1PK","5"
"port  Bead","focal-beads","FOC-SPT-BNDMOM-5PK","FOC-SPT-BNDMOM-1PK","5"
"3D Gho t Focal Bead","focal-beads","FOC-3D-HAL-HUGGHST-5PK","FOC-3D-HAL-HUGGHST-1PK","5"
"2","acrylic","ACR-PNTSPLT-90s-20MM-20PK","ACR-PNTSPLT-90s-20MM-1PK","20"
"Spider Web Wraparound Spacer Beads Silver Metal Spider Spacers Halloween Beadable Pen Supplies DIY Bead Pen Charms 5 Pack","charms-dangles","ACC-SPIDER-5PK","ACC-SPIDER-1PK","5"
"16mm  olid Light Brown Bead","acrylic","ACR-16MM-SLD-LTBRN-25PK","ACR-16MM-SLD-LTBRN-1PK","25"
"16mm  olid Navy Blue Bead","acrylic","ACR-16MM-SLD-NVY-10PK","ACR-16MM-SLD-NVY-1PK","10"
"Acrylic Flatback","charms-dangles","FLB-REINDEER-5PK","FLB-REINDEER-1PK","5"
"20mm Bubblegum Bead","mixes-bundles-kits","ACR-SNFLWR-20MM-20PK","ACR-SNFLWR-20MM-1PK","20"
"3D Bead Pumpkin Bead","focal-beads","FOC-HAL-3D-GRN-PUMP-5PK","FOC-HAL-3D-GRN-PUMP-1PK","5"
"16mm Bead","acrylic","ACR-16MM-PSTL-LTBLU-5PK","ACR-16MM-PSTL-LTBLU-1PK","5"
"20mm Bubblegum Bead","mixes-bundles-kits","ACR-LTPNKBCHBLL-20MM-5PK","ACR-LTPNKBCHBLL-20MM-1PK","5"
"14mm Light Blue Rhine tone Bead","rhinestone-beads","RHNST-LTBLU-14MM-5PK","RHNST-LTBLU-14MM-1PK","5"
"Book Bead","focal-beads","FOC-HAL-BKGHST-5PK","FOC-HAL-BKGHST-1PK","5"
"21mm Clear Acrylic Flat Round Bead","acrylic","ACR-CLEARDISC-20PK","ACR-CLEARDISC-1PK","20"
"Silicone Blush Pink Spacer Beads Round Lentil Beads 12mm 15mm for Beadable Pens Keychains DIY Crafts Bulk 5pc 10pc","spacers-accessories","SIL-15MM-BLSH-10PK","SIL-15MM-BLSH-1PK","10"
"Pen Ink Refill","beadable-products","ACC-INK-RED-5PK","ACC-INK-RED-1PK","5"
"E","charms-dangles","FOC-HOL3D-BNNYWCRRT-5PK","FOC-HOL3D-BNNYWCRRT-1PK","5"
"Beadable Cup  traw Attachment","beadable-products","BLK-MKC-MINI-WHT-5PK","BLK-MKC-MINI-WHT-1PK","5"
"20mm Bubblegum Bead","acrylic","ACR-BLKCHCKRD-20MM-10PK","ACR-BLKCHCKRD-20MM-1PK","10"
"Mama Bead","focal-beads","FOC-FAM-HPPYMTHRSDY-5PK","FOC-FAM-HPPYMTHRSDY-1PK","5"
"20mm Bubblegum Bead","mixes-bundles-kits","ACR-VLLYBLL-20MM-5PK","ACR-VLLYBLL-20MM-1PK","5"
"port  Bead","focal-beads","FOC-SPT-TRCKMOM-5PK","FOC-SPT-TRCKMOM-1PK","5"
"Neon Pen","mixes-bundles-kits","PEN-BNDL-NEON-5PK","PEN-BNDL-NEON-5PK","5"
"Large Hole  pacer","spacers-accessories","ACC-MRBLE-PNK-5PK","ACC-MRBLE-PNK-1PK","5"
"18mm Marbled Pumpkin XL Hole Bead","acrylic","ACR-18MM-ORGMRBL-PMKN-20PK","ACR-18MM-ORGMRBL-PMKN-1PK","20"
"Ea ter Bead","focal-beads","FOC-HOL-ESTRGNME-5PK","FOC-HOL-ESTRGNME-1PK","5"
"Cow Print Bead","uncategorized","SIL15-PRNT-PURCOW-10PK","SIL15-PRNT-PURCOW-1PK","10"
"Cat Mom Bead","focal-beads","FOC-ANI-CATMOM-5PK","FOC-ANI-CATMOM-1PK","5"
"Badge Reel","beadable-products","BLK-BDRL-CLIP-YEL-3PK","BLK-BDRL-CLIP-YEL-1PK","3"
"Mama Bead","focal-beads","FOC-FAM-ILYMOM-5PK","FOC-FAM-ILYMOM-1PK","5"
"Beaded Pen Blank","beadable-pen-blanks","PEN-SOL-BRTBLU-5PK","PEN-SOL-BRTBLU-1PK","5"
"14mm Rhine tone Bead","rhinestone-beads","RHNST-SLV-14MM-5PK","RHNST-SLV-14MM-1PK","5"
"Rhine tone Bead Pen Blank","rhinestone-beads","PEN-RHNST-WHT-5PK","PEN-RHNST-WHT-1PK","5"
"Large Hole  pacer","spacers-accessories","ACC-MRBLE-BLU-25PK","ACC-MRBLE-BLU-1PK","25"
"Glitter Bead","uncategorized","SIL15-GLTTRBLK-5PK","SIL15-GLTTRBLK-1PK","5"
"16mm Christmas Rhinestone Beads Red Green Silver Crystal Beads Holiday Beadable Pen Beads Sparkle Bling DIY Craft Supplies","rhinestone-beads","RHNST-16MM-2TONE-XMAS-10PK","RHNST-16MM-2TONE-XMAS-1PK","10"
"20mm Acrylic Bead","mixes-bundles-kits","ACR-20MM-SHIM-LTBLU-10PK","ACR-20MM-SHIM-LTBLU-1PK","10"
"3D Gho t Focal Bead","focal-beads","FOC-3D-HAL-CATGHST-5PK","FOC-3D-HAL-CATGHST-1PK","5"
"15mm  ilicone Bead Mix","mixes-bundles-kits","SIL-15MM-MIX-30PC","SIL-15MM-MIX-30PC","30"
"16mm  olid Bright Yellow Bead","acrylic","ACR-16MM-SLD-BRGHTYEL-25PK","ACR-16MM-SLD-BRGHTYEL-1PK","25"
"ilicone Round Bead","focal-beads","SIL-LENT-DKPNK-10PK","SIL-LENT-DKPNK-1PK","10"
"Red Buffalo Plaid Bead","uncategorized","SIL15-PRNT-REDBUF-5PK","SIL15-PRNT-REDBUF-1PK","5"
"21mm Clear Acrylic Flat Round Bead","acrylic","ACR-CLEARDISC-10PK","ACR-CLEARDISC-1PK","10"
"Pink Bead","silicone","SIL15-PRNT-PNKPOLK-5PK","SIL15-PRNT-PNKPOLK-1PK","5"
"10mm Sports Bead","spacers-accessories","ACR-10MM-SPRTS-TNNS-10PK","ACR-10MM-SPRTS-TNNS-1PK","10"
"Funny Phra e  Bead","focal-beads","FOC-SAR-RLLEYES-5PK","FOC-SAR-RLLEYES-1PK","5"
"Printed Bead 15mm Round Bead","uncategorized","SIL15-SCRBLFE-5PK","SIL15-SCRBLFE-1PK","5"
"12mm Gem  pacer","rhinestone-beads","ACC-GEM-DKBLU-12MM-10PK","ACC-GEM-DKBLU-12MM-1PK","10"
"Silicone Blue Spacer Beads Round Abacus Lentil Beads 12mm 14mm 15mm for Beadable Pens Keychains DIY Crafts Bulk 5pc 10pc","spacers-accessories","SIL-12MM-BLU-10PK","SIL-12MM-BLU-1PK","10"
"16mm Ivory Pearl Bead","acrylic","ACR-16MM-PRL-IVORY-5PK","ACR-16MM-PRL-IVORY-1PK","5"
"Beaded Pen Blank","beadable-pen-blanks","PEN-SOL-GLTORG-10PK","PEN-SOL-GLTORG-1PK","10"
"16mm Crochet Bead","spacers-accessories","ACC-CRCHT-PUR-10PK","ACC-CRCHT-PUR-1PK","10"
"10mm Sports Bead","spacers-accessories","ACR-10MM-SPRTS-BSKTBLL-10PK","ACR-10MM-SPRTS-BSKTBLL-1PK","10"
"16mm Gold Flake Acrylic Bead","spacers-accessories","ACR-BLK-GF-16-5PK","ACR-BLK-GF-16-5PK","5"
"Dog Paw Keychain Bar","beadable-products","BLK-DOGPAW-GLD-5PK","BLK-DOGPAW-GLD-1PK","5"
"Large Hole  pacer","spacers-accessories","ACC-MRBLE-BLK-25PK","ACC-MRBLE-BLK-1PK","25"
"Acrylic Flatback","charms-dangles","FLB-DEER-5PK","FLB-DEER-1PK","5"
"20mm  olid Light Blue Bead","acrylic","ACR-20MM-SLD-LTBLU-10PK","ACR-20MM-SLD-LTBLU-1PK","10"
"Ea ter Bead","focal-beads","FOC-HOL-WHTCHTTHBNNY-5PK","FOC-HOL-WHTCHTTHBNNY-1PK","5"
"10mm Wide Hole Gem  pacer","rhinestone-beads","ACC-GEM-WDHL-ORG-10PK","ACC-GEM-WDHL-ORG-1PK","10"
"3D Bead Thank giving Bead","focal-beads","FOC-HOL-3D-PLNTRKY-5PK","FOC-HOL-3D-PLNTRKY-1PK","5"
"Dental Focal Bead","charms-dangles","FOL-OCC-DENTALMIX-5PK","FOL-OCC-DENTALMIX-5PK","5"
"20mm  olid Red Bead","acrylic","ACR-20MM-SLD-RED-25PK","ACR-20MM-SLD-RED-1PK","25"
"3D Bead Chicken Bead","focal-beads","FOC-ANI-3D-CHCKN-5PK","FOC-ANI-3D-CHCKN-1PK","5"
"20mm  olid Black Bead","acrylic","ACR-20MM-SLD-BLK-10PK","ACR-20MM-SLD-BLK-1PK","10"
"Green  wirl Bead","spacers-accessories","SIL15-PRNT-GRNSWL-10PK","SIL15-PRNT-GRNSWL-1PK","10"
"Acrylic Flatback","charms-dangles","FLB-GRTDY-5PK","FLB-GRTDY-1PK","5"
"Bright Mix Wavy  pacer Bead","spacers-accessories","ACC-WAVY-BRIGHT-50PK","ACC-WAVY-BRIGHT-1PK","50"
"Acrylic  tar Charm","charms-dangles","ACC-CHRM-PURSTR-10PK","ACC-CHRM-PURSTR-1PK","10"
"pooky Bead  10 Pack","clearance-section","CLEARANCE-SMLLCHLDRN-10PK","CLEARANCE-SMLLCHLDRN-10PK","10"
"Beadable Mirror","beadable-products","BLK-MIR-HRT-YEL-3PK","BLK-MIR-HRT-YEL-1PK","3"
"ilicone Round Bead","focal-beads","SIL-ABA-LTGRY-5PK","SIL-ABA-LTGRY-1PK","5"
"20mm Bubblegum Bead","mixes-bundles-kits","ACR-REDBCHBLL-20MM-5PK","ACR-REDBCHBLL-20MM-1PK","5"
"3D Bead","focal-beads","FOC-ANI-3D-ELEPHNT-5PK","FOC-ANI-3D-ELEPHNT-1PK","5"
"20mm Bubblegum Bead","mixes-bundles-kits","ACR-AMRCNSTR-20MM-5PK","ACR-AMRCNSTR-20MM-1PK","5"
"16mm Crochet Bead","spacers-accessories","ACC-CRCHT-GRY-10PK","ACC-CRCHT-GRY-1PK","10"
"ilicone Round Bead","focal-beads","SIL-15MM-NVYBLU-10PK","SIL-15MM-NVYBLU-1PK","10"
"We Li ten Bead","focal-beads","FOC-SAR-JDGEWHT-5PK","FOC-SAR-JDGEWHT-1PK","5"
"Coach  ilicone Focal Bead","focal-beads","FOC-SPT-SCCRCCH-5PK","FOC-SPT-SCCRCCH-1PK","5"
"ilicone Cup  traw Topper","charms-dangles","ACC-STRWTOP-GNGRBD-5PK","ACC-STRWTOP-GNGRBD-1PK","5"
"20mm Rhine tone Bead","rhinestone-beads","RHNST-SPRLTEALSLV-20MM-10PK","RHNST-SPRLTEALSLV-20MM-1PK","10"
"Cute Animal Bead","focal-beads","FOC-ANI-BSCTRTLE-5PK","FOC-ANI-BSCTRTLE-1PK","5"
"Large Hole  pacer","spacers-accessories","ACC-FRRY-PLBLU-5PK","ACC-FRRY-PLBLU-1PK","5"
"unflower Bead","uncategorized","SIL15-PRNT-SNFLWR-5PK","SIL15-PRNT-SNFLWR-1PK","5"
"Cow Print Bead","uncategorized","SIL15-PRNT-PNKCOW-5PK","SIL15-PRNT-PNKCOW-1PK","5"
"20mm Bead","rhinestone-beads","RHNST-BLU-20MM-5PK","RHNST-BLU-20MM-1PK","5"
"20mm Bandana Acrylic Bead","mixes-bundles-kits","ACR-20MM-BNDNA-YEL-20PK","ACR-20MM-BNDNA-YEL-1PK","20"
"3D  t. Patrick'  Day Bead","focal-beads","FOC-HOL-3D-LTGRNHT-5PK","FOC-HOL-3D-LTGRNHT-1PK","5"
"Bright Mix Wavy  pacer Bead","spacers-accessories","ACC-WAVY-BRIGHT-10PK","ACC-WAVY-BRIGHT-1PK","10"
"2","acrylic","ACR-PNTSPLT-BLKWHT-20MM-10PK","ACR-PNTSPLT-BLKWHT-20MM-1PK","10"
"20mm Bubblegum Bead","rhinestone-beads","ACR-DSCOBLL-20MM-5PK","ACR-DSCOBLL-20MM-1PK","5"
"kull Bead","silicone","SIL15-PRNT-SKLL-10PK","SIL15-PRNT-SKLL-1PK","10"
"Beaded Pen Blank","beadable-pen-blanks","PEN-SOL-BUBPNK-5PK","PEN-SOL-BUBPNK-1PK","5"
"Beadable Mirror","beadable-products","BLK-MIR-HRT-TEAL-3PK","BLK-MIR-HRT-TEAL-1PK","3"
"Cowboy Hat Bead","charms-dangles","FOC-WES-OLDBLKHT-5PK","FOC-WES-OLDBLKHT-1PK","5"
"Ice Cream Bead","focal-beads","FOC-FOD-TEALCREAM-5PK","FOC-FOD-TEALCREAM-1PK","5"
"Acrylic Flatback","charms-dangles","FLB-BRTHDYSPCLST-5PK","FLB-BRTHDYSPCLST-1PK","5"
"16mm Clear Bubble Acrylic Beads Color Core Round Beads Transparent Beads Beadable Pen Beads Jewelry Making Craft Supplies","acrylic","ACR-16MM-BBLE-BLU-5PK","ACR-16MM-BBLE-BLU-1PK","5"
"Be t Friend Bead","focal-beads","FOC-FAM-COUSINS-5PK","FOC-FAM-COUSINS-1PK","5"
"20mm Rhine tone Bead","rhinestone-beads","RHNST-SPRLRYLBLUSLV-20MM-10PK","RHNST-SPRLRYLBLUSLV-20MM-1PK","10"
"20mm Rhine tone Bead","rhinestone-beads","RHNST-SPRLREDSLV-20MM-2PK","RHNST-SPRLREDSLV-20MM-1PK","2"
"16mm  olid Navy Blue Bead","acrylic","ACR-16MM-SLD-NVY-5PK","ACR-16MM-SLD-NVY-1PK","5"
"ea Life Bead","spacers-accessories","SIL15-PRNT-SEALFE-5PK","SIL15-PRNT-SEALFE-1PK","5"
"Chri tian Flatback","acrylic-flatbacks","FLB-HVNCRWDED-5PK","FLB-HVNCRWDED-1PK","5"
"Silicone Blush Pink Spacer Beads Round Lentil Beads 12mm 15mm for Beadable Pens Keychains DIY Crafts Bulk 5pc 10pc","spacers-accessories","SIL-ABA-BLSH-5PK","SIL-ABA-BLSH-1PK","5"
"16mm Bead","mixes-bundles-kits","ACR-16MM-UVAB-RNBW-5PK","ACR-16MM-UVAB-RNBW-1PK","5"
"Large Hole  pacer","spacers-accessories","ACC-FRRY-GRN-10PK","ACC-FRRY-GRN-1PK","10"
"Ba eball Mom Badge Reel Topper","acrylic-flatbacks","FLB-BSBLLHMR-5PK","FLB-BSBLLHMR-1PK","5"
"3D Bead Gnome Bead","charms-dangles","FOC-XMS-3D-GRNGNME-5PK","FOC-XMS-3D-GRNGNME-1PK","5"
"20mm Bubblegum Bead","mixes-bundles-kits","ACR-BLU-GF-20-20PK","ACR-BLU-GF-20-1PK","20"
"Large Hole  pacer","spacers-accessories","ACC-FRRY-DKGRY-5PK","ACC-FRRY-DKGRY-1PK","5"
"10mm Sports Bead","spacers-accessories","ACR-10MM-SPRTS-TNNS-25PK","ACR-10MM-SPRTS-TNNS-1PK","25"
"M","silicone","SIL15-PRNT-PNKMTTLC-5PK","SIL15-PRNT-PNKMTTLC-1PK","5"
"20mm Bead","rhinestone-beads","RHNST-BRN-20MM-2PK","RHNST-BRN-20MM-1PK","2"
"Retro  miley Bead","spacers-accessories","SIL15-PRNT-RTROSMLY-10PK","SIL15-PRNT-RTROSMLY-1PK","10"
"16mm Acrylic Bead","mixes-bundles-kits","ACR-16MM-SHIM-BLU-10PK","ACR-16MM-SHIM-BLU-1PK","10"
"Retro Bee  Bead","spacers-accessories","SIL15-PRNT-BEES-5PK","SIL15-PRNT-BEES-1PK","5"
"20mm  olid Navy Blue Bead","acrylic","ACR-20MM-SLD-NVY-25PK","ACR-20MM-SLD-NVY-1PK","25"
"3D Bead Robot Bead","focal-beads","FOC-MSC-YELRBT-5PK","FOC-MSC-YELRBT-1PK","5"
"20mm Bubblegum Bead","mixes-bundles-kits","ACR-FSHNG-20MM-5PK","ACR-FSHNG-20MM-1PK","5"
"9 Ball Acrylic Bead","acrylic","ACR-16MM-9BLL-10PK","ACR-16MM-9BLL-1PK","10"
"F","mixes-bundles-kits","ACR-16MM-FRSTD-YEL-25PK","ACR-16MM-FRSTD-YEL-1PK","25"
"15mm Fuzzy  pacer Bead","spacers-accessories","ACC-FZZY-RED-10PK","ACC-FZZY-RED-1PK","10"
"20mm White Rhine tone  wirl Bead","rhinestone-beads","RHNST-SWRL-WHTGRY-2PK","RHNST-SWRL-WHTGRY-1PK","2"
"Fancy Rhine tone Bead","rhinestone-beads","ACC-FNCY-UVGRN-BUTT-5PK","ACC-FNCY-UVGRN-BUTT-1PK","5"
"Chri tian  ilicone Focal Bead","focal-beads","FOC-MSC-FAITH-5PK","FOC-MSC-FAITH-1PK","5"
"Pencil Bead","focal-beads","FOC-SCH-PNCLBWTEAL-5PK","FOC-SCH-PNCLBWTEAL-1PK","5"
"Elephant Bead","focal-beads","FOC-ANI-GRY-BELLY-5PK","FOC-ANI-GRY-BELLY-1PK","5"
"Fluffy Bead Pen Blank","beadable-pen-blanks","PEN-FLUFF-SKYBLU-5PK","PEN-FLUFF-SKYBLU-1PK","5"
"Beaded Pen Blank","beadable-pen-blanks","PEN-SOL-GLTBRN-5PK","PEN-SOL-GLTBRN-1PK","5"
"Teacher Bead","focal-beads","FOC-HAL-SPKYVBS-5PK","FOC-HAL-SPKYVBS-1PK","5"
"16mm  olid Light Blue Bead","acrylic","ACR-16MM-SLD-LTBLU-5PK","ACR-16MM-SLD-LTBLU-1PK","5"
"Mental Health Bead","focal-beads","FOC-MEN-BLUWRLD-5PK","FOC-MEN-BLUWRLD-1PK","5"
"Beadable Garden Tool  et","beadable-products","GRDN-DKPNK-2PK","GRDN-DKPNK-1PK","2"
"16mm  olid Grey Bead","acrylic","ACR-16MM-SLD-DKGRY-5PK","ACR-16MM-SLD-DKGRY-1PK","5"
"Cow Bead","focal-beads","FOC-ANI-BLUSNFLWRCW-5PK","FOC-ANI-BLUSNFLWRCW-1PK","5"
"Bird Bead","focal-beads","FOC-SPR-BRDHSE-DKTEAL-5PK","FOC-SPR-BRDHSE-DKTEAL-1PK","5"
"20mm Acrylic Bead","acrylic","ACR-20MM-SHIM-RED-5PK","ACR-20MM-SHIM-RED-1PK","5"
"20mm Acrylic Bead","mixes-bundles-kits","ACR-20MM-SHIM-MIX-10PK","ACR-20MM-SHIM-MIX-10PK","10"
"Glitter Bead","uncategorized","SIL12-GLTTRBLU-5PK","SIL12-GLTTRBLU-1PK","5"
"15mm Bead","charms-dangles","SIL15-PRNT-LTNGB-10PK","SIL15-PRNT-LTNGB-1PK","10"
"16mm Acrylic Bead","acrylic","ACR-16MM-SHIM-PUR-20PK","ACR-16MM-SHIM-PUR-1PK","20"
"2","acrylic","ACR-PNTSPLT-90s-20MM-5PK","ACR-PNTSPLT-90s-20MM-1PK","5"
"ilicone Round Bead","focal-beads","SIL-12MM-SKYBLU-10PK","SIL-12MM-SKYBLU-1PK","10"
"20mm Black Purple Rhine tone  wirl Bead","rhinestone-beads","RHNST-SWRL-BLKPUR-2PK","RHNST-SWRL-BLKPUR-1PK","2"
"Acrylic Flatback","charms-dangles","FLB-SMLPUR-5PK","FLB-SMLPUR-1PK","5"
"Patriotic Bead","charms-dangles","FOC-PAT-3D-MRCNFLG-5PK","FOC-PAT-3D-MRCNFLG-1PK","5"
"Glitter Bead","uncategorized","SIL12-GLTTRORG-5PK","SIL12-GLTTRORG-1PK","5"
"3D Bead Yellow Rubber Duck Bead","focal-beads","FOC-ANI-3D-BLUDCK-5PK","FOC-ANI-3D-BLUDCK-1PK","5"
"Butterfly Bead","focal-beads","FOC-MSC-BUTTOKAY-5PK","FOC-MSC-BUTTOKAY-1PK","5"
"13mm Ribbed Barrel  pacer Bead","spacers-accessories","ACC-RBBDSPCR-CPPR-5PK","ACC-RBBDSPCR-CPPR-1PK","5"
"Gym  ilicone Focal Bead","charms-dangles","FOC-SPT-BLKDMBLL-5PK","FOC-SPT-BLKDMBLL-1PK","5"
"Printed Bead 15mm Round Bead","uncategorized","SIL15-PRNT-FRUIT-10PK","SIL15-PRNT-FRUIT-1PK","10"
"3D Animal Focal  ilicone Bead","focal-beads","FOC-ANI-3D-CRAB-5PK","FOC-ANI-3D-CRAB-1PK","5"
"Large Hole  pacer","spacers-accessories","ACC-FRRY-DKORG-25PK","ACC-FRRY-DKORG-1PK","25"
"Gingerbread Angel  ilicone Focal Bead","focal-beads","FOC-HOL-GNGRBRDNGL-5PK","FOC-HOL-GNGRBRDNGL-1PK","5"
"16mm Bead","acrylic","ACR-16MM-NEON-GRN-10PK","ACR-16MM-NEON-GRN-1PK","10"
"18mm Marbled Pumpkin XL Hole Bead","acrylic","ACR-18MM-GRNMRBL-PMKN-5PK","ACR-18MM-GRNMRBL-PMKN-1PK","5"
"Beaded Pen Blank","beadable-pen-blanks","PEN-SOL-GLTMOS-10PK","PEN-SOL-GLTMOS-1PK","10"
"Acrylic Flatback","charms-dangles","FLB-FRCDCHRT-5PK","FLB-FRCDCHRT-1PK","5"
"Book Bead","focal-beads","FOC-SCH-ORGBOOK-5PK","FOC-SCH-ORGBOOK-1PK","5"
"20mm Bubblegum Bead","acrylic","ACR-REDSNWFK-20MM-10PK","ACR-REDSNWFK-20MM-1PK","10"
"Printed Bead  ilicone Round Bead","silicone","SIL15-PRNT-PAW-10PK","SIL15-PRNT-PAW-1PK","10"
"M","silicone","SIL15-PRNT-GRNMTTLC-10PK","SIL15-PRNT-GRNMTTLC-1PK","10"
"Gingerbread Bead","focal-beads","FOC-XMS-GNGRBRD-LTBRW-5PK","FOC-XMS-GNGRBRD-LTBRW-1PK","5"
"ilicone Round Bead","focal-beads","SIL-15MM-AQUA-10PK","SIL-15MM-AQUA-1PK","10"
"3D  quirrel Focal  ilicone Bead","focal-beads","FOC-ANI-3D-SQRRL-5PK","FOC-ANI-3D-SQRRL-1PK","5"
"Beadable Keychain Blank","beadable-products","BLK-KYCHN-STAR-LTBLU-5PK","BLK-KYCHN-STAR-LTBLU-1PK","5"
"t Patrick’  Day 20mm Acrylic Bead","acrylic","ACR-20MM-HOL-STGNMES-10PK","ACR-20MM-HOL-STGNMES-1PK","10"
"3D  leeping  keleton Coffin  ilicone Focal Bead","focal-beads","FOC-HAL-3D-PUR-CFFN-5PK","FOC-HAL-3D-PUR-CFFN-1PK","5"
"t Patrick’  Day 20mm Acrylic Bead","acrylic","ACR-20MM-HOL-STGNMES-5PK","ACR-20MM-HOL-STGNMES-1PK","5"
"kull Pen Bundle Pack","mixes-bundles-kits","PEN-BNDL-SKLL-5PK","PEN-BNDL-SKLL-5PK","5"
"ilicone Lentil Bead Mix","spacers-accessories","SIL-LENT-MIX-10PC","SIL-LENT-MIX-10PC","10"
"20mm  pider Web Bead","acrylic","ACR-20MM-WHTREDSPDER-10PK","ACR-20MM-WHTREDSPDER-1PK","10"
"20mm Bandana Acrylic Bead","mixes-bundles-kits","ACR-20MM-BNDNA-DKBLU-5PK","ACR-20MM-BNDNA-DKBLU-1PK","5"
"Pen Ink Refill","beadable-products","ACC-INK-BLK-5PK","ACC-INK-BLK-1PK","5"
"ilicone Round Bead","focal-beads","SIL-15MM-LTPNK-10PK","SIL-15MM-LTPNK-1PK","10"
"16mm Bead","acrylic","ACR-16MM-UVAB-YEL-25PK","ACR-16MM-UVAB-YEL-1PK","25"
"3D Baby Bear Bead","focal-beads","FOC-ANI-3D-PNKBBYBR-5PK","FOC-ANI-3D-PNKBBYBR-1PK","5"
"Bull Bead","uncategorized","SIL15-PRNT-BULL-5PK","SIL15-PRNT-BULL-1PK","5"
"20mm Bubblegum Bead","acrylic","ACR-GLDSNWFK-20MM-5PK","ACR-GLDSNWFK-20MM-1PK","5"
"16mm Crochet Bead","spacers-accessories","ACC-CRCHT-MIX-16PK","ACC-CRCHT-MIX-16PK","16"
"20mm Bubblegum Bead","mixes-bundles-kits","ACR-AMRCNFLG-20MM-10PK","ACR-AMRCNFLG-20MM-1PK","10"
"20mm Bubblegum Bead","acrylic","ACR-FLWRS-20MM-10PK","ACR-FLWRS-20MM-1PK","10"
"Acrylic Flatback","charms-dangles","FLB-RNDEERJOY-5PK","FLB-RNDEERJOY-1PK","5"
"2","acrylic","ACR-PNTSPLT-HLLWN-20MM-10PK","ACR-PNTSPLT-HLLWN-20MM-1PK","10"
"20mm Bead","rhinestone-beads","RHNST-BRN-20MM-5PK","RHNST-BRN-20MM-1PK","5"
"20mm Acrylic Bead","acrylic","ACR-20MM-SHIM-PNK-10PK","ACR-20MM-SHIM-PNK-1PK","10"
"t Patrick’  Day 20mm Acrylic Bead","acrylic","ACR-20MM-HOL-STLOVE-20PK","ACR-20MM-HOL-STLOVE-1PK","20"
"20mm Bubblegum Bead","acrylic","ACR-POLTCL-20MM-10PK","ACR-POLTCL-20MM-1PK","10"
"ilicone Round Bead","focal-beads","SIL-15MM-DKPNK-10PK","SIL-15MM-DKPNK-1PK","10"
"Thank giving Bead","focal-beads","FOC-HOL-THNKFLGRTFL-5PK","FOC-HOL-THNKFLGRTFL-1PK","5"
"10mm Wavy  pacer","rhinestone-beads","ACC-GEMWVY-KSLV-10MM-10PK","ACC-GEMWVY-KSLV-10MM-1PK","10"
"20mm Bubblegum Bead","acrylic","ACR-GRNSNWFK-20MM-5PK","ACR-GRNSNWFK-20MM-1PK","5"
"Blue Flower Bead","uncategorized","SIL15-PRNT-BLUFLW-10PK","SIL15-PRNT-BLUFLW-1PK","10"
"Kitchen Mixer Bead","charms-dangles","FOC-MSC-MXR-PNK-5PK","FOC-MSC-MXR-PNK-1PK","5"
"12mm Bead","spacers-accessories","ACR-12MM-CRCKD-GRN-20PK","ACR-12MM-CRCKD-GRN-1PK","20"
"16mm Bead","acrylic","ACR-16MM-UVAB-DKBLU-5PK","ACR-16MM-UVAB-DKBLU-1PK","5"
"3D Bead Dolphin Bead","focal-beads","FOC-ANI-3D-LTBLUDLPHN-5PK","FOC-ANI-3D-LTBLUDLPHN-1PK","5"
"Beaded Pen Blank","beadable-pen-blanks","PEN-SOL-OMBPUR-5PK","PEN-SOL-OMBPUR-1PK","5"
"20mm Bubblegum Bead","mixes-bundles-kits","ACR-GRNCH-20MM-20PK","ACR-GRNCH-20MM-1PK","20"
"Gingerbread Bead","focal-beads","FOC-XMS-DKGNGRBRD-5PK","FOC-XMS-DKGNGRBRD-1PK","5"
"16mm Bead","acrylic","ACR-16MM-NEON-DKBLU-5PK","ACR-16MM-NEON-DKBLU-1PK","5"
"15mm Bead","silicone","SIL15-PRNT-HSPTL-10PK","SIL15-PRNT-HSPTL-1PK","10"
"20mm Bubblegum Bead","mixes-bundles-kits","ACR-READ-20MM-10PK","ACR-READ-20MM-1PK","10"
"16mm Light Pink Rhine tone Bead","rhinestone-beads","RHNST-LTPNK-16MM-5PK","RHNST-LTPNK-16MM-1PK","5"
"nowflake Bead","focal-beads","FOC-XMS-PNKSNWFLKE-5PK","FOC-XMS-PNKSNWFLKE-1PK","5"
"DIY  nowflake Keychain","beadable-products","BLK-SNWFLK-BAR-DKPNK-5PK","BLK-SNWFLK-BAR-DKPNK-1PK","5"
"Cup Charm Wire","beadable-products","BLK-WIRE-BLU-5PK","BLK-WIRE-BLU-1PK","5"
"Pink Duck Bead","uncategorized","SIL15-PRNT-PNKDCK-5PK","SIL15-PRNT-PNKDCK-1PK","5"
"Bright Bead","silicone","SIL-15MM-BRGHTPNK-10PK","SIL-15MM-BRGHTPNK-1PK","10"
"Hooded Cow Bead","focal-beads","FOC-ANI-PURHDIECW-5PK","FOC-ANI-PURHDIECW-1PK","5"
"20mm Acrylic Bead","acrylic","ACR-20MM-SHIM-WHT-10PK","ACR-20MM-SHIM-WHT-1PK","10"
"Pencil Bead","focal-beads","FOC-SCH-PNCL-FRTH-5PK","FOC-SCH-PNCL-FRTH-1PK","5"
"Printed Bead 15mm Round Bead","uncategorized","SIL15-PRNT-WOOF-5PK","SIL15-PRNT-WOOF-1PK","5"
"16mm Bead","acrylic","ACR-16MM-PSTL-DKPNK-25PK","ACR-16MM-PSTL-DKPNK-1PK","25"
"nowflake Bead","focal-beads","FOC-XMS-BLUSNWFLKE-5PK","FOC-XMS-BLUSNWFLKE-1PK","5"
"20mm Bubblegum Bead","mixes-bundles-kits","ACR-ESTRGG-20MM-5PK","ACR-ESTRGG-20MM-1PK","5"
"Acrylic Flatback","charms-dangles","FLB-EVRYTHNGFNE-5PK","FLB-EVRYTHNGFNE-1PK","5"
"Tool Focal Bead   et","focal-beads","FOC-MAN-TPMSRE-5PK","FOC-MAN-TPMSRE-1PK","5"
"16mm Bright Orange Bead","acrylic","ACR-16MM-SLD-BRTORG-5PK","ACR-16MM-SLD-BRTORG-1PK","5"
"12mm Bead","spacers-accessories","ACR-12MM-CRCKD-RED-20PK","ACR-12MM-CRCKD-RED-1PK","20"
"13mm Ribbed Barrel  pacer Bead","spacers-accessories","ACC-RBBDSPCR-WHT-10PK","ACC-RBBDSPCR-WHT-1PK","10"
"port  Bead","focal-beads","FOC-SPT-HCKYMOMPCK-5PK","FOC-SPT-HCKYMOMPCK-1PK","5"
"20mm Black Blue Rhine tone  wirl Bead","rhinestone-beads","RHNST-SWRL-BLKBLU-10PK","RHNST-SWRL-BLKBLU-1PK","10"
"3D Gho t Focal Bead","focal-beads","FOC-3D-HAL-GHSTMIX-4PK","FOC-3D-HAL-GHSTMIX-4PK","4"
"Beaded Pen Blank","beadable-pen-blanks","PEN-SOL-GRN-5PK","PEN-SOL-GRN-1PK","5"
"Beadable Garden Tool  et","beadable-products","GRDN-PUR-2PK","GRDN-PUR-1PK","2"
"20mm Bead","rhinestone-beads","RHNST-PNK-20MM-10PK","RHNST-PNK-20MM-1PK","10"
"20mm Bubblegum Bead","mixes-bundles-kits","ACR-LDYBG-20MM-5PK","ACR-LDYBG-20MM-1PK","5"
"Pen Ink Refill","beadable-products","INK-COMBO-8PK","INK-COMBO-8PK","8"
"Cow Bead","focal-beads","FOC-ANI-PNKSNFLWRCW-5PK","FOC-ANI-PNKSNFLWRCW-1PK","5"
"16mm Rhine tone Bead","rhinestone-beads","RHNST-BLU-16MM-5PK","RHNST-BLU-16MM-1PK","5"
"Butterfly Bead","uncategorized","SIL15-PRNT-BTTRFLY-5PK","SIL15-PRNT-BTTRFLY-1PK","5"
"20mm Black Purple Rhine tone  wirl Bead","rhinestone-beads","RHNST-SWRL-BLKPUR-5PK","RHNST-SWRL-BLKPUR-1PK","5"
"20mm Bead","rhinestone-beads","RHNST-DKGRN-20MM-10PK","RHNST-DKGRN-20MM-1PK","10"
"Large Hole  pacer","spacers-accessories","ACC-MRBLE-ORG-25PK","ACC-MRBLE-ORG-1PK","25"
"Waffle Bead","focal-beads","FOC-FOD-WAFFLE-5PK","FOC-FOD-WAFFLE-1PK","5"
"Cancer Awarene  Bead","focal-beads","FOC-MSC-RBBNGRN-5PK","FOC-MSC-RBBNGRN-1PK","5"
"Chri tian Flatback","acrylic-flatbacks","FLB-BTMYJESUS-5PK","FLB-BTMYJESUS-1PK","5"
"Flower Bead","focal-beads","FOC-SPR-MNTGRNFLWR-5PK","FOC-SPR-MNTGRNFLWR-1PK","5"
"Hockey Focal Bead","charms-dangles","FOC-SPT-DBLICESKTE-5PK","FOC-SPT-DBLICESKTE-1PK","5"
"Beaded Pen Blank","beadable-pen-blanks","PEN-SOL-LTPUR-5PK","PEN-SOL-LTPUR-1PK","5"
"ilicone Round Bead","focal-beads","SIL-12MM-PUR-10PK","SIL-12MM-PUR-1PK","10"
"20mm Acrylic Bead","mixes-bundles-kits","ACR-20MM-SHIM-BLU-5PK","ACR-20MM-SHIM-BLU-1PK","5"
"Large Hole  pacer","spacers-accessories","ACC-FRRY-GRY-25PK","ACC-FRRY-GRY-1PK","25"
"Silicone Hot Pink Spacer Beads Round Abacus Lentil Beads 12mm 14mm 15mm for Beadable Pens Keychains DIY Crafts Bulk 5pc 10pc","spacers-accessories","SIL-ABA-HTPNK-5PK","SIL-ABA-HTPNK-1PK","5"
"20mm Chrome Blue Acrylic Bead","clearance-section","CLEARANCE-CHRME-BLU-10PK","CLEARANCE-CHRME-BLU-10PK","10"
"anta Belt Bead","uncategorized","SIL15-PRNT-SANBLT-5PK","SIL15-PRNT-SANBLT-1PK","5"
"20mm Bubblegum Bead","mixes-bundles-kits","ACR-PTRTCSPRNKLS-20MM-20PK","ACR-PTRTCSPRNKLS-20MM-1PK","20"
"Large Hole  pacer","spacers-accessories","ACC-FRRY-LTPNK-10PK","ACC-FRRY-LTPNK-1PK","10"
"Gnome Bead","focal-beads","FOC-HAL-PURGNME-5PK","FOC-HAL-PURGNME-1PK","5"
"Beadable Bar Keychain","beadable-products","BLK-KEY-CLR-BLU-5PK","BLK-KEY-CLR-BLU-1PK","5"
"18mm Marbled Pumpkin XL Hole Bead","acrylic","ACR-18MM-CFFEEMRBL-PMKN-20PK","ACR-18MM-CFFEEMRBL-PMKN-1PK","20"
"Cowboy Hat Bead","charms-dangles","FOC-WES-BLKSPKHT-5PK","FOC-WES-BLKSPKHT-1PK","5"
"mile Zone Badge Reel Topper","acrylic-flatbacks","FLB-SMLZNE-5PK","FLB-SMLZNE-1PK","5"
"Dragonfly  ilicone Focal Bead","focal-beads","FOC-ANI-DRGNFLY-LTPNK-5PK","FOC-ANI-DRGNFLY-LTPNK-1PK","5"
"20mm Bead","rhinestone-beads","RHNST-RED-20MM-2PK","RHNST-RED-20MM-1PK","2"
"Glitter Bead","uncategorized","SIL12-GLTTRTEAL-5PK","SIL12-GLTTRTEAL-1PK","5"
"16mm  olid Peach Bead","acrylic","ACR-16MM-SLD-PCH-5PK","ACR-16MM-SLD-PCH-1PK","5"
"20mm Bubblegum Bead","mixes-bundles-kits","ACR-HLLWNMIX-20MM-25PK","ACR-HLLWNMIX-20MM-1PK","25"
"20mm Rhine tone Bead","rhinestone-beads","RHNST-SPRLDKPNKSLV-20MM-5PK","RHNST-SPRLDKPNKSLV-20MM-1PK","5"
"16mm Clear Bubble Acrylic Beads Color Core Round Beads Transparent Beads Beadable Pen Beads Jewelry Making Craft Supplies","acrylic","ACR-16MM-BBLE-PCH-10PK","ACR-16MM-BBLE-PCH-1PK","10"
"Chri tma  Bead","focal-beads","FOC-XMS-PNKTREE-5PK","FOC-XMS-PNKTREE-1PK","5"
"Acrylic Flatback","charms-dangles","FLB-PHRMYTCH-5PK","FLB-PHRMYTCH-1PK","5"
"20mm Acrylic Bead","acrylic","ACR-20MM-SHIM-RED-20PK","ACR-20MM-SHIM-RED-1PK","20"
"20mm Bead","rhinestone-beads","RHNST-PUR-20MM-5PK","RHNST-PUR-20MM-1PK","5"
"F","mixes-bundles-kits","ACR-16MM-FRSTD-WHT-25PK","ACR-16MM-FRSTD-WHT-1PK","25"
"Chri tian  ilicone Focal Bead","focal-beads","FOC-MSC-TEALJESUS-5PK","FOC-MSC-TEALJESUS-1PK","5"
"20mm Bubblegum Bead","mixes-bundles-kits","ACR-WHTSPDRWB-20MM-20PK","ACR-WHTSPDRWB-20MM-1PK","20"
"Large Hole  pacer","spacers-accessories","ACC-CRCKD-BLU-25PK","ACC-CRCKD-BLU-1PK","25"
"3D Bead Book Worm Bead","focal-beads","FOC-SCH-LTPNKBKWRM-5PK","FOC-SCH-LTPNKBKWRM-1PK","5"
"ticker Heart Beadable Cup Charm Blank","beadable-products","BLK-STCKR-HRT-KYCHN-MIX-14PK","BLK-STCKR-HRT-KYCHN-MIX-14PK","14"
"20mm  olid Dark Pink Bead","acrylic","ACR-20MM-SLD-DKPNK-10PK","ACR-20MM-SLD-DKPNK-1PK","10"
"Large Hole  pacer","spacers-accessories","ACC-CRCKD-YEL-25PK","ACC-CRCKD-YEL-1PK","25"
"10mm Sports Bead","spacers-accessories","ACR-10MM-SPRTS-SFTBLL-10PK","ACR-10MM-SPRTS-SFTBLL-1PK","10"
"Cow Print Bead","uncategorized","SIL15-PRNT-PURCOW-5PK","SIL15-PRNT-PURCOW-1PK","5"
"16mm Acrylic Bead","mixes-bundles-kits","ACR-16MM-SHIM-RED-10PK","ACR-16MM-SHIM-RED-1PK","10"
"20mm Bubblegum Bead","mixes-bundles-kits","ACR-DEER-20MM-5PK","ACR-DEER-20MM-1PK","5"
"Beaded Pen Blank","beadable-pen-blanks","PEN-SOL-GLTBLK-10PK","PEN-SOL-GLTBLK-1PK","10"
"20mm Bubblegum Bead","mixes-bundles-kits","ACR-PMPKNSPC-20MM-5PK","ACR-PMPKNSPC-20MM-1PK","5"
"20mm  olid Dark Brown Bead","acrylic","ACR-20MM-SLD-DKBRN-5PK","ACR-20MM-SLD-DKBRN-1PK","5"
"12mm Gem  pacer","rhinestone-beads","ACC-GEM-LTPNKPUR-12MM-10PK","ACC-GEM-LTPNKPUR-12MM-1PK","10"
"Duck Bead","focal-beads","FOC-ANI-MNTGRNDCK-5PK","FOC-ANI-MNTGRNDCK-1PK","5"
"20mm Bubblegum Bead","acrylic","ACR-GRNSWRL-20MM-20PK","ACR-GRNSWRL-20MM-1PK","20"
"Light Blue Teal Bead Mix","mixes-bundles-kits","ACR-LTBLUMIXNEW-20MM-5PK","ACR-LTBLUMIXNEW-20MM-1PK","5"
"Duck Bead","focal-beads","FOC-ANI-PURDCK-5PK","FOC-ANI-PURDCK-1PK","5"
"Ea ter Bead","focal-beads","FOC-HOL-BGEGGBNNY-5PK","FOC-HOL-BGEGGBNNY-1PK","5"
"20mm Bubblegum Bead","mixes-bundles-kits","ACR-MRMDTL-20MM-20PK","ACR-MRMDTL-20MM-1PK","20"
"10mm Sports Bead","spacers-accessories","ACR-10MM-SPRTS-BSBLL-10PK","ACR-10MM-SPRTS-BSBLL-1PK","10"
"20mm Acrylic Bead","mixes-bundles-kits","ACR-20MM-GLTTR-GRN-10PK","ACR-20MM-GLTTR-GRN-10PK","10"
"Beaded Pen Blank","beadable-pen-blanks","PEN-SOL-GLTDKPNK-5PK","PEN-SOL-GLTDKPNK-1PK","5"
"16mm Acrylic Bead","acrylic","ACR-16MM-SHIM-GRY-5PK","ACR-16MM-SHIM-GRY-1PK","5"
"14mm Brown Rhine tone Bead","rhinestone-beads","RHNST-BRN-14MM-5PK","RHNST-BRN-14MM-1PK","5"
"9 Ball Acrylic Bead","acrylic","ACR-16MM-9BLL-20PK","ACR-16MM-9BLL-1PK","20"
"18mm Marbled Pumpkin XL Hole Bead","acrylic","ACR-18MM-GRNMRBL-PMKN-20PK","ACR-18MM-GRNMRBL-PMKN-1PK","20"
"ilicone Clam  hell  pacer Bead","spacers-accessories","FOC-CLMSHLL-TEAL-5PK","FOC-CLMSHLL-TEAL-1PK","5"
"Cupcake Bead","focal-beads","FOC-FOD-3DPNKCPCKE-5PK","FOC-FOD-3DPNKCPCKE-1PK","5"
"Black Cauldron Bead","focal-beads","FOC-HAL-HCSPCS-5PK","FOC-HAL-HCSPCS-1PK","5"
"20mm Bubblegum Bead","mixes-bundles-kits","ACR-XMASGNOME-20MM-10PK","ACR-XMASGNOME-20MM-1PK","10"
"Beadable Keychain Blank","beadable-products","BLK-KYCHN-STAR-RSGLD-5PK","BLK-KYCHN-STAR-RSGLD-1PK","5"
"Bow Bead","focal-beads","FOC-XMS-RNDERBOW-5PK","FOC-XMS-RNDERBOW-1PK","5"
"16mm Acrylic Bead","mixes-bundles-kits","ACR-16MM-SHIM-LTPNK-10PK","ACR-16MM-SHIM-LTPNK-1PK","10"
"Beaded Pen Blank","beadable-pen-blanks","PEN-CHR-PNK-5PK","PEN-CHR-PNK-1PK","5"
"15mm Bead","charms-dangles","SIL15-PRNT-BLKSTRI-10PK","SIL15-PRNT-BLKSTRI-1PK","10"
"3D Bead Bucket Bead","focal-beads","FOC-HAL-PURBCKT-5PK","FOC-HAL-PURBCKT-1PK","5"
"chool Bu  Bead","focal-beads","FOC-SCH-SCHLBS-5PK","FOC-SCH-SCHLBS-1PK","5"
"16mm Acrylic Bead","acrylic","ACR-16MM-SHIM-LTBLU-5PK","ACR-16MM-SHIM-LTBLU-1PK","5"
"Acrylic Flatback","charms-dangles","FLB-VAL-ENVLP-5PK","FLB-VAL-ENVLP-1PK","5"
"Large Hole  pacer","spacers-accessories","ACC-FRRY-TURQ-10PK","ACC-FRRY-TURQ-1PK","10"
"10mm Sports Bead","spacers-accessories","ACR-10MM-SPRTS-VLLYBLL-50PK","ACR-10MM-SPRTS-VLLYBLL-1PK","50"
"16mm Bead","acrylic","ACR-16MM-UVAB-DARK-25PK","ACR-16MM-UVAB-DARK-1PK","25"
"16mm  olid Green Bead","acrylic","ACR-16MM-SLD-GRN-25PK","ACR-16MM-SLD-GRN-1PK","25"
"16mm Bead","spacers-accessories","ACR-16MM-YEL-SPRL-20PK","ACR-16MM-YEL-SPRL-1PK","20"
"20mm Bubblegum Bead","mixes-bundles-kits","ACR-BLKCWPRNT-20MM-10PK","ACR-BLKCWPRNT-20MM-1PK","10"
"Pencil Bead","focal-beads","FOC-SCH-PNCL-PREK-5PK","FOC-SCH-PNCL-PREK-1PK","5"
"15mm Round Printed  ilicone Bead","mixes-bundles-kits","SIL15-PRNT-MOSAIC-10PK","SIL15-PRNT-MOSAIC-1PK","10"
"ilicone Round Bead","spacers-accessories","SIL-LENT-RSQRTZ-10PK","SIL-LENT-RSQRTZ-1PK","10"
"Chri tma  Bead","focal-beads","FOC-XMS-GRNTREE-5PK","FOC-XMS-GRNTREE-1PK","5"
"Coffee Bean Bead","focal-beads","FOC-FOD-CFFBN-5PK","FOC-FOD-CFFBN-1PK","5"
"10mm Sports Bead","spacers-accessories","ACR-10MM-SPRTS-TNNS-50PK","ACR-10MM-SPRTS-TNNS-1PK","50"
"Dog Mom Bead","focal-beads","FOC-ANI-DGMMERA-5PK","FOC-ANI-DGMMERA-1PK","5"
"20mm White Rhine tone  wirl Bead","rhinestone-beads","RHNST-SWRL-WHTDKPUR-10PK","RHNST-SWRL-WHTDKPUR-1PK","10"
"14mm Rhine tone Bead","rhinestone-beads","RHNST-DKYEL-14MM-10PK","RHNST-DKYEL-14MM-1PK","10"
"20mm Bead","rhinestone-beads","RHNST-GLD-20MM-2PK","RHNST-GLD-20MM-1PK","2"
"Chri tian Flatback","acrylic-flatbacks","FLB-BYTHEIRFRUIT-5PK","FLB-BYTHEIRFRUIT-1PK","5"
"20mm Baking Quote Acrylic Bead","mixes-bundles-kits","ACR-INGRDNT-20MM-5PK","ACR-INGRDNT-20MM-1PK","5"
"Mu ic Bead","charms-dangles","FOC-REC-MSCHPPYPLCE-5PK","FOC-REC-MSCHPPYPLCE-1PK","5"
"16mm Bright Orange Bead","acrylic","ACR-16MM-SLD-BRTORG-10PK","ACR-16MM-SLD-BRTORG-1PK","10"
"Acrylic Flatback","charms-dangles","FLB-VAL-HNGRY-5PK","FLB-VAL-HNGRY-1PK","5"
"Flower Bead","focal-beads","FOC-SPR-PNKFLWR-5PK","FOC-SPR-PNKFLWR-1PK","5"
"Tumbler Focal Bead","focal-beads","FOC-FOD-MMSSPPYCP-5PK","FOC-FOD-MMSSPPYCP-1PK","5"
"Book Bead","focal-beads","FOC-HAL-FLWRGHST-5PK","FOC-HAL-FLWRGHST-1PK","5"
"F","mixes-bundles-kits","ACR-16MM-FRSTD-MIX-11PK","ACR-16MM-FRSTD-MIX-11PK","11"
"Retro Van Bead","focal-beads","FOC-VEH-ALIEN-5PK","FOC-VEH-ALIEN-1PK","5"
"2","acrylic","ACR-PNTSPLT-GRN-20MM-5PK","ACR-PNTSPLT-GRN-20MM-1PK","5"
"20mm Acrylic Bead","acrylic","ACR-20MM-SHIM-PUR-20PK","ACR-20MM-SHIM-PUR-1PK","20"
"20mm Bubblegum Bead","mixes-bundles-kits","ACR-PURBCHBLL-20MM-10PK","ACR-PURBCHBLL-20MM-1PK","10"
"10mm Sports Bead","spacers-accessories","ACR-10MM-SPRTS-VLLYBLL-25PK","ACR-10MM-SPRTS-VLLYBLL-1PK","25"
"15mm Cracked Bead","spacers-accessories","SIL15-PRNT-CRCKDPNK-5PK","SIL15-PRNT-CRCKDPNK-1PK","5"
"20mm Bubblegum Bead","mixes-bundles-kits","ACR-THTBSE-20MM-5PK","ACR-THTBSE-20MM-1PK","5"
"Deer Bead","focal-beads","FOC-FAM-WOODS-5PK","FOC-FAM-WOODS-1PK","5"
"12mm Gold Bead","spacers-accessories","ACR-12MM-GLD-20PK","ACR-12MM-GLD-1PK","20"
"16mm Rhinestone Beads Two Tone Crystal Beads Sparkle Bling Beads Beadable Pen Beads Jewelry Making DIY Craft Supplies","rhinestone-beads","RHNST-16MM-2TONE-RED-5PK","RHNST-16MM-2TONE-RED-1PK","5"
"16mm Bead","mixes-bundles-kits","ACR-16MM-UVAB-MNTGRN-10PK","ACR-16MM-UVAB-MNTGRN-1PK","10"
"Acrylic Flatback","charms-dangles","FLB-GNNALRN-5PK","FLB-GNNALRN-1PK","5"
"DIY  nowflake Keychain","beadable-products","BLK-SNWFLK-BAR-LTPNK-5PK","BLK-SNWFLK-BAR-LTPNK-1PK","5"
"F","mixes-bundles-kits","ACR-16MM-FRSTD-BLK-25PK","ACR-16MM-FRSTD-BLK-1PK","25"
"12mm Bead","mixes-bundles-kits","ACR-12BLOCK-REDWRTH-10PK","ACR-12BLOCK-REDWRTH-1PK","10"
"Beaded Pen Blank","beadable-pen-blanks","PEN-SOL-SKYBLU-5PK","PEN-SOL-SKYBLU-1PK","5"
"F","mixes-bundles-kits","ACR-16MM-FRSTD-PUR-25PK","ACR-16MM-FRSTD-PUR-1PK","25"
"10mm Wide Hole Gem  pacer","rhinestone-beads","ACC-GEM-WDHL-RED-10PK","ACC-GEM-WDHL-RED-1PK","10"
"Acrylic Flatback","charms-dangles","FLB-PMPKNSPCSSN-5PK","FLB-PMPKNSPCSSN-1PK","5"
"16mm True Crime Junkie Acrylic Bead","acrylic","ACR-16MM-TRUCRME-20PK","ACR-16MM-TRUCRME-1PK","20"
"20mm Bubblegum Bead","mixes-bundles-kits","ACR-SNTAKNWHM-20MM-5PK","ACR-SNTAKNWHM-20MM-1PK","5"
"Patriotic Bead","charms-dangles","FOC-PAT-SLDRHRT-5PK","FOC-PAT-SLDRHRT-1PK","5"
"16mm Rhinestone Beads Two Tone Crystal Beads Sparkle Bling Beads Beadable Pen Beads Jewelry Making DIY Craft Supplies","rhinestone-beads","RHNST-16MM-2TONE-LTBLU-10PK","RHNST-16MM-2TONE-LTBLU-1PK","10"
"20mm  olid White Bead","acrylic","ACR-20MM-SLD-WHT-25PK","ACR-20MM-SLD-WHT-1PK","25"
"20mm Bubblegum Bead","mixes-bundles-kits","ACR-XMASPNGN-20MM-10PK","ACR-XMASPNGN-20MM-1PK","10"
"16mm Bead","acrylic","ACR-16MM-NEON-PUR-5PK","ACR-16MM-NEON-PUR-1PK","5"
"Fancy Rhine tone Bead","rhinestone-beads","ACC-FNCY-WHT-SQU-5PK","ACC-FNCY-WHT-SQU-1PK","5"
"Ea ter Bead","focal-beads","FOC-HOL-TEALPEP-5PK","FOC-HOL-TEALPEP-1PK","5"
"DIY  nowflake Keychain","beadable-products","BLK-SNWFLK-BAR-COPP-5PK","BLK-SNWFLK-BAR-COPP-1PK","5"
"Dog Paw Keychain Bar","beadable-products","BLK-DOGPAW-DKBLU-5PK","BLK-DOGPAW-DKBLU-1PK","5"
"Hu band Bead","focal-beads","FOC-FAM-HSBNDSQ-5PK","FOC-FAM-HSBNDSQ-1PK","5"
"Fancy Rhine tone Bead","rhinestone-beads","ACC-FNCY-BLK-HRT-5PK","ACC-FNCY-BLK-HRT-1PK","5"
"Beadable Garden Tool  et","beadable-products","GRDN-BLU-4PK","GRDN-BLU-1PK","4"
"Dance  ilicone Focal Bead","focal-beads","FOC-SPT-DANCEMIX-5PK","FOC-SPT-DANCEMIX-5PK","5"
"Rhine tone Bow  pacer Bead","rhinestone-beads","ACC-FNCY-RED-BOW-5PK","ACC-FNCY-RED-BOW-1PK","5"
"Playing Card Bead","mixes-bundles-kits","SIL-PRNT-15MM-PLYCRDS-5PK","SIL-PRNT-15MM-PLYCRDS-1PK","5"
"Rhine tone Butterfly  pacer Bead","rhinestone-beads","ACC-FNCY-GRN-BUTT-5PK","ACC-FNCY-GRN-BUTT-1PK","5"
"port  Bead","focal-beads","FOC-SPT-KRTEMOM-5PK","FOC-SPT-KRTEMOM-1PK","5"
"16mm Bead","acrylic","ACR-16MM-UVAB-LTPNK-10PK","ACR-16MM-UVAB-LTPNK-1PK","10"
"20mm Bead","rhinestone-beads","RHNST-PUR-20MM-10PK","RHNST-PUR-20MM-1PK","10"
"16mm  olid White Acrylic Bead","acrylic","ACR-16MM-SLD-WHT-10PK","ACR-16MM-SLD-WHT-1PK","10"
"Chill Pill Bead","focal-beads","FOC-OCC-CHLLPLL-5PK","FOC-OCC-CHLLPLL-1PK","5"
"Large Hole  pacer","spacers-accessories","ACC-FRRY-DKGRY-10PK","ACC-FRRY-DKGRY-1PK","10"
"3D Bead  t. Patrick'  Day Bead","focal-beads","FOC-HOL-3D-BOOT-5PK","FOC-HOL-3D-BOOT-1PK","5"
"Hockey Focal Bead","charms-dangles","FOC-SPT-HCKYGLE-5PK","FOC-SPT-HCKYGLE-1PK","5"
"16mm  olid Light Brown Bead","acrylic","ACR-16MM-SLD-LTBRN-5PK","ACR-16MM-SLD-LTBRN-1PK","5"
"20mm Bead","mixes-bundles-kits","ACR-20MM-METAL-MIX-10PK","ACR-20MM-METAL-MIX-10PK","10"
"20mm Bubblegum Bead","mixes-bundles-kits","ACR-TRCRMJNK-20MM-20PK","ACR-TRCRMJNK-20MM-1PK","20"
"16mm Bead","spacers-accessories","ACR-16MM-GRN-SPRL-5PK","ACR-16MM-GRN-SPRL-1PK","5"
"Ea ter Bead","focal-beads","FOC-HOL-PNKTRCK-5PK","FOC-HOL-PNKTRCK-1PK","5"
"9 Ball Acrylic Bead","acrylic","ACR-9BALL-20MM-5PK","ACR-9BALL-20MM-1PK","5"
"Pearl Bow Focal Bead","focal-beads","FOC-PRLBOW-MIX-9PK","FOC-PRLBOW-MIX-9PK","9"
"Beaded Pen Blank","beadable-pen-blanks","PEN-SOL-XMASRED-10PK","PEN-SOL-XMASRED-1PK","10"
"16mm Gold Flake Acrylic Bead","spacers-accessories","ACR-BLU-GF-16-20PK","ACR-BLU-GF-16-20PK","20"
"15mm Easter Silicone Beads Bunny Plaid Printed Beads Pastel Blue Beads Round Beads for Pens Lanyard DIY Craft Beads","silicone","SIL15-PRNT-ESTRBNNY-5PK","SIL15-PRNT-ESTRBNNY-1PK","5"
"ilicone Round Bead","focal-beads","SIL-ABA-WHT-5PK","SIL-ABA-WHT-1PK","5"
"kull Bead","uncategorized","SIL15-PRNT-MRCNSKLL-5PK","SIL15-PRNT-MRCNSKLL-1PK","5"
"oftball Bead","uncategorized","SIL-PRNT-15MM-SFTBLL-5PK","SIL-PRNT-15MM-SFTBLL-1PK","5"
"Patriotic Bead","charms-dangles","FOC-PAT-MLTRYLV-5PK","FOC-PAT-MLTRYLV-1PK","5"
"Acrylic Flatback","charms-dangles","FLB-KAREN-5PK","FLB-KAREN-1PK","5"
"Glitter Bead","uncategorized","SIL15-GLTTRTEAL-5PK","SIL15-GLTTRTEAL-1PK","5"
"F","mixes-bundles-kits","ACR-16MM-FRSTD-DKPNK-10PK","ACR-16MM-FRSTD-DKPNK-1PK","10"
"Beaded Pen Blank","beadable-pen-blanks","PEN-SOL-LTORG-5PK","PEN-SOL-LTORG-1PK","5"
"Blue  tar Bead","uncategorized","SIL15-PRNT-BLUSTR-5PK","SIL15-PRNT-BLUSTR-1PK","5"
"He I  Ri en Flatback","acrylic-flatbacks","FLB-HEISRISEN-5PK","FLB-HEISRISEN-1PK","5"
"15mm Fuzzy  pacer Bead","spacers-accessories","ACC-FZZY-GRY-10PK","ACC-FZZY-GRY-1PK","10"
"Bad Apple Bead","focal-beads","FOC-HAL-BDAPPL-5PK","FOC-HAL-BDAPPL-1PK","5"
"Beadable Pen Packaging Bag  for  mall Bu ine","beadable-products","ACC-PCKG-HLOPNK-10PK","ACC-PCKG-HLOPNK-1PK","10"
"Beadable Bar Keychain","beadable-products","BLK-KEY-CLR-YEL-5PK","BLK-KEY-CLR-YEL-1PK","5"
"20mm Rhine tone Bead","rhinestone-beads","RHNST-SPRLTEALSLV-20MM-5PK","RHNST-SPRLTEALSLV-20MM-1PK","5"
"16mm Bead","spacers-accessories","ACR-16MM-BLK-SPRL-20PK","ACR-16MM-BLK-SPRL-1PK","20"
"3D Dragon","focal-beads","FOC-ANI-3D-DRGN-BLK-5PK","FOC-ANI-3D-DRGN-BLK-1PK","5"
"16mm Gold Pearl Bead","acrylic","ACR-16MM-PRL-GLD-5PK","ACR-16MM-PRL-GLD-1PK","5"
"20mm Bead","rhinestone-beads","RHNST-LMGRN-20MM-5PK","RHNST-LMGRN-20MM-1PK","5"
"14mm Green Rhine tone Bead","rhinestone-beads","RHNST-GRN-14MM-10PK","RHNST-GRN-14MM-1PK","10"
"15mm Cracked Bead","spacers-accessories","SIL15-PRNT-CRCKDLTBLU-5PK","SIL15-PRNT-CRCKDLTBLU-1PK","5"
"3D Ba eball Cheer Focal Bead","focal-beads","FOC-SPT-3D-BSBLLJRSY-5PK","FOC-SPT-3D-BSBLLJRSY-1PK","5"
"16mm Orange  pider Web Acrylic Halloween Bead","acrylic","ACR-16MM-SQRE-ORGSPDR-5PK","ACR-16MM-SQRE-ORGSPDR-1PK","5"
"Rainbow Bead","uncategorized","SIL15-PRNT-RNBWBRGHT-10PK","SIL15-PRNT-RNBWBRGHT-1PK","10"
"20mm Bubblegum Bead","mixes-bundles-kits","ACR-MRMDTL-20MM-5PK","ACR-MRMDTL-20MM-1PK","5"
"16mm  olid Dark Brown Bead","acrylic","ACR-16MM-SLD-DKBRN-10PK","ACR-16MM-SLD-DKBRN-1PK","10"
"16mm Bead","rhinestone-beads","RHNST-ABCMIX-16MM-5PK","RHNST-ABCMIX-16MM-1PK","5"
"Bright Bead","silicone","SIL-15MM-BRGHTDKGLD-5PK","SIL-15MM-BRGHTDKGLD-1PK","5"
"16mm Bead","acrylic","ACR-16MM-UVAB-DARK-5PK","ACR-16MM-UVAB-DARK-1PK","5"
"Pumpkin Bead","focal-beads","FOC-HAL-BWPMPKNPNK-5PK","FOC-HAL-BWPMPKNPNK-1PK","5"
"20mm Bead","rhinestone-beads","RHNST-GRN-20MM-2PK","RHNST-GRN-20MM-1PK","2"
"10mm Sports Bead","spacers-accessories","ACR-10MM-SPRTS-FTBLL-25PK","ACR-10MM-SPRTS-FTBLL-1PK","25"
"16mm Bead","acrylic","ACR-16MM-UVAB-LMGRN-5PK","ACR-16MM-UVAB-LMGRN-1PK","5"
"Pack of Pencil","beadable-products","PEN-BNDL-PNCLS-9PK","PEN-BNDL-PNCLS-9PK","9"
"M","mixes-bundles-kits","SIL15-PRNT-BLUPURMRBL-10PK","SIL15-PRNT-BLUPURMRBL-1PK","10"
"3D Bead Gho t Bead","focal-beads","FOC-HAL-3D-CNDYGHST-5PK","FOC-HAL-3D-CNDYGHST-1PK","5"
"3D Bead","charms-dangles","FOC-XMS-3D-PNKTREE-5PK","FOC-XMS-3D-PNKTREE-1PK","5"
"18mm Marbled Pumpkin XL Hole Bead","acrylic","ACR-18MM-CFFEEMRBL-PMKN-5PK","ACR-18MM-CFFEEMRBL-PMKN-1PK","5"
"16mm Bead","acrylic","ACR-16MM-PSTL-LTCRL-25PK","ACR-16MM-PSTL-LTCRL-1PK","25"
"16mm Bead","rhinestone-beads","RHNST-PTRTCMIX-16MM-10PK","RHNST-PTRTCMIX-16MM-1PK","10"
"Cheer Bead","focal-beads","FOC-SPT-CHEERLEADER-5PK","FOC-SPT-CHEERLEADER-1PK","5"
"mall Flower Bead","focal-beads","FOC-SPR-SMPURFLWR-5PK","FOC-SPR-SMPURFLWR-1PK","5"
"ilicone Round Bead","focal-beads","SIL-15MM-LTGRY-10PK","SIL-15MM-LTGRY-1PK","10"
"Pencil Bead","focal-beads","FOC-SCH-PNCLBWLTPNK-5PK","FOC-SCH-PNCLBWLTPNK-1PK","5"
"18mm Marbled Pumpkin XL Hole Bead","acrylic","ACR-18MM-GRNMRBL-PMKN-10PK","ACR-18MM-GRNMRBL-PMKN-1PK","10"
"20mm Bubblegum Bead","rhinestone-beads","ACR-PURMIX-20MM-10PK","ACR-PURMIX-20MM-1PK","10"
"E","charms-dangles","FOC-HOL-CTEBNNY-5PK","FOC-HOL-CTEBNNY-1PK","5"
"ilicone Round Bead","focal-beads","SIL-ABA-LTPNK-5PK","SIL-ABA-LTPNK-1PK","5"
"3D Dragon","focal-beads","FOC-ANI-3D-DRGN-RED-5PK","FOC-ANI-3D-DRGN-RED-1PK","5"
"Ocean Animal Focal Bead","focal-beads","FOC-3D-ANI-JLLYFSH-5PK","FOC-3D-ANI-JLLYFSH-1PK","5"
"Beaded Pen Blank","beadable-pen-blanks","PEN-SOL-CAMGRN-5PK","PEN-SOL-CAMGRN-1PK","5"
"Cro  Bead","focal-beads","FOC-MSC-TEALFLWRCRSS-5PK","FOC-MSC-TEALFLWRCRSS-1PK","5"
"15mm  ilicone Bead Mix","mixes-bundles-kits","SIL-15MM-MIX-10PC","SIL-15MM-MIX-10PC","10"
"Deer Bead","charms-dangles","FOC-ANI-GRYDEER-5PK","FOC-ANI-GRYDEER-1PK","5"
"Fancy Rhine tone Bead","rhinestone-beads","ACC-FNCY-UVPUR-BUTT-5PK","ACC-FNCY-UVPUR-BUTT-1PK","5"
"Printed Bead 15mm Round Bead","uncategorized","SIL15-PRNT-XMASHGHLNDCW-10PK","SIL15-PRNT-XMASHGHLNDCW-1PK","10"
"Wine  topper","beadable-products","BLK-WNSTPPR-BLK-2PK","BLK-WNSTPPR-BLK-1PK","2"
"Big Flower Bead","focal-beads","FOC-SPR-BGMAVEFLWR-5PK","FOC-SPR-BGMAVEFLWR-1PK","5"
"20mm Bead","rhinestone-beads","RHNST-ORG-20MM-2PK","RHNST-ORG-20MM-1PK","2"
"20mm Ea ter Truck Acrylic Bead","acrylic","ACR-ESTRCK-20MM-5PK","ACR-ESTRCK-20MM-1PK","5"
"Beaded Pen Blank","beadable-pen-blanks","PEN-SOL-GLTWHT-5PK","PEN-SOL-GLTWHT-1PK","5"
"Printed  ilicone Round Bead","silicone","SIL15-PRNT-PTRCKDY-5PK","SIL15-PRNT-PTRCKDY-1PK","5"
"20mm Bead","rhinestone-beads","RHNST-WHT-20MM-10PK","RHNST-WHT-20MM-1PK","10"
"16mm Acrylic Bead","mixes-bundles-kits","ACR-16MM-SHIM-DKBLU-10PK","ACR-16MM-SHIM-DKBLU-1PK","10"
"16mm  olid Grey Bead","acrylic","ACR-16MM-SLD-GRY-25PK","ACR-16MM-SLD-GRY-1PK","25"
"2","acrylic","ACR-PURRBBN-20MM-10PK","ACR-PURRBBN-20MM-1PK","10"
"20mm Acrylic Bead","mixes-bundles-kits","ACR-20MM-GLTTR-YEL-10PK","ACR-20MM-GLTTR-YEL-10PK","10"
"emi Truck Bead","focal-beads","FOC-VEH-YEL-SEMI-5PK","FOC-VEH-YEL-SEMI-1PK","5"
"Dog Paw Keychain Bar","beadable-products","BLK-DOGPAW-LTPNK-5PK","BLK-DOGPAW-LTPNK-1PK","5"
"Pearl Bow Focal Bead","focal-beads","FOC-PRLBOW-HTPNK-5PK","FOC-PRLBOW-HTPNK-1PK","5"
"Autumn Vibe  Bead","focal-beads","FOC-HOL-ATMNGNME-5PK","FOC-HOL-ATMNGNME-1PK","5"
"20mm  olid Lime Green Bead","acrylic","ACR-20MM-SLD-LMGRN-25PK","ACR-20MM-SLD-LMGRN-1PK","25"
"Large Hole  pacer","spacers-accessories","ACC-FRRY-DKBLU-10PK","ACC-FRRY-DKBLU-1PK","10"
"Po tal Bead","uncategorized","SIL15-PRNT-POST-10PK","SIL15-PRNT-POST-1PK","10"
"Mama Bead","focal-beads","FOC-FAM-HRT1MTHRSDY-5PK","FOC-FAM-HRT1MTHRSDY-1PK","5"
"Cheer Bead","focal-beads","FOC-SPT-BRNTMBLE-5PK","FOC-SPT-BRNTMBLE-1PK","5"
"3","focal-beads","HAL-3D-JR-PMPKIN-5PK","HAL-3D-JR-PMPKIN-1PK","5"
"20mm Bead","mixes-bundles-kits","ACR-20MM-METAL-TEAL-10PK","ACR-20MM-METAL-TEAL-1PK","10"
"20mm  pider Web Bead","acrylic","ACR-20MM-WHTBLKSPDER-20PK","ACR-20MM-WHTBLKSPDER-1PK","20"
"Unicorn Bead","focal-beads","FOC-MSC-WHTUNCRN-5PK","FOC-MSC-WHTUNCRN-1PK","5"
"14mm Light Green Rhine tone Bead","rhinestone-beads","RHNST-LTGRN-14MM-5PK","RHNST-LTGRN-14MM-1PK","5"
"Flamingo Bead","focal-beads","FOC-HAL-FLMNGHST-5PK","FOC-HAL-FLMNGHST-1PK","5"
"12mm Wavy  pacer","rhinestone-beads","ACC-GEMWVY-SLV-12MM-10PK","ACC-GEMWVY-SLV-12MM-1PK","10"
"Racing Focal Bead","focal-beads","FOC-FAM-RCNFLG-5PK","FOC-FAM-RCNFLG-1PK","5"
"16mm Bead","spacers-accessories","ACR-16MM-LTBLU-SPRL-5PK","ACR-16MM-LTBLU-SPRL-1PK","5"
"Halloween Bead","uncategorized","SIL15-PRNT-HLLWNPUR-5PK","SIL15-PRNT-HLLWNPUR-1PK","5"
"16mm Acrylic Bead","acrylic","ACR-16MM-SHIM-PNK-5PK","ACR-16MM-SHIM-PNK-1PK","5"
"Acrylic Flatback","charms-dangles","FLB-XRAYTCHSLV-5PK","FLB-XRAYTCHSLV-1PK","5"
"20mm Ocean Blue Rhine tone Bead","rhinestone-beads","RHNST-OCNBLU-20MM-5PK","RHNST-OCNBLU-20MM-1PK","5"
"mall Flower Bead","focal-beads","FOC-SPR-SMWHTDSY-5PK","FOC-SPR-SMWHTDSY-1PK","5"
"16mm Christmas Rhinestone Beads Red Green Silver Crystal Beads Holiday Beadable Pen Beads Sparkle Bling DIY Craft Supplies","rhinestone-beads","RHNST-16MM-2TONE-XMAS-5PK","RHNST-16MM-2TONE-XMAS-1PK","5"
"t Patrick’  Day 20mm Acrylic Bead","acrylic","ACR-20MM-HOL-WEEIRSH-20PK","ACR-20MM-HOL-WEEIRSH-1PK","20"
"Di c  pacer","spacers-accessories","ACC-DISC-GLD-100PK","ACC-DISC-GLD-1PK","100"
"16mm Bead","mixes-bundles-kits","ACR-16MM-UVAB-RED-10PK","ACR-16MM-UVAB-RED-1PK","10"
"16mm  olid Green Bead","acrylic","ACR-16MM-SLD-GRN-5PK","ACR-16MM-SLD-GRN-1PK","5"
"Wine O' Clock Focal Bead","focal-beads","FOC-ADT-PNK-WNE-5PK","FOC-ADT-PNK-WNE-1PK","5"
"Silicone Summer Green Spacer Beads Round Abacus Lentil Beads 12mm 14mm 15mm for Beadable Pens Keychains DIY Crafts Bulk 5pc 10pc","spacers-accessories","SIL-ABA-SMMRGRN-5PK","SIL-ABA-SMMRGRN-1PK","5"
"Bingo Focal  ilicone Bead","focal-beads","FOC-REC-YLLSBNG-5PK","FOC-REC-YLLSBNG-1PK","5"
"20mm  olid Light Brown Bead","acrylic","ACR-20MM-SLD-LTBRN-25PK","ACR-20MM-SLD-LTBRN-1PK","25"
"16mm  olid Dark Pink Bead","acrylic","ACR-16MM-SLD-DKPNK-25PK","ACR-16MM-SLD-DKPNK-1PK","25"
"3D  leeping  keleton Coffin  ilicone Focal Bead","focal-beads","FOC-HAL-3D-ORG-CFFN-5PK","FOC-HAL-3D-ORG-CFFN-1PK","5"
"Acrylic Flatback","charms-dangles","FLB-SMLWHT-5PK","FLB-SMLWHT-1PK","5"
"16mm Bead","spacers-accessories","ACR-16MM-BLKYEL-SPRL-10PK","ACR-16MM-BLKYEL-SPRL-1PK","10"
"20mm Bubblegum Bead","mixes-bundles-kits","ACR-LDYBG-20MM-10PK","ACR-LDYBG-20MM-1PK","10"
"3D Pickle  ilicone Focal Bead","charms-dangles","FOC-FOD-3D-SNGLSSPCKLE-5PK","FOC-FOD-3D-SNGLSSPCKLE-1PK","5"
"16mm Bead","acrylic","ACR-16MM-PSTL-LTPNK-10PK","ACR-16MM-PSTL-LTPNK-1PK","10"
"20mm  olid Dark Pink Bead","acrylic","ACR-20MM-SLD-DKPNK-5PK","ACR-20MM-SLD-DKPNK-1PK","5"
"20mm Acrylic Bead","acrylic","ACR-20MM-SHIM-GRY-20PK","ACR-20MM-SHIM-GRY-1PK","20"
"Chri tma   ilicone Jar Focal Bead","focal-beads","HAL-3D-JR-BLUSNWFLKE-5PK","HAL-3D-JR-BLUSNWFLKE-1PK","5"
"15mm Fuzzy  pacer Bead","spacers-accessories","ACC-FZZY-BLK-5PK","ACC-FZZY-BLK-1PK","5"
"16mm  olid Light Pink Bead","acrylic","ACR-16MM-SLD-LTPNK-5PK","ACR-16MM-SLD-LTPNK-1PK","5"
"ilicone Round Bead","focal-beads","SIL-LENT-DKRED-10PK","SIL-LENT-DKRED-1PK","10"
"enior Focal Bead","focal-beads","FOC-SCH-SENIOR-5PK","FOC-SCH-SENIOR-1PK","5"
"20mm Bubblegum Bead","mixes-bundles-kits","ACR-DKPNKBCHBLL-20MM-10PK","ACR-DKPNKBCHBLL-20MM-1PK","10"
"Silicone Wine Purple Spacer Beads Round Lentil Beads 12mm 15mm for Beadable Pens Keychains DIY Crafts Bulk 5pc 10pc","spacers-accessories","SIL-15MM-WNE-10PK","SIL-15MM-WNE-1PK","10"
"16mm Acrylic Bead","acrylic","ACR-16MM-SHIM-LTPNK-5PK","ACR-16MM-SHIM-LTPNK-1PK","5"
"12mm Bead","mixes-bundles-kits","ACR-12BLOCK-REDTREE-10PK","ACR-12BLOCK-REDTREE-1PK","10"
"14mm Light Green Rhine tone Bead","rhinestone-beads","RHNST-LTGRN-14MM-10PK","RHNST-LTGRN-14MM-1PK","10"
"20mm Acrylic Bead","acrylic","ACR-20MM-SHIM-PUR-10PK","ACR-20MM-SHIM-PUR-1PK","10"
"Cowboy Boot Bead","focal-beads","FOC-WES-OLDBRNBT-5PK","FOC-WES-OLDBRNBT-1PK","5"
"20mm Acrylic Bead","mixes-bundles-kits","ACR-20MM-SHIM-DKBLU-5PK","ACR-20MM-SHIM-DKBLU-1PK","5"
"Ea ter Bead","charms-dangles","FOC-HOL-HGHLNDCWBNNY-5PK","FOC-HOL-HGHLNDCWBNNY-1PK","5"
"16mm Bead","acrylic","ACR-16MM-PSTL-YEL-25PK","ACR-16MM-PSTL-YEL-1PK","25"
"20mm Bubblegum Bead","mixes-bundles-kits","ACR-XMASGNOME-20MM-5PK","ACR-XMASGNOME-20MM-1PK","5"
"16mm Acrylic Bead","acrylic","ACR-16MM-SHIM-LTPNK-10PK","ACR-16MM-SHIM-LTPNK-1PK","10"
"Hockey Focal Bead","charms-dangles","FOC-SPT-HCKYCCH-5PK","FOC-SPT-HCKYCCH-1PK","5"
"ilicone Round Bead","focal-beads","SIL-LENT-NVYBLU-10PK","SIL-LENT-NVYBLU-1PK","10"
"Gym  ilicone Focal Bead","charms-dangles","FOC-SPT-KTTLBLL-5PK","FOC-SPT-KTTLBLL-1PK","5"
"Leopard Bead","mixes-bundles-kits","SIL15-PRNT-CLRFLPRD-5PK","SIL15-PRNT-CLRFLPRD-1PK","5"
"Rainbow Bead","focal-beads","FOC-SPR-TRQRNBW-5PK","FOC-SPR-TRQRNBW-1PK","5"
"Beaded Pen Blank","beadable-pen-blanks","PEN-CHR-LTBLU-5PK","PEN-CHR-LTBLU-1PK","5"
"Halloween Bead","uncategorized","SIL15-PRNT-HLLWNBLK-5PK","SIL15-PRNT-HLLWNBLK-1PK","5"
"16mm Bead","acrylic","ACR-16MM-PSTL-LTCRL-10PK","ACR-16MM-PSTL-LTCRL-1PK","10"
"16mm  olid Grey Bead","acrylic","ACR-16MM-SLD-GRY-5PK","ACR-16MM-SLD-GRY-1PK","5"
"Large Hole  pacer","spacers-accessories","ACC-FRRY-YEL-25PK","ACC-FRRY-YEL-1PK","25"
"Large Hole  pacer","spacers-accessories","ACC-FRRY-DKORG-10PK","ACC-FRRY-DKORG-1PK","10"
"port  Bead","focal-beads","FOC-SPT-SCCRMOM-5PK","FOC-SPT-SCCRMOM-1PK","5"
"carecrow Bead","focal-beads","FOC-HOL-GRLSCRCRW-5PK","FOC-HOL-GRLSCRCRW-1PK","5"
"F","mixes-bundles-kits","ACR-16MM-FRSTD-TRQUS-5PK","ACR-16MM-FRSTD-TRQUS-1PK","5"
"Paw Print Pen Bundle Pack","mixes-bundles-kits","PEN-BNDL-PAW-5PK","PEN-BNDL-PAW-5PK","5"
"ilicone Round Bead","spacers-accessories","SIL-12MM-NAVJWHT-10PK","SIL-12MM-NAVJWHT-1PK","10"
"3D Fruit Focal Bead","focal-beads","FOC-FOD-3DFRUITMIX-7PK","FOC-FOD-3DFRUITMIX-7PK","7"
"ilicone Round Bead","focal-beads","SIL-15MM-BLK-10PK","SIL-15MM-BLK-1PK","10"
"15mm Cracked Bead","spacers-accessories","SIL15-PRNT-CRCKDTEAL-5PK","SIL15-PRNT-CRCKDTEAL-1PK","5"
"Excavator Truck Bead","focal-beads","FOC-VEH-XCVTR-GRN-5PK","FOC-VEH-XCVTR-GRN-1PK","5"
"20mm Bubblegum Pink Acrylic Bead","acrylic","ACR-20MM-SLD-BBLGMPNK-10PK","ACR-20MM-SLD-BBLGMPNK-1PK","10"
"15mm  miley Face  ilicone Bead","silicone","SIL15-PRNT-PNKSMLYFC-10PK","SIL15-PRNT-PNKSMLYFC-1PK","10"
"20mm Bubblegum Bead","mixes-bundles-kits","ACR-TRTLE-20MM-10PK","ACR-TRTLE-20MM-1PK","10"
"3D Bead Bucket Bead","focal-beads","FOC-HAL-ORGBCKT-5PK","FOC-HAL-ORGBCKT-1PK","5"
"Beadable Garden Tool  et","beadable-products","GRDN-TEAL-2PK","GRDN-TEAL-1PK","2"
"65mm Printed  ilicone Ring","focal-beads","ACC-RNGPNKCW-5PK","ACC-RNGPNKCW-1PK","5"
"16mm Bead","acrylic","ACR-16MM-NEON-DKBLU-10PK","ACR-16MM-NEON-DKBLU-1PK","10"
"20mm White Rhine tone  wirl Bead","rhinestone-beads","RHNST-SWRL-WHTRED-10PK","RHNST-SWRL-WHTRED-1PK","10"
"20mm Bubblegum Bead","mixes-bundles-kits","ACR-AMRCNFLG-20MM-5PK","ACR-AMRCNFLG-20MM-1PK","5"
"16mm  olid White Acrylic Bead","acrylic","ACR-16MM-SLD-WHT-5PK","ACR-16MM-SLD-WHT-1PK","5"
"Printed Faux Leather Ta el","charms-dangles","ACC-PRNTTSSL-SNFLWR-5PK","ACC-PRNTTSSL-SNFLWR-1PK","5"
"20mm Bubblegum Bead","acrylic","ACR-FLWRS-20MM-5PK","ACR-FLWRS-20MM-1PK","5"
"Vintage  anta Bead","focal-beads","FOC-XMS-LGHTSNTA-5PK","FOC-XMS-LGHTSNTA-1PK","5"
"Beaded Pen Blank","beadable-pen-blanks","PEN-SOL-OMBBLK-10PK","PEN-SOL-OMBBLK-1PK","10"
"Thank giving Bead","focal-beads","FOC-HOL-THNKSGVNG-5PK","FOC-HOL-THNKSGVNG-1PK","5"
"20mm  olid Bright Yellow Bead","acrylic","ACR-20MM-SLD-BRGHTYEL-10PK","ACR-20MM-SLD-BRGHTYEL-1PK","10"
"mall Flower Bead","focal-beads","FOC-SPR-SMMVEFLWR-5PK","FOC-SPR-SMMVEFLWR-1PK","5"
"Dance  ilicone Focal Bead","focal-beads","FOC-SPT-BLLRNBW-5PK","FOC-SPT-BLLRNBW-1PK","5"
"3D Bead  ilicone Focal Bead","charms-dangles","FOC-FOD-BGCFFEE-5PK","FOC-FOD-BGCFFEE-1PK","5"
"Dad Bead","focal-beads","FOC-FAM-MANMYTH-5PK","FOC-FAM-MANMYTH-1PK","5"
"20mm  port  Rhine tone Bead","rhinestone-beads","RHNST-FTBLL-10PK","RHNST-FTBLL-1PK","10"
"20mm Bubblegum Bead","acrylic","ACR-GLDSNWFK-20MM-10PK","ACR-GLDSNWFK-20MM-1PK","10"
"Wild Life Bead","spacers-accessories","SIL15-PRNT-WLDLFE-10PK","SIL15-PRNT-WLDLFE-1PK","10"
"20mm Bubblegum Bead","mixes-bundles-kits","ACR-YELBCHBLL-20MM-5PK","ACR-YELBCHBLL-20MM-1PK","5"
"Mechanic Bead","charms-dangles","FOC-OCC-MCHNC-5PK","FOC-OCC-MCHNC-1PK","5"
"Wavy  pacer","spacers-accessories","ACC-WAVY-SIL-50PK","ACC-WAVY-SIL-1PK","50"
"Candy Bead","focal-beads","FOC-XMS-REDCNDY-5PK","FOC-XMS-REDCNDY-1PK","5"
"Rhine tone Butterfly  pacer Bead","rhinestone-beads","ACC-FNCY-BLK-BUTT-5PK","ACC-FNCY-BLK-BUTT-1PK","5"
"Big Flower Bead","focal-beads","FOC-SPR-BGLTPNKFLWR-5PK","FOC-SPR-BGLTPNKFLWR-1PK","5"
"20mm Bubblegum Bead","rhinestone-beads","ACR-YELMIX-20MM-5PK","ACR-YELMIX-20MM-1PK","5"
"Large Hole  pacer","spacers-accessories","ACC-MRBLE-PUR-10PK","ACC-MRBLE-PUR-1PK","10"
"3D Cat  ilicone Focal Bead","focal-beads","FOC-ANI-3D-CATSMIX-5PK","FOC-ANI-3D-CATSMIX-5PK","5"
"Large Hole  pacer","spacers-accessories","ACC-MRBLE-AQUA-10PK","ACC-MRBLE-AQUA-1PK","10"
"Cowboy Boot Bead","focal-beads","FOC-WES-OLDBLKBT-5PK","FOC-WES-OLDBLKBT-1PK","5"
"T","silicone","SIL15-PRNT-TCHR-5PK","SIL15-PRNT-TCHR-1PK","5"
"t Patrick’  Day 20mm Acrylic Bead","acrylic","ACR-20MM-HOL-GRNHRT-20PK","ACR-20MM-HOL-GRNHRT-1PK","20"
"16mm Bead","mixes-bundles-kits","ACR-16MM-UVAB-LTPUR-10PK","ACR-16MM-UVAB-LTPUR-1PK","10"
"20mm Bubblegum Bead","acrylic","ACR-BFF-20MM-20PK","ACR-BFF-20MM-1PK","20"
"16mm Acrylic Bead","acrylic","ACR-16MM-SHIM-ORG-20PK","ACR-16MM-SHIM-ORG-1PK","20"
"M","mixes-bundles-kits","SIL15-PRNT-TRQMRBL-5PK","SIL15-PRNT-TRQMRBL-1PK","5"
"20mm Bubblegum Bead","acrylic","ACR-BSTGRNDMA-20MM-20PK","ACR-BSTGRNDMA-20MM-1PK","20"
"16mm  olid Orange Bead","acrylic","ACR-16MM-SLD-ORG-10PK","ACR-16MM-SLD-ORG-1PK","10"
"Coffee Cup Bead","focal-beads","FOC-FOD-CFFCPBGE-5PK","FOC-FOD-CFFCPBGE-1PK","5"
"Bright Bead","silicone","SIL-15MM-BRGHTMIX-10PK","SIL-15MM-BRGHTMIX-10PK","10"
"Acrylic Flatback","charms-dangles","FLB-HGHLNDCW-5PK","FLB-HGHLNDCW-1PK","5"
"Acrylic Flatback","charms-dangles","FLB-SMLBLU-5PK","FLB-SMLBLU-1PK","5"
"Rainbow Bead","uncategorized","SIL15-PRNT-RNBWBRGHT-5PK","SIL15-PRNT-RNBWBRGHT-1PK","5"
"16mm Acrylic Bead","acrylic","ACR-16MM-SHIM-GRN-5PK","ACR-16MM-SHIM-GRN-1PK","5"
"Beadable Garden Tool  et","beadable-products","GRDN-PUR-4PK","GRDN-PUR-1PK","4"
"kull Bead","focal-beads","FOC-HAL-SPDRWB-5PK","FOC-HAL-SPDRWB-1PK","5"
"Large Hole  pacer","spacers-accessories","ACC-FRRY-RED-10PK","ACC-FRRY-RED-1PK","10"
"Cro  Bead","focal-beads","FOC-MSC-WHTCRSS-5PK","FOC-MSC-WHTCRSS-1PK","5"
"ilicone Round Bead","focal-beads","SIL-15MM-YEL-10PK","SIL-15MM-YEL-1PK","10"
"20mm Bubblegum Bead","mixes-bundles-kits","ACR-FLLYALL-20MM-10PK","ACR-FLLYALL-20MM-1PK","10"
"M","mixes-bundles-kits","SIL15-PRNT-LTPNKMRBL-5PK","SIL15-PRNT-LTPNKMRBL-1PK","5"
"M","mixes-bundles-kits","SIL15-PRNT-ORGMRBL-10PK","SIL15-PRNT-ORGMRBL-1PK","10"
"3D Rubber Duck Bead","focal-beads","FOC-ANI-3D-BLKCWDCK-5PK","FOC-ANI-3D-BLKCWDCK-1PK","5"
"3D Bead Wa p Bead","charms-dangles","FOC-ANI-3D-WASP-5PK","FOC-ANI-3D-WASP-1PK","5"
"arca tic Focal  ilicone Bead","focal-beads","FOC-SAR-OVRTHNK-5PK","FOC-SAR-OVRTHNK-1PK","5"
"Adult Humor Bead","focal-beads","FOC-ADT-FOFO-5PK","FOC-ADT-FOFO-1PK","5"
"20mm Bead","rhinestone-beads","RHNST-BLK-20MM-10PK","RHNST-BLK-20MM-1PK","10"
"Dragonfly  ilicone Focal Bead","focal-beads","FOC-ANI-DRGNFLY-TEAL-5PK","FOC-ANI-DRGNFLY-TEAL-1PK","5"
"Ea ter Bead","focal-beads","FOC-HOL-TEALTRCK-5PK","FOC-HOL-TEALTRCK-1PK","5"
"16mm Crochet Bead","spacers-accessories","ACC-CRCHT-GRN-5PK","ACC-CRCHT-GRN-1PK","5"
"ilicone Round Bead","focal-beads","SIL-15MM-RED-10PK","SIL-15MM-RED-1PK","10"
"3D Bead Jellyfi h Bead","focal-beads","FOC-ANI-3D-PNKJLLYFSH-5PK","FOC-ANI-3D-PNKJLLYFSH-1PK","5"
"3D Bead","charms-dangles","FOC-XMS-3D-GRNTREE-5PK","FOC-XMS-3D-GRNTREE-1PK","5"
"Printed Bead 15mm Round Bead","uncategorized","SIL15-PRNT-XMASHGHLNDCW-5PK","SIL15-PRNT-XMASHGHLNDCW-1PK","5"
"ilicone Focal Bead","focal-beads","FOC-XMS-PRSNT-5PK","FOC-XMS-PRSNT-1PK","5"
"3D Puppy  ilicone Focal Bead","focal-beads","FOC-ANI-3D-PTBLL-5PK","FOC-ANI-3D-PTBLL-1PK","5"
"ticker Heart Beadable Cup Charm Blank","beadable-products","BLK-STCKR-HRT-KYCHN-WHT-5PK","BLK-STCKR-HRT-KYCHN-WHT-1PK","5"
"3D Bead Cow Bead","focal-beads","FOC-ANI-3D-CWGNME-5PK","FOC-ANI-3D-CWGNME-1PK","5"
"ilicone Round Bead","focal-beads","SIL-LENT-ORG-10PK","SIL-LENT-ORG-1PK","10"
"65mm Printed  ilicone Ring","focal-beads","ACC-RNGRSES-5PK","ACC-RNGRSES-1PK","5"
"Excavator Truck Bead","focal-beads","FOC-VEH-XCVTR-YEL-5PK","FOC-VEH-XCVTR-YEL-1PK","5"
"20mm Bubblegum Bead","mixes-bundles-kits","ACR-RED-GF-20-5PK","ACR-RED-GF-20-1PK","5"
"3D Bead Toilet Paper Bead","focal-beads","FOC-MSC-3D-TLTPPR-5PK","FOC-MSC-3D-TLTPPR-1PK","5"
"Ca ino  ilicone Bead","focal-beads","FOC-REC-CRDSFLSPD-5PK","FOC-REC-CRDSFLSPD-1PK","5"
"Funny Bead","charms-dangles","FOC-XMS-OSNP-5PK","FOC-XMS-OSNP-1PK","5"
"Bow Bead","focal-beads","FOC-XMS-SNTABOW-5PK","FOC-XMS-SNTABOW-1PK","5"
"2","acrylic","ACR-PNTSWRL-BLU-20MM-20PK","ACR-PNTSWRL-BLU-20MM-1PK","20"
"3D Coffee Cup Bead","charms-dangles","FOC-FOD-3DMOMRGHTCP-5PK","FOC-FOD-3DMOMRGHTCP-1PK","5"
"Mardi Gra  Bead","focal-beads","FOC-HOL-BGBDS-5PK","FOC-HOL-BGBDS-1PK","5"
"Beaded Pen Blank","beadable-pen-blanks","PEN-SOL-GLTPUR-5PK","PEN-SOL-GLTPUR-1PK","5"
"Paw Print Bead","focal-beads","FOC-ANI-HRTPW-5PK","FOC-ANI-HRTPW-1PK","5"
"16mm Skeleton Face Beads AB Acrylic Halloween Beads Iridescent White Spooky Face Beads for Pens Keychains Jewelry Crafts","acrylic","ACR-16MM-WHTSKLTNFCE-25PK","ACR-16MM-WHTSKLTNFCE-1PK","25"
"16mm Bead","acrylic","ACR-16MM-PSTL-IVRY-10PK","ACR-16MM-PSTL-IVRY-1PK","10"
"Cro  Bead","focal-beads","FOC-MSC-BLKSNFLWCRSS-5PK","FOC-MSC-BLKSNFLWCRSS-1PK","5"
"Baby Cow Bead","charms-dangles","FOC-ANI-PNKHAT-5PK","FOC-ANI-PNKHAT-1PK","5"
"Beaded Pen Blank","beadable-pen-blanks","PEN-SOL-BRTYEL-5PK","PEN-SOL-BRTYEL-1PK","5"
"Gnome Bead","focal-beads","FOC-HAL-HALWNGNME-5PK","FOC-HAL-HALWNGNME-1PK","5"
"16mm Ocean Blue Rhine tone Bead","rhinestone-beads","RHNST-OCNBLU-16MM-10PK","RHNST-OCNBLU-16MM-1PK","10"
"Beaded Pen Blank","beadable-pen-blanks","PEN-SOL-SKYBLU-10PK","PEN-SOL-SKYBLU-1PK","10"
"3D Cat  ilicone Focal Bead","focal-beads","FOC-ANI-3D-TAILDKGRY-5PK","FOC-ANI-3D-TAILDKGRY-1PK","5"
"20mm  olid Navy Blue Bead","acrylic","ACR-20MM-SLD-NVY-10PK","ACR-20MM-SLD-NVY-1PK","10"
"Book Bead","focal-beads","FOC-SCH-BLKBOOK-5PK","FOC-SCH-BLKBOOK-1PK","5"
"unflower Pen Bundle Pack","mixes-bundles-kits","PEN-BNDL-SUN-5PK","PEN-BNDL-SUN-5PK","5"
"Duck Bead","focal-beads","FOC-ANI-YELDCK-5PK","FOC-ANI-YELDCK-1PK","5"
"16mm Acrylic Bead","acrylic","ACR-16MM-SHIM-YEL-20PK","ACR-16MM-SHIM-YEL-1PK","20"
"t. Patrick'  Day Bead","focal-beads","FOC-HOL-PTGLD-5PK","FOC-HOL-PTGLD-1PK","5"
"3D Bead  ilicone Focal Bead","charms-dangles","FOC-FOD-BTFRSTCFFEE-5PK","FOC-FOD-BTFRSTCFFEE-1PK","5"
"ilicone Round Bead","focal-beads","SIL-15MM-DKRED-10PK","SIL-15MM-DKRED-1PK","10"
"Horror Character Bead","focal-beads","FOC-HAL-PMPKNHRT-5PK","FOC-HAL-PMPKNHRT-1PK","5"
"Acrylic Flatback","charms-dangles","FLB-DOLPN-5PK","FLB-DOLPN-1PK","5"
"20mm Bubblegum Bead","mixes-bundles-kits","ACR-DKPNKBCHBLL-20MM-5PK","ACR-DKPNKBCHBLL-20MM-1PK","5"
"20mm  olid Light Blue Bead","acrylic","ACR-20MM-SLD-LTBLU-5PK","ACR-20MM-SLD-LTBLU-1PK","5"
"Ice Cream Bead","focal-beads","FOC-FOD-PURCREAM-5PK","FOC-FOD-PURCREAM-1PK","5"
"Grandma Bead","focal-beads","FOC-FAM-NANA-PNK-5PK","FOC-FAM-NANA-PNK-1PK","5"
"Medical 3D  ilicone Focal Bead","focal-beads","FOC-OCC-PLLCPSL-5PK","FOC-OCC-PLLCPSL-1PK","5"
"nowflake Bead","focal-beads","FOC-XMS-WHTSNWFLKE-5PK","FOC-XMS-WHTSNWFLKE-1PK","5"
"16mm  olid Grey Bead","acrylic","ACR-16MM-SLD-GRY-10PK","ACR-16MM-SLD-GRY-1PK","10"
"15mm Fuzzy  pacer Bead","spacers-accessories","ACC-FZZY-BLK-10PK","ACC-FZZY-BLK-1PK","10"
"Funny  aying  Bead","charms-dangles","FOC-SAR-LTTHNUGLY-5PK","FOC-SAR-LTTHNUGLY-1PK","5"
"20mm Bubblegum Bead","mixes-bundles-kits","ACR-ORGPMPKN-20MM-5PK","ACR-ORGPMPKN-20MM-1PK","5"
"Retro Bead","spacers-accessories","SIL15-PRNT-RTRPNK-10PK","SIL15-PRNT-RTRPNK-1PK","10"
"M","silicone","SIL15-PRNT-PURMTTLC-5PK","SIL15-PRNT-PURMTTLC-1PK","5"
"20mm Bubblegum Bead","mixes-bundles-kits","ACR-BLKCWPRNT-20MM-5PK","ACR-BLKCWPRNT-20MM-1PK","5"
"Light Purple  himmer Acrylic Bead","acrylic","ACR-20MM-SHIM-LTPUR-5PK","ACR-20MM-SHIM-LTPUR-1PK","5"
"16mm Bead","spacers-accessories","ACR-16MM-BLK-SPRL-10PK","ACR-16MM-BLK-SPRL-1PK","10"
"Chri tma  Bead","uncategorized","SIL15-PRNT-SNTA-5PK","SIL15-PRNT-SNTA-1PK","5"
"20mm Bead","rhinestone-beads","RHNST-YELBLK-20MM-5PK","RHNST-YELBLK-20MM-1PK","5"
"keleton Bead","focal-beads","FOC-HAL-SLLYGRN-5PK","FOC-HAL-SLLYGRN-1PK","5"
"12mm  ilicone Bead Mix","mixes-bundles-kits","SIL-12MM-MIX-50PC","SIL-12MM-MIX-50PC","50"
"Beadable Keychain","beadable-products","BLK-KEY-REG-BLK-5PK","BLK-KEY-REG-BLK-1PK","5"
"Dog Paw Keychain Bar","beadable-products","BLK-DOGPAW-DKPUR-5PK","BLK-DOGPAW-DKPUR-1PK","5"
"Printed Bead  ilicone Round Bead","silicone","SIL15-PRNT-CAMO-10PK","SIL15-PRNT-CAMO-1PK","10"
"pooky Bead","focal-beads","FOC-HAL-PNKSPKY-5PK","FOC-HAL-PNKSPKY-1PK","5"
"ilicone Round Bead","focal-beads","SIL-12MM-RED-10PK","SIL-12MM-RED-1PK","10"
"Beaded Pen Blank","beadable-pen-blanks","PEN-SOL-GLTRED-5PK","PEN-SOL-GLTRED-1PK","5"
"Mama Bead","focal-beads","FOC-FAM-PNKGLTTMOM-5PK","FOC-FAM-PNKGLTTMOM-1PK","5"
"16mm Bead","acrylic","ACR-16MM-UVAB-DKBLU-25PK","ACR-16MM-UVAB-DKBLU-1PK","25"
"Deer Bead","charms-dangles","FOC-ANI-MNTGRNDEER-5PK","FOC-ANI-MNTGRNDEER-1PK","5"
"Gho t Bead","focal-beads","FOC-HAL-GHSTBK-PUR-5PK","FOC-HAL-GHSTBK-PUR-1PK","5"
"16mm Bubblegum Bead","mixes-bundles-kits","ACR-CHRIS-BELLS-16-20PK","ACR-CHRIS-BELLS-16-20PK","20"
"Dad Bead","focal-beads","FOC-FAM-MUSDAD-5PK","FOC-FAM-MUSDAD-1PK","5"
"Cardiology Bead","focal-beads","FOC-OCC-NRSCW-5PK","FOC-OCC-NRSCW-1PK","5"
"Acrylic Flatback","charms-dangles","FLB-SMLFLWR-5PK","FLB-SMLFLWR-1PK","5"
"2","acrylic","ACR-PNTSWRL-YEL1-20MM-5PK","ACR-PNTSWRL-YEL1-20MM-1PK","5"
"Large Hole  pacer","spacers-accessories","ACC-FRRY-HTPNK-5PK","ACC-FRRY-HTPNK-1PK","5"
"20mm  olid Navy Blue Bead","acrylic","ACR-20MM-SLD-NVY-5PK","ACR-20MM-SLD-NVY-1PK","5"
"Farmhou e Goo e Flatback","acrylic-flatbacks","FLB-FRMDCK-5PK","FLB-FRMDCK-1PK","5"
"Racing Focal Bead","focal-beads","FOC-FAM-RCNGRL-5PK","FOC-FAM-RCNGRL-1PK","5"
"20mm White Rhine tone  wirl Bead","rhinestone-beads","RHNST-SWRL-WHTGRN-10PK","RHNST-SWRL-WHTGRN-1PK","10"
"M","mixes-bundles-kits","SIL15-PRNT-YELMRBL-5PK","SIL15-PRNT-YELMRBL-1PK","5"
"Beadable Cup  traw Attachment","beadable-products","BLK-MKC-MINI-YEL-5PK","BLK-MKC-MINI-YEL-1PK","5"
"Brown Cow Bead","uncategorized","SIL15-PRNT-BRNCW-5PK","SIL15-PRNT-BRNCW-1PK","5"
"Hor e Bead","focal-beads","FOC-ANI-BRNHRSHOE-5PK","FOC-ANI-BRNHRSHOE-1PK","5"
"Chri tma   ilicone Jar Focal Bead","focal-beads","HAL-3D-JR-GNGRBRD-5PK","HAL-3D-JR-GNGRBRD-1PK","5"
"3D Cardinal Bead","focal-beads","FOC-ANI-3D-CRDNL-5PK","FOC-ANI-3D-CRDNL-1PK","5"
"3D Bead Book Worm Bead","focal-beads","FOC-SCH-TEALBKWRM-5PK","FOC-SCH-TEALBKWRM-1PK","5"
"20mm Bubblegum Bead","mixes-bundles-kits","ACR-BLKBCHBLL-16MM-5PK","ACR-BLKBCHBLL-16MM-1PK","5"
"20mm Bubblegum Bead","acrylic","ACR-AMRCNPLD-20MM-5PK","ACR-AMRCNPLD-20MM-1PK","5"
"Pearl  pacer","spacers-accessories","ACC-PEARL-10MM-50PK","ACC-PEARL-10MM-1PK","50"
"18mm Marbled Pumpkin XL Hole Bead","acrylic","ACR-18MM-TEALMRBL-PMKN-10PK","ACR-18MM-TEALMRBL-PMKN-1PK","10"
"20mm Acrylic Bead","mixes-bundles-kits","ACR-20MM-SHIM-LTGRN-5PK","ACR-20MM-SHIM-LTGRN-1PK","5"
"Fluffy Bead Pen Blank","beadable-pen-blanks","PEN-FLUFF-YEL-5PK","PEN-FLUFF-YEL-1PK","5"
"20mm Bead","rhinestone-beads","RHNST-YEL-20MM-2PK","RHNST-YEL-20MM-1PK","2"
"Beaded Pen Blank","beadable-pen-blanks","PEN-SOL-WHT-5PK","PEN-SOL-WHT-1PK","5"
"Beadable Garden Tool  et","beadable-products","GRDN-YEL-4PK","GRDN-YEL-1PK","4"
"Unicorn Bead","focal-beads","FOC-MSC-PNKUNCRN-5PK","FOC-MSC-PNKUNCRN-1PK","5"
"16mm  olid Lime Green Bead","acrylic","ACR-16MM-SLD-LMGRN-25PK","ACR-16MM-SLD-LMGRN-1PK","25"
"Cowboy Boot Bead","focal-beads","FOC-WES-PNKCWBYBTS-5PK","FOC-WES-PNKCWBYBTS-1PK","5"
"15mm Bead","charms-dangles","SIL15-PRNT-BLKSTRI-5PK","SIL15-PRNT-BLKSTRI-1PK","5"
"Coffee Cup Bead","focal-beads","FOC-FOD-CFFCPCHCLT-5PK","FOC-FOD-CFFCPCHCLT-1PK","5"
"Bead  for Teacher","focal-beads","FOC-SCH-APPLWHT-5PK","FOC-SCH-APPLWHT-1PK","5"
"Pencil Bead","focal-beads","FOC-SCH-PNCL-THRD-5PK","FOC-SCH-PNCL-THRD-1PK","5"
"2","acrylic","ACR-PNTSWRL-YEL1-20MM-10PK","ACR-PNTSWRL-YEL1-20MM-1PK","10"
"Patriotic Bead","focal-beads","FOC-PAT-MRCNBW-5PK","FOC-PAT-MRCNBW-1PK","5"
"Printed  ilicone Round Bead","silicone","SIL15-PRNT-PTRCKDY-10PK","SIL15-PRNT-PTRCKDY-1PK","10"
"Glitter Bead","silicone","SIL15-PRNT-CHTAHGLIT-5PK","SIL15-PRNT-CHTAHGLIT-1PK","5"
"Beadable Garden Tool  et","beadable-products","GRDN-BLK-2PK","GRDN-BLK-1PK","2"
"16mm Ivory Pearl Bead","acrylic","ACR-16MM-PRL-IVORY-20PK","ACR-16MM-PRL-IVORY-1PK","20"
"Cro  Bead","focal-beads","FOC-MSC-CAMOCRSS-5PK","FOC-MSC-CAMOCRSS-1PK","5"
"M","mixes-bundles-kits","SIL15-PRNT-LTORGMRBL-5PK","SIL15-PRNT-LTORGMRBL-1PK","5"
"t Patrick’  Day 20mm Acrylic Bead","acrylic","ACR-20MM-HOL-GRNCLVRPUR-10PK","ACR-20MM-HOL-GRNCLVRPUR-1PK","10"
"16mm Rhine tone Bead","rhinestone-beads","RHNST-RED-16MM-2PK","RHNST-RED-16MM-1PK","2"
"20mm Bead","rhinestone-beads","RHNST-BLKSLV-20MM-2PK","RHNST-BLKSLV-20MM-1PK","2"
"Dental Focal Bead","charms-dangles","FOL-OCC-MTHWSH-5PK","FOL-OCC-MTHWSH-1PK","5"
"16mm Bead","mixes-bundles-kits","ACR-16MM-UVAB-LMGRN-10PK","ACR-16MM-UVAB-LMGRN-1PK","10"
"Printed Bead  ilicone Round Bead","silicone","SIL15-PRNT-PAW-5PK","SIL15-PRNT-PAW-1PK","5"
"Gingerbread Acrylic Bead  10 Pack","clearance-section","CLEARANCE-BADCOOKIE-10PK","CLEARANCE-BADCOOKIE-10PK","10"
"20mm Bead","rhinestone-beads","RHNST-ORG-20MM-10PK","RHNST-ORG-20MM-1PK","10"
"Large Hole  pacer","spacers-accessories","ACC-FRRY-LTBLU-25PK","ACC-FRRY-LTBLU-1PK","25"
"Purple Bead Mix","mixes-bundles-kits","ACR-PURMIXNEW-20MM-10PK","ACR-PURMIXNEW-20MM-1PK","10"
"Large Hole  pacer","spacers-accessories","ACC-CRCKD-BEI-25PK","ACC-CRCKD-BEI-1PK","25"
"illy Goo e Flatback","acrylic-flatbacks","FLB-SILLYMIX-3PK","FLB-SILLYMIX-3PK","3"
"20mm Acrylic Bead","mixes-bundles-kits","ACR-20MM-SHIM-YEL-10PK","ACR-20MM-SHIM-YEL-1PK","10"
"Green Plaid Bead","mixes-bundles-kits","SIL15-PRNT-GRNBFFLO-5PK","SIL15-PRNT-GRNBFFLO-1PK","5"
"port  Bow  ilicone Focal Bead","focal-beads","FOC-SPT-SCCRBGBW-5PK","FOC-SPT-SCCRBGBW-1PK","5"
"Beaded Pen Blank","beadable-pen-blanks","PEN-CHR-BLUCHR-5PK","PEN-CHR-BLUCHR-1PK","5"
"16mm Acrylic Bead","acrylic","ACR-16MM-SHIM-PUR-5PK","ACR-16MM-SHIM-PUR-1PK","5"
"20mm Bubblegum Bead","acrylic","ACR-BFF-20MM-5PK","ACR-BFF-20MM-1PK","5"
"10mm Sports Bead","spacers-accessories","ACR-10MM-SPRTS-BSBLL-100PK","ACR-10MM-SPRTS-BSBLL-1PK","100"
"16mm Gold Pearl Bead","acrylic","ACR-16MM-PRL-GLD-10PK","ACR-16MM-PRL-GLD-1PK","10"
"P","focal-beads","FOC-PAT-CRCLBRTY-5PK","FOC-PAT-CRCLBRTY-1PK","5"
"20mm Bead","rhinestone-beads","RHNST-BLK-20MM-5PK","RHNST-BLK-20MM-1PK","5"
"Bright Bead","silicone","SIL-15MM-BRGHTRED-5PK","SIL-15MM-BRGHTRED-1PK","5"
"16mm Bead","acrylic","ACR-16MM-UVAB-YEL-10PK","ACR-16MM-UVAB-YEL-1PK","10"
"Ea ter Bead","focal-beads","FOC-HOL-PEEPSKE-5PK","FOC-HOL-PEEPSKE-1PK","5"
"Empty 3D  ilicone Jar Focal Bead","focal-beads","3D-JR-EMPTY-MIX-4PK","3D-JR-EMPTY-MIX-4PK","4"
"t Patrick’  Day Flatback Cabochon","charms-dangles","FLB-HOL-GRNRNBW-5PK","FLB-HOL-GRNRNBW-1PK","5"
"Wine  topper","beadable-products","BLK-WNSTPPR-ORG-2PK","BLK-WNSTPPR-ORG-1PK","2"
"16mm  olid Dark Pink Bead","acrylic","ACR-16MM-SLD-DKPNK-5PK","ACR-16MM-SLD-DKPNK-1PK","5"
"Acrylic Flatback","charms-dangles","FLB-SHKRSTCKNG-5PK","FLB-SHKRSTCKNG-1PK","5"
"65mm Printed  ilicone Ring","focal-beads","ACC-RNGUNDRSEA-5PK","ACC-RNGUNDRSEA-1PK","5"
"16mm Bead","acrylic","ACR-16MM-NEON-ORG-5PK","ACR-16MM-NEON-ORG-1PK","5"
"3D Bead  anta Bead","charms-dangles","FOC-XMS-3D-SNTAFACE-5PK","FOC-XMS-3D-SNTAFACE-1PK","5"
"Acrylic Flatback","charms-dangles","FLB-PEDNUR-5PK","FLB-PEDNUR-1PK","5"
"2","acrylic","ACR-PNTSWRL-BLU-20MM-10PK","ACR-PNTSWRL-BLU-20MM-1PK","10"
"20mm Bubblegum Bead","mixes-bundles-kits","ACR-BSBLL-20MM-10PK","ACR-BSBLL-20MM-1PK","10"
"Beaded Pen Blank","beadable-pen-blanks","PEN-CHR-BLU-5PK","PEN-CHR-BLU-1PK","5"
"Pencil Bead","focal-beads","FOC-SCH-PNCLBWYEL-5PK","FOC-SCH-PNCLBWYEL-1PK","5"
"ilicone Round Bead","focal-beads","SIL-12MM-XMASGRN-10PK","SIL-12MM-XMASGRN-1PK","10"
"Silicone Blue Spacer Beads Round Abacus Lentil Beads 12mm 14mm 15mm for Beadable Pens Keychains DIY Crafts Bulk 5pc 10pc","spacers-accessories","SIL-ABA-BLU-5PK","SIL-ABA-BLU-1PK","5"
"Vet Tech Bead","focal-beads","FOC-OCC-VTTECH-5PK","FOC-OCC-VTTECH-1PK","5"
"ilicone Round Bead","focal-beads","SIL-12MM-LMGRN-10PK","SIL-12MM-LMGRN-1PK","10"
"Medical  ymbol Bead","focal-beads","FOC-PAT-EMS-5PK","FOC-PAT-EMS-1PK","5"
"Cro  Bead","focal-beads","FOC-MSC-RSSCRSS-5PK","FOC-MSC-RSSCRSS-1PK","5"
"20mm Bubblegum Bead","mixes-bundles-kits","ACR-PURSPRNKL-20MM-10PK","ACR-PURSPRNKL-20MM-1PK","10"
"Marijuana Bead","focal-beads","FOC-ADT-420SLTNS-5PK","FOC-ADT-420SLTNS-1PK","5"
"14mm Dark Pink Rhine tone Bead","rhinestone-beads","RHNST-DKPNK-14MM-5PK","RHNST-DKPNK-14MM-1PK","5"
"Large Hole  pacer","spacers-accessories","ACC-FRRY-GRY-10PK","ACC-FRRY-GRY-1PK","10"
"16mm Crochet Bead","spacers-accessories","ACC-CRCHT-DKYEL-5PK","ACC-CRCHT-DKYEL-1PK","5"
"20mm Bubblegum Bead","mixes-bundles-kits","ACR-BLUBCHBLL-20MM-20PK","ACR-BLUBCHBLL-20MM-1PK","20"
"Girlie Bead","focal-beads","FOC-REC-MKEUPJNK-5PK","FOC-REC-MKEUPJNK-1PK","5"
"Fall Bead","focal-beads","FOC-HOL-CWBYTRKY-5PK","FOC-HOL-CWBYTRKY-1PK","5"
"20mm Bubblegum Bead","mixes-bundles-kits","ACR-CKKIESHP-20MM-20PK","ACR-CKKIESHP-20MM-1PK","20"
"Rhine tone Bead Pen Blank","rhinestone-beads","PEN-RHNST-HTPNK-5PK","PEN-RHNST-HTPNK-1PK","5"
"Woodland Friend  Bead","spacers-accessories","SIL15-PRNT-WDLND-10PK","SIL15-PRNT-WDLND-1PK","10"
"20mm Bubblegum Bead","acrylic","ACR-PNDA-20MM-20PK","ACR-PNDA-20MM-1PK","20"
"Halloween Bead","uncategorized","SIL15-PRNT-HLLWNORGPMPKN-5PK","SIL15-PRNT-HLLWNORGPMPKN-1PK","5"
"12mm Bead","mixes-bundles-kits","ACR-12BLOCK-GRNGNGRBD-5PK","ACR-12BLOCK-GRNGNGRBD-1PK","5"
"Di c  pacer","spacers-accessories","ACC-DISC-RGLD-50PK","ACC-DISC-RGLD-1PK","50"
"3D Bead Bat Bead","focal-beads","FOC-HAL-3D-HAT-5PK","FOC-HAL-3D-HAT-1PK","5"
"20mm Bubblegum Bead","mixes-bundles-kits","ACR-STFTBLL-20MM-5PK","ACR-STFTBLL-20MM-5PK","5"
"Acrylic  tar Charm","charms-dangles","ACC-CHRM-HOLOSTR-10PK","ACC-CHRM-HOLOSTR-1PK","10"
"16mm Rhine tone Bead","rhinestone-beads","RHNST-BLK-16MM-2PK","RHNST-BLK-16MM-1PK","2"
"Beaded Pen Blank","beadable-pen-blanks","PEN-SOL-GLTDKMNT-10PK","PEN-SOL-GLTDKMNT-1PK","10"
"16mm  olid Light Blue Bead","acrylic","ACR-16MM-SLD-LTBLU-25PK","ACR-16MM-SLD-LTBLU-1PK","25"
"Cup Charm Wire","beadable-products","BLK-WIRE-BLK-5PK","BLK-WIRE-BLK-1PK","5"
"Funny Teacher Focal Bead","focal-beads","FOC-SCH-PRPRFSSNALERA-5PK","FOC-SCH-PRPRFSSNALERA-1PK","5"
"F","acrylic-flatbacks","FLB-FLL-STTCHD-5PK","FLB-FLL-STTCHD-1PK","5"
"20mm Bubblegum Bead","mixes-bundles-kits","ACR-BLKSPDRWB-20MM-5PK","ACR-BLKSPDRWB-20MM-1PK","5"
"20mm Bubblegum Bead","mixes-bundles-kits","ACR-SNTABBY-20MM-5PK","ACR-SNTABBY-20MM-1PK","5"
"Badge Reel","beadable-products","BLK-BDRL-CLIP-GRY-3PK","BLK-BDRL-CLIP-GRY-1PK","3"
"20mm Bubblegum Bead","mixes-bundles-kits","ACR-STFTBLL-20MM-10PK","ACR-STFTBLL-20MM-10PK","10"
"20mm Acrylic Bead","acrylic","ACR-20MM-SHIM-WHT-5PK","ACR-20MM-SHIM-WHT-1PK","5"
"Acrylic Flatback","charms-dangles","FLB-PNKBOW-5PK","FLB-PNKBOW-1PK","5"
"t Patrick’  Day 20mm Acrylic Bead","acrylic","ACR-20MM-HOL-GRNHRT-5PK","ACR-20MM-HOL-GRNHRT-1PK","5"
"12mm Bead","mixes-bundles-kits","ACR-12BLOCK-YELSTCKNG-5PK","ACR-12BLOCK-YELSTCKNG-1PK","5"
"15mm Bead","charms-dangles","SIL15-PRNT-DKPNKSWL-10PK","SIL15-PRNT-DKPNKSWL-1PK","10"
"2","acrylic","ACR-20MM-HOL-ESTRGNM-5PK","ACR-20MM-HOL-ESTRGNM-1PK","5"
"10mm Sports Bead","spacers-accessories","ACR-10MM-SPRTS-FTBLL-10PK","ACR-10MM-SPRTS-FTBLL-1PK","10"
"16mm Bead","acrylic","ACR-16MM-PSTL-BLU-25PK","ACR-16MM-PSTL-BLU-1PK","25"
"3D Ba eball Cheer Focal Bead","focal-beads","FOC-SPT-3D-BSBLLMIX-3PK","FOC-SPT-3D-BSBLLMIX-3PK","3"
"15mm Cracked Bead","spacers-accessories","SIL15-PRNT-CRCKDLTBLU-10PK","SIL15-PRNT-CRCKDLTBLU-1PK","10"
"Beaded Pen Blank","beadable-pen-blanks","PEN-SOL-HOTPNK-10PK","PEN-SOL-HOTPNK-1PK","10"
"Large Hole  pacer","spacers-accessories","ACC-FRRY-BLK-5PK","ACC-FRRY-BLK-1PK","5"
"10mm Sports Bead","spacers-accessories","ACR-10MM-SPRTS-BSBLL-25PK","ACR-10MM-SPRTS-BSBLL-1PK","25"
"M","silicone","SIL15-PRNT-PURMTTLC-10PK","SIL15-PRNT-PURMTTLC-1PK","10"
"F","mixes-bundles-kits","ACR-16MM-FRSTD-DKPNK-5PK","ACR-16MM-FRSTD-DKPNK-1PK","5"
"t Patrick’  Day 20mm Acrylic Bead","acrylic","ACR-20MM-HOL-GRNCLVRPUR-20PK","ACR-20MM-HOL-GRNCLVRPUR-1PK","20"
"10mm Sports Bead","spacers-accessories","ACR-10MM-SPRTS-SFTBLL-50PK","ACR-10MM-SPRTS-SFTBLL-1PK","50"
"3D Baby Bear Bead","focal-beads","FOC-ANI-3D-GRYBBYBR-5PK","FOC-ANI-3D-GRYBBYBR-1PK","5"
"F","focal-beads","FOC-SAR-GVSASHT-5PK","FOC-SAR-GVSASHT-1PK","5"
"3D Police Focal Bead","charms-dangles","FOC-OCC-3D-BLKPLCAR-5PK","FOC-OCC-3D-BLKPLCAR-1PK","5"
"Ea ter Bead","focal-beads","FOC-HOL-PNKCHTTHBNNY-5PK","FOC-HOL-PNKCHTTHBNNY-1PK","5"
"3D Bead Bee Bead","focal-beads","FOC-ANI-3D-BEE-5PK","FOC-ANI-3D-BEE-1PK","5"
"ilicone Round Bead","focal-beads","SIL-12MM-GRY-10PK","SIL-12MM-GRY-1PK","10"
"16mm Acrylic Bead","acrylic","ACR-16MM-SHIM-BLU-5PK","ACR-16MM-SHIM-BLU-1PK","5"
"10mm Wide Hole Gem  pacer","rhinestone-beads","ACC-GEM-WDHL-PNK-10PK","ACC-GEM-WDHL-PNK-1PK","10"
"16mm Gold Rhine tone Bead","rhinestone-beads","RHNST-GLD-16MM-10PK","RHNST-GLD-16MM-1PK","10"
"Flip Flop Focal Bead","focal-beads","FOC-SPRNG-FLPFLP-WHT-5PK","FOC-SPRNG-FLPFLP-WHT-1PK","5"
"3D Trophy Bead","focal-beads","FOC-SPT-3D-TRPHY-5PK","FOC-SPT-3D-TRPHY-1PK","5"
"3D Bead Patriotic Gnome","focal-beads","FOC-PAT-3D-REDGNME-5PK","FOC-PAT-3D-REDGNME-1PK","5"
"3D Bead Bat Bead","charms-dangles","FOC-ANI-3D-METSLVBAT-5PK","FOC-ANI-3D-METSLVBAT-1PK","5"
"Badge Reel","beadable-products","BLK-BDRL-CLIP-LTPUR-3PK","BLK-BDRL-CLIP-LTPUR-1PK","3"
"Candy Bead","focal-beads","FOC-XMS-PURCNDY-5PK","FOC-XMS-PURCNDY-1PK","5"
"Dach hund Flatback","acrylic-flatbacks","FLB-WENRDOG-5PK","FLB-WENRDOG-1PK","5"
"Pumpkin  pice Bead","focal-beads","FOC-FOD-PMPKNSPC-5PK","FOC-FOD-PMPKNSPC-1PK","5"
"20mm Bubblegum Bead","acrylic","ACR-REDSWRL-20MM-20PK","ACR-REDSWRL-20MM-1PK","20"
"16mm Bead","acrylic","ACR-16MM-PSTL-IVRY-25PK","ACR-16MM-PSTL-IVRY-1PK","25"
"3D Bead Rainbow Bead","focal-beads","FOC-HAL-3D-BGRNBW-5PK","FOC-HAL-3D-BGRNBW-1PK","5"
"M","mixes-bundles-kits","SIL15-PRNT-PURMRBL-10PK","SIL15-PRNT-PURMRBL-1PK","10"
"12mm Bead","spacers-accessories","ACR-12MM-CRCKD-BLU-20PK","ACR-12MM-CRCKD-BLU-1PK","20"
"Dragonfly  ilicone Focal Bead","focal-beads","FOC-ANI-DRGNFLY-MIX-4PK","FOC-ANI-DRGNFLY-MIX-4PK","4"
"Coffee Cup Bead","focal-beads","FOC-FOD-CFFCPNVJOWHT-5PK","FOC-FOD-CFFCPNVJOWHT-1PK","5"
"16mm Bead","mixes-bundles-kits","ACR-16MM-METAL-GLD-10PK","ACR-16MM-METAL-GLD-1PK","10"
"20mm Bead","rhinestone-beads","RHNST-SLV-20MM-2PK","RHNST-SLV-20MM-1PK","2"
"Rainbow Bead","uncategorized","SIL15-PRNT-RNBWS-5PK","SIL15-PRNT-RNBWS-1PK","5"
"20mm  port  Rhine tone Bead","rhinestone-beads","RHNST-BSBLL-5PK","RHNST-BSBLL-1PK","5"
"Beaded Pen Blank","beadable-pen-blanks","PEN-SOL-LIMGRN-5PK","PEN-SOL-LIMGRN-1PK","5"
"Orange Bead Mix","mixes-bundles-kits","ACR-ORGMIX-20MM-10PK","ACR-ORGMIX-20MM-1PK","10"
"3D Unicorn Plant","focal-beads","FOC-SPR-UNCRNPLNT-5PK","FOC-SPR-UNCRNPLNT-1PK","5"
"Gingerbread Bead","focal-beads","FOC-XMS-GNGRBRD-DKBRW-5PK","FOC-XMS-GNGRBRD-DKBRW-1PK","5"
"Wine  topper","beadable-products","BLK-WNSTPPR-RED-2PK","BLK-WNSTPPR-RED-1PK","2"
"13mm Ribbed Barrel  pacer Bead","spacers-accessories","ACC-RBBDSPCR-CPPR-10PK","ACC-RBBDSPCR-CPPR-1PK","10"
"Book Bead","focal-beads","FOC-SCH-LTPURBOOK-5PK","FOC-SCH-LTPURBOOK-1PK","5"
"Hooded Cow Bead","focal-beads","FOC-ANI-TEALHDIECW-5PK","FOC-ANI-TEALHDIECW-1PK","5"
"16mm Bead","acrylic","ACR-16MM-PSTL-YEL-5PK","ACR-16MM-PSTL-YEL-1PK","5"
"16mm Bead","acrylic","ACR-16MM-PSTL-DKCRL-10PK","ACR-16MM-PSTL-DKCRL-1PK","10"
"Acrylic Flatback","charms-dangles","FLB-BIGFLWR-5PK","FLB-BIGFLWR-1PK","5"
"Pink Plaid Bead","mixes-bundles-kits","SIL15-PRNT-PNKBUF-10PK","SIL15-PRNT-PNKBUF-1PK","10"
"mall Flower Bead","focal-beads","FOC-SPR-SMPCHFLWR-5PK","FOC-SPR-SMPCHFLWR-1PK","5"
"20mm White Rhine tone  wirl Bead","rhinestone-beads","RHNST-SWRL-WHTGRN-5PK","RHNST-SWRL-WHTGRN-1PK","5"
"Girlie Bead","focal-beads","FOC-REC-NLTECH-5PK","FOC-REC-NLTECH-1PK","5"
"3D Rubber Duck Bead","focal-beads","FOC-ANI-3D-RNBWDCK-5PK","FOC-ANI-3D-RNBWDCK-1PK","5"
"2","acrylic","ACR-PNTSWRL-RED2-20MM-20PK","ACR-PNTSWRL-RED2-20MM-1PK","20"
"20mm Bubblegum Bead","mixes-bundles-kits","ACR-GRNFOIL-20MM-10PK","ACR-GRNFOIL-20MM-1PK","10"
"t Patrick’  Day 20mm Acrylic Bead","acrylic","ACR-20MM-HOL-GRNCLVROFF-20PK","ACR-20MM-HOL-GRNCLVROFF-1PK","20"
"3D Cactu  Bead","charms-dangles","FOC-WES-CTCCTUS-5PK","FOC-WES-CTCCTUS-1PK","5"
"65mm Printed  ilicone Ring","focal-beads","ACC-RNGBLKZBRA-5PK","ACC-RNGBLKZBRA-1PK","5"
"16mm Acrylic Bead","acrylic","ACR-16MM-SHIM-ORG-10PK","ACR-16MM-SHIM-ORG-1PK","10"
"Pearl  pacer","spacers-accessories","ACC-PEARL-12MM-10PK","ACC-PEARL-12MM-1PK","10"
"Cow Print Bead","uncategorized","SIL15-PRNT-TELCOWPRNT-10PK","SIL15-PRNT-TELCOWPRNT-1PK","10"
"3D Bead Bow Bead","charms-dangles","FOC-XMS-3D-BOWGLBE-5PK","FOC-XMS-3D-BOWGLBE-1PK","5"
"16mm Bead","acrylic","ACR-16MM-NEON-BLU-10PK","ACR-16MM-NEON-BLU-1PK","10"
"20mm Acrylic Bead","mixes-bundles-kits","ACR-20MM-GLTTR-DKBLU-10PK","ACR-20MM-GLTTR-DKBLU-10PK","10"
"Large Hole Rhine tone  pacer","rhinestone-beads","ACC-RHNST-SLV-10PK","ACC-RHNST-SLV-1PK","10"
"12mm Gem  pacer","rhinestone-beads","ACC-GEM-IRID-12MM-10PK","ACC-GEM-IRID-12MM-1PK","10"
"F","mixes-bundles-kits","ACR-16MM-FRSTD-RED-5PK","ACR-16MM-FRSTD-RED-1PK","5"
"16mm Rhine tone Bead","rhinestone-beads","RHNST-GRN-16MM-2PK","RHNST-GRN-16MM-1PK","2"
"Acrylic  tar Charm","charms-dangles","ACC-CHRM-YELSTR-5PK","ACC-CHRM-YELSTR-1PK","5"
"M","silicone","SIL15-PRNT-LTBLUMTTLC-5PK","SIL15-PRNT-LTBLUMTTLC-1PK","5"
"C","silicone","SIL15-PRNT-JESUS-10PK","SIL15-PRNT-JESUS-1PK","10"
"Beaded Pen Blank","beadable-pen-blanks","PEN-SOL-PSTYEL-5PK","PEN-SOL-PSTYEL-1PK","5"
"16mm Bead","rhinestone-beads","RHNST-PTRTCMIX-16MM-5PK","RHNST-PTRTCMIX-16MM-1PK","5"
"anta Clau e Bead","uncategorized","SIL15-PRNT-SNTACLSE-10PK","SIL15-PRNT-SNTACLSE-1PK","10"
"20mm  olid Light Pink Bead","acrylic","ACR-20MM-SLD-LTPNK-5PK","ACR-20MM-SLD-LTPNK-1PK","5"
"Dog Paw Keychain Bar","beadable-products","BLK-DOGPAW-RED-5PK","BLK-DOGPAW-RED-1PK","5"
"16mm  olid Grey Bead","acrylic","ACR-16MM-SLD-DKGRY-10PK","ACR-16MM-SLD-DKGRY-1PK","10"
"F","mixes-bundles-kits","ACR-16MM-FRSTD-WHT-5PK","ACR-16MM-FRSTD-WHT-1PK","5"
"20mm  olid Light Pink Bead","acrylic","ACR-20MM-SLD-LTPNK-25PK","ACR-20MM-SLD-LTPNK-1PK","25"
"Patriotic Bead","focal-beads","FOC-PAT-MRCNBLL-5PK","FOC-PAT-MRCNBLL-1PK","5"
"Chri tian  ilicone Focal Bead","focal-beads","FOC-MSC-SCNCRSS-5PK","FOC-MSC-SCNCRSS-1PK","5"
"20mm  pider Web Bead","acrylic","ACR-20MM-WHTREDSPDER-20PK","ACR-20MM-WHTREDSPDER-1PK","20"
"12mm Bead","acrylic","ACR-12MM-NEON-PUR-20PK","ACR-12MM-NEON-PUR-1PK","20"
"20mm Bubblegum Bead","rhinestone-beads","ACR-PURMIX-20MM-50PK","ACR-PURMIX-20MM-1PK","50"
"Red  tar Bead","uncategorized","SIL15-PRNT-REDSTR-5PK","SIL15-PRNT-REDSTR-1PK","5"
"Glitter Jelly Wavy  pacer Bead","spacers-accessories","ACC-WAVY-SHIMJELLY-100PK","ACC-WAVY-SHIMJELLY-1PK","100"
"3D Gho t Focal Bead","focal-beads","FOC-3D-HAL-BOOGHST-5PK","FOC-3D-HAL-BOOGHST-1PK","5"
"20mm Bubblegum Bead","mixes-bundles-kits","ACR-XMASMIX-20MM-10PK","ACR-XMASMIX-20MM-1PK","10"
"We tern  ilicone Focal Bead","focal-beads","FOC-WES-3DTURQBW-5PK","FOC-WES-3DTURQBW-1PK","5"
"3D  nail Bead","focal-beads","FOC-ANI-3D-GRNSNL-5PK","FOC-ANI-3D-GRNSNL-1PK","5"
"Ea ter Bead","focal-beads","FOC-HOL-ESTRBSKT-5PK","FOC-HOL-ESTRBSKT-1PK","5"
"You Matter Bead","focal-beads","FOC-MSC-YOUMTTR-5PK","FOC-MSC-YOUMTTR-1PK","5"
"20mm Bandana Acrylic Bead","mixes-bundles-kits","ACR-20MM-BNDNA-LTBLU-20PK","ACR-20MM-BNDNA-LTBLU-1PK","20"
"Bright Bead","silicone","SIL-15MM-BRGHTLTBLU-10PK","SIL-15MM-BRGHTLTBLU-1PK","10"
"Beaded Pen Blank","beadable-pen-blanks","PEN-SOL-BBYPNK-5PK","PEN-SOL-BBYPNK-1PK","5"
"Acrylic Flatback","charms-dangles","FLB-BTTLEMTNS-5PK","FLB-BTTLEMTNS-1PK","5"
"Printed Faux Leather Ta el","charms-dangles","ACC-PRNTTSSL-RNBW-5PK","ACC-PRNTTSSL-RNBW-1PK","5"
"12mm Bead","acrylic","ACR-12MM-NEON-YEL-20PK","ACR-12MM-NEON-YEL-1PK","20"
"16mm Bead","mixes-bundles-kits","ACR-16MM-METAL-GRN-10PK","ACR-16MM-METAL-GRN-1PK","10"
"Motorcycle Bead","focal-beads","FOC-VEH-GRYMTRCYCL-5PK","FOC-VEH-GRYMTRCYCL-1PK","5"
"Fancy Rhine tone Bead","rhinestone-beads","ACC-FNCY-UVPNK-HRT-5PK","ACC-FNCY-UVPNK-HRT-1PK","5"
"15mm  miley Face  ilicone Bead","silicone","SIL15-PRNT-PURSMLYFC-5PK","SIL15-PRNT-PURSMLYFC-1PK","5"
"16mm Clear Bubble Acrylic Beads Color Core Round Beads Transparent Beads Beadable Pen Beads Jewelry Making Craft Supplies","acrylic","ACR-16MM-BBLE-YEL-10PK","ACR-16MM-BBLE-YEL-1PK","10"
"Beaded Pen Blank","beadable-pen-blanks","PEN-SOL-MATPUR-10PK","PEN-SOL-MATPUR-1PK","10"
"20mm Bubblegum Bead","mixes-bundles-kits","ACR-SNTAKNWHM-20MM-10PK","ACR-SNTAKNWHM-20MM-1PK","10"
"Pineapple Bead","focal-beads","FOC-FOD-PNAPPL-5PK","FOC-FOD-PNAPPL-1PK","5"
"16mm  olid White Acrylic Bead","acrylic","ACR-16MM-SLD-WHT-25PK","ACR-16MM-SLD-WHT-1PK","25"
"Acrylic Flatback","charms-dangles","FLB-BEKINDMIND-5PK","FLB-BEKINDMIND-1PK","5"
"20mm Bead","rhinestone-beads","RHNST-BRN-20MM-10PK","RHNST-BRN-20MM-1PK","10"
"Chri tma   ilicone Bead Bundle","focal-beads","BEAD-BNDL-CZYCHRSTMS-30PK","BEAD-BNDL-CZYCHRSTMS-30PK","30"
"kull Bead","silicone","SIL15-PRNT-SKLL-5PK","SIL15-PRNT-SKLL-1PK","5"
"Blue Checkered  ilicone Bead","silicone","SIL15-PRNT-BLUPLD-10PK","SIL15-PRNT-BLUPLD-1PK","10"
"20mm Acrylic Bead","mixes-bundles-kits","ACR-20MM-SHIM-GRN-10PK","ACR-20MM-SHIM-GRN-1PK","10"
"20mm Acrylic Bead","acrylic","ACR-20MM-SHIM-GRN-10PK","ACR-20MM-SHIM-GRN-1PK","10"
"20mm  port  Rhine tone Bead","rhinestone-beads","RHNST-BSKTBLL-2PK","RHNST-BSKTBLL-1PK","2"
"Pencil Bead","focal-beads","FOC-SCH-PNCL-FFTH-5PK","FOC-SCH-PNCL-FFTH-1PK","5"
"12mm Bead","acrylic","ACR-12MM-NEON-BLU-20PK","ACR-12MM-NEON-BLU-1PK","20"
"15mm Bead","silicone","SIL15-PRNT-POLICE-5PK","SIL15-PRNT-POLICE-1PK","5"
"Beadable Keychain Blank","beadable-products","BLK-KYCHN-STAR-DKPUR-5PK","BLK-KYCHN-STAR-DKPUR-1PK","5"
"Pirate  hip Bead  20mm Acrylic","acrylic","ACR-PRATE-20MM-5PK","ACR-PRATE-20MM-1PK","5"
"Pink Leopard Bead","uncategorized","SIL15-PRNT-PNKLPRD-10PK","SIL15-PRNT-PNKLPRD-1PK","10"
"16mm Crochet Bead","spacers-accessories","ACC-CRCHT-DKPNK-10PK","ACC-CRCHT-DKPNK-1PK","10"
"3D Bead Day of the Dead Bead","focal-beads","FOC-HAL-DYDEADPNK-5PK","FOC-HAL-DYDEADPNK-1PK","5"
"Printed Bead 15mm Round Bead","uncategorized","SIL15-SCRBLFE-10PK","SIL15-SCRBLFE-1PK","10"
"Medical 3D  ilicone Focal Bead","focal-beads","FOC-3D-THRMTR-5PK","FOC-3D-THRMTR-1PK","5"
"3D Large Bow  ilicone Focal Bead","focal-beads","FOC-TAILBW-TEALWHTPNK-5PK","FOC-TAILBW-TEALWHTPNK-1PK","5"
"Printed  ilicone Round Bead","mixes-bundles-kits","SIL-PRNT-15MM-BSKTBLL-5PK","SIL-PRNT-15MM-BSKTBLL-1PK","5"
"Beaded Pen Blank","beadable-pen-blanks","PEN-SOL-LTPNK-10PK","PEN-SOL-LTPNK-1PK","10"
"ilicone Round Bead","focal-beads","SIL-15MM-WHT-10PK","SIL-15MM-WHT-1PK","10"
"We Li ten Bead","focal-beads","FOC-SAR-JDGEBLK-5PK","FOC-SAR-JDGEBLK-1PK","5"
"Pearl Bow Focal Bead","focal-beads","FOC-PRLBOW-PUR-5PK","FOC-PRLBOW-PUR-1PK","5"
"Chri tian  ilicone Focal Bead","focal-beads","FOC-MSC-BLKJESUS-5PK","FOC-MSC-BLKJESUS-1PK","5"
"Beaded Pen Blank","beadable-pen-blanks","PEN-SOL-MNTGRN-5PK","PEN-SOL-MNTGRN-1PK","5"
"Full  et of Beadable Keychain","beadable-products","BLK-KYCHN-FLLST-4PK","BLK-KYCHN-FLLST-4PK","4"
"3D Dumpling  ilicone Focal Bead","focal-beads","FOC-FOD-NVJWHTDMPLNG-5PK","FOC-FOD-NVJWHTDMPLNG-1PK","5"
"16mm Bead","acrylic","ACR-16MM-UVAB-RED-10PK","ACR-16MM-UVAB-RED-1PK","10"
"3D Airplane Focal Bead","focal-beads","FOC-VEH-ARPLN-RED-5PK","FOC-VEH-ARPLN-RED-1PK","5"
"16mm Bead","acrylic","ACR-16MM-PSTL-LTPNK-25PK","ACR-16MM-PSTL-LTPNK-1PK","25"
"Large Hole  pacer","spacers-accessories","ACC-CRCKD-WHT-25PK","ACC-CRCKD-WHT-1PK","25"
"20mm  olid Light Brown Bead","acrylic","ACR-20MM-SLD-LTBRN-10PK","ACR-20MM-SLD-LTBRN-1PK","10"
"20mm  olid Grey Bead","acrylic","ACR-20MM-SLD-GRY-10PK","ACR-20MM-SLD-GRY-1PK","10"
"2","acrylic","ACR-PNTSWRL-PUR-20MM-10PK","ACR-PNTSWRL-PUR-20MM-1PK","10"
"We tern  ilicone Focal Bead","focal-beads","FOC-WES-3DSHRFGNME-5PK","FOC-WES-3DSHRFGNME-1PK","5"
"Beaded Pen Blank","beadable-pen-blanks","PEN-SOL-DKYEL-5PK","PEN-SOL-DKYEL-1PK","5"
"20mm Bubblegum Bead","mixes-bundles-kits","ACR-REDGRNCHCKRD-20MM-10PK","ACR-REDGRNCHCKRD-20MM-1PK","10"
"ticker Heart Beadable Cup Charm Blank","beadable-products","BLK-STCKR-HRT-KYCHN-GLD-5PK","BLK-STCKR-HRT-KYCHN-GLD-1PK","5"
"Po tal Bead","uncategorized","SIL15-PRNT-POST-5PK","SIL15-PRNT-POST-1PK","5"
"3D Fruit Focal Bead","focal-beads","FOC-FOD-3DORGSLC-5PK","FOC-FOD-3DORGSLC-1PK","5"
"Deer Bead","charms-dangles","FOC-ANI-DKPNKDEER-5PK","FOC-ANI-DKPNKDEER-1PK","5"
"20mm Bubblegum Bead","mixes-bundles-kits","ACR-VLLYBLL-20MM-10PK","ACR-VLLYBLL-20MM-1PK","10"
"16mm Bead","acrylic","ACR-16MM-UVAB-LTPNK-5PK","ACR-16MM-UVAB-LTPNK-1PK","5"
"Bright Bead","silicone","SIL-15MM-BRGHTPNK-5PK","SIL-15MM-BRGHTPNK-1PK","5"
"10mm Wide Hole Gem  pacer","rhinestone-beads","ACC-GEM-WDHL-YELGRN-10PK","ACC-GEM-WDHL-YELGRN-1PK","10"
"3D Rubber Duck Bead","focal-beads","FOC-ANI-3D-BRNCWDCK-5PK","FOC-ANI-3D-BRNCWDCK-1PK","5"
"20mm Bead","rhinestone-beads","RHNST-SLV-20MM-5PK","RHNST-SLV-20MM-1PK","5"
"ilicone Focal Bead","focal-beads","FOC-XMS-REINDR-5PK","FOC-XMS-REINDR-1PK","5"
"port  Bead","focal-beads","FOC-SPT-BSBLLBOW-5PK","FOC-SPT-BSBLLBOW-1PK","5"
"Gnome Bead","focal-beads","FOC-HAL-ORGGNME-5PK","FOC-HAL-ORGGNME-1PK","5"
"20mm  olid Purple Bead","acrylic","ACR-20MM-SLD-PUR-25PK","ACR-20MM-SLD-PUR-1PK","25"
"Gaming Bead","charms-dangles","FOC-FAM-CNTHRGMNG-5PK","FOC-FAM-CNTHRGMNG-1PK","5"
"16mm  olid Red Bead","acrylic","ACR-16MM-SLD-RED-10PK","ACR-16MM-SLD-RED-1PK","10"
"Gnome Bead","focal-beads","FOC-HOL-REDGNME-5PK","FOC-HOL-REDGNME-1PK","5"
"20mm Bead","mixes-bundles-kits","ACR-20MM-METAL-GRN-10PK","ACR-20MM-METAL-GRN-1PK","10"
"M","mixes-bundles-kits","SIL15-PRNT-ORGMRBL-5PK","SIL15-PRNT-ORGMRBL-1PK","5"
"20mm Bubblegum Bead","mixes-bundles-kits","ACR-XMASMIX-20MM-25PK","ACR-XMASMIX-20MM-1PK","25"
"Acrylic Flatback","charms-dangles","FLB-SMLMIX-6PK","FLB-SMLMIX-6PK","6"
"Beadable Bar Keychain","beadable-products","BLK-KEY-CLR-PUR-5PK","BLK-KEY-CLR-PUR-1PK","5"
"Ice Cream Bead","focal-beads","FOC-FOD-BRNCREAM-5PK","FOC-FOD-BRNCREAM-1PK","5"
"Ea ter Bead","focal-beads","FOC-HOL-ESTRPEEPS-5PK","FOC-HOL-ESTRPEEPS-1PK","5"
"15mm Fuzzy  pacer Bead","spacers-accessories","ACC-FZZY-WHTCHTH-10PK","ACC-FZZY-WHTCHTH-1PK","10"
"arca tic Bead","focal-beads","FOC-SAR-ANXTYKCK-5PK","FOC-SAR-ANXTYKCK-1PK","5"
"Rhine tone Bow  pacer Bead","rhinestone-beads","ACC-FNCY-GNMTLBLK-BOW-5PK","ACC-FNCY-GNMTLBLK-BOW-1PK","5"
"20mm White Rhine tone  wirl Bead","rhinestone-beads","RHNST-SWRL-WHTTEAL-10PK","RHNST-SWRL-WHTTEAL-1PK","10"
"3D Cat  ilicone Focal Bead","focal-beads","FOC-ANI-3D-PAWSDKGRY-5PK","FOC-ANI-3D-PAWSDKGRY-1PK","5"
"Medicine Focal  ilicone Bead","focal-beads","FOC-OCC-PLLBTTLE-5PK","FOC-OCC-PLLBTTLE-1PK","5"
"16mm Pumpkin Face Beads AB Acrylic Halloween Beads Iridescent Orange Jack O Lantern Beads for Pens Keychains Jewelry Crafts","acrylic","ACR-16MM-ORGPMPKNFCE-25PK","ACR-16MM-ORGPMPKNFCE-1PK","25"
"unflower Pen","mixes-bundles-kits","PEN-BNDL-SUNCOW-4PK","PEN-BNDL-SUNCOW-4PK","4"
"3D Chri tian Focal Bead","focal-beads","FOC-3D-CHURCH-5PK","FOC-3D-CHURCH-1PK","5"
"Big Flower Bead","focal-beads","FOC-SPR-BGPCHFLWR-5PK","FOC-SPR-BGPCHFLWR-1PK","5"
"16mm Bead","acrylic","ACR-16MM-UVAB-PNK-25PK","ACR-16MM-UVAB-PNK-1PK","25"
"Wavy  pacer","spacers-accessories","ACC-WAVY-MAT-100PK","ACC-WAVY-MAT-1PK","100"
"port  Bead","focal-beads","FOC-SPT-BSBLLBTHT-5PK","FOC-SPT-BSBLLBTHT-1PK","5"
"Father  Day Bead","focal-beads","FOC-FAM-3D-DADCP-5PK","FOC-FAM-3D-DADCP-1PK","5"
"20mm Bandana Acrylic Bead","mixes-bundles-kits","ACR-20MM-BNDNA-PNK-5PK","ACR-20MM-BNDNA-PNK-1PK","5"
"15mm Bead","silicone","SIL15-PRNT-MEDI-10PK","SIL15-PRNT-MEDI-1PK","10"
"Large Hole  pacer","spacers-accessories","ACC-FRRY-ORG-5PK","ACC-FRRY-ORG-1PK","5"
"Halloween Bead","uncategorized","SIL15-PRNT-HLLWNORGPMPKN-10PK","SIL15-PRNT-HLLWNORGPMPKN-1PK","10"
"20mm Bubblegum Bead","mixes-bundles-kits","ACR-XMASGNOME-20MM-20PK","ACR-XMASGNOME-20MM-1PK","20"
"20mm  olid Green Bead","acrylic","ACR-20MM-SLD-GRN-25PK","ACR-20MM-SLD-GRN-1PK","25"
"20mm  pider Web Bead","acrylic","ACR-20MM-WHTREDSPDER-5PK","ACR-20MM-WHTREDSPDER-1PK","5"
"Acrylic Flatback","charms-dangles","FLB-BELIEVE-5PK","FLB-BELIEVE-1PK","5"
"14mm Lime Green Rhine tone Bead","rhinestone-beads","RHNST-LMGRN-14MM-10PK","RHNST-LMGRN-14MM-1PK","10"
"20mm Bubblegum Bead","acrylic","ACR-GRNSNTABLT-20MM-5PK","ACR-GRNSNTABLT-20MM-1PK","5"
"Silicone Summer Green Spacer Beads Round Abacus Lentil Beads 12mm 14mm 15mm for Beadable Pens Keychains DIY Crafts Bulk 5pc 10pc","spacers-accessories","SIL-12MM-SMMRGRN-10PK","SIL-12MM-SMMRGRN-1PK","10"
"Ba ic Witch Bead","charms-dangles","FOC-HAL-BSCWTCH-5PK","FOC-HAL-BSCWTCH-1PK","5"
"Bright Bead","silicone","SIL-15MM-BRGHTPUR-5PK","SIL-15MM-BRGHTPUR-1PK","5"
"20mm Bubblegum Bead","mixes-bundles-kits","ACR-BEES-20MM-10PK","ACR-BEES-20MM-1PK","10"
"20mm  olid Dark Red Bead","acrylic","ACR-20MM-SLD-DKRED-10PK","ACR-20MM-SLD-DKRED-1PK","10"
"Cow Print Bead","uncategorized","SIL15-PRNT-BLKCOW-10PK","SIL15-PRNT-BLKCOW-1PK","10"
"Mu hroom Bead","focal-beads","FOC-SPR-TEALMSHRM-5PK","FOC-SPR-TEALMSHRM-1PK","5"
"M","silicone","SIL15-PRNT-LTBLUMTTLC-10PK","SIL15-PRNT-LTBLUMTTLC-1PK","10"
"Ladybug Bead","spacers-accessories","SIL15-PRNT-LDYBG-5PK","SIL15-PRNT-LDYBG-1PK","5"
"ilicone Round Bead","focal-beads","SIL-ABA-DKPNK-5PK","SIL-ABA-DKPNK-1PK","5"
"20mm Bubblegum Bead","mixes-bundles-kits","ACR-HLLWNMIX-20MM-10PK","ACR-HLLWNMIX-20MM-1PK","10"
"3D Bead  ilicone Focal Bead","charms-dangles","FOC-SPR-3D-SUN-5PK","FOC-SPR-3D-SUN-1PK","5"
"16mm Bead","acrylic","ACR-16MM-PSTL-PUR-10PK","ACR-16MM-PSTL-PUR-1PK","10"
"F","mixes-bundles-kits","ACR-16MM-FRSTD-BLU-5PK","ACR-16MM-FRSTD-BLU-1PK","5"
"16mm Bead","mixes-bundles-kits","ACR-16MM-UVAB-LTPNK-10PK","ACR-16MM-UVAB-LTPNK-1PK","10"
"Fancy Rhine tone Bead","rhinestone-beads","ACC-FNCY-BLK-SQU-5PK","ACC-FNCY-BLK-SQU-1PK","5"
"16mm Crochet Bead","spacers-accessories","ACC-CRCHT-LTBRN-10PK","ACC-CRCHT-LTBRN-1PK","10"
"arca tic Focal Bead","focal-beads","FOC-SAR-FXSTPD-5PK","FOC-SAR-FXSTPD-1PK","5"
"12mm Gem  pacer","rhinestone-beads","ACC-GEM-LTORG-12MM-10PK","ACC-GEM-LTORG-12MM-1PK","10"
"ilicone Round Bead","spacers-accessories","SIL-ABA-ARMYGRN-5PK","SIL-ABA-ARMYGRN-1PK","5"
"port  Bead","charms-dangles","FOC-SPT-VLLYBLLHRT-5PK","FOC-SPT-VLLYBLLHRT-1PK","5"
"3D  leeping  keleton Coffin  ilicone Focal Bead","focal-beads","FOC-HAL-3D-PNK-CFFN-5PK","FOC-HAL-3D-PNK-CFFN-1PK","5"
"14mm Dark Pink Rhine tone Bead","rhinestone-beads","RHNST-DKPNK-14MM-10PK","RHNST-DKPNK-14MM-1PK","10"
"ilicone Round Bead","focal-beads","SIL-LENT-DKBLU-10PK","SIL-LENT-DKBLU-1PK","10"
"pring Flatback","acrylic-flatbacks","FLB-HLLSPRNG-5PK","FLB-HLLSPRNG-1PK","5"
"Chri tma  Plaid Pen Bundle Pack","mixes-bundles-kits","PEN-BNDL-XMASPLD-5PK","PEN-BNDL-XMASPLD-5PK","5"
"2","acrylic","ACR-PURRBBN-20MM-5PK","ACR-PURRBBN-20MM-1PK","5"
"3D Pickle  ilicone Focal Bead","charms-dangles","FOC-FOD-3D-SMPCKLE-5PK","FOC-FOD-3D-SMPCKLE-1PK","5"
"16mm Rhine tone Bead","rhinestone-beads","RHNST-RED-16MM-10PK","RHNST-RED-16MM-1PK","10"
"16mm Bead","spacers-accessories","ACR-16MM-RED-SPRL-5PK","ACR-16MM-RED-SPRL-1PK","5"
"16mm Bead","acrylic","ACR-16MM-NEON-PUR-10PK","ACR-16MM-NEON-PUR-1PK","10"
"Bee Bead","focal-beads","FOC-ANI-LTYELBEE-5PK","FOC-ANI-LTYELBEE-1PK","5"
"Beaded Pen Blank","beadable-pen-blanks","PEN-SOL-SLMPNK-10PK","PEN-SOL-SLMPNK-1PK","10"
"emi Truck Bead","focal-beads","FOC-VEH-GRN-SEMI-5PK","FOC-VEH-GRN-SEMI-1PK","5"
"Glitter Bead","uncategorized","SIL12-GLTTRWHT-5PK","SIL12-GLTTRWHT-1PK","5"
"20mm Acrylic Bead","mixes-bundles-kits","ACR-20MM-GLTTR-WHT-10PK","ACR-20MM-GLTTR-WHT-10PK","10"
"We tern  ilicone Focal Bead","focal-beads","FOC-WES-3DMIX-10PK","FOC-WES-3DMIX-10PK","10"
"Bright Bead","silicone","SIL-15MM-BRGHTDKGLD-10PK","SIL-15MM-BRGHTDKGLD-1PK","10"
"Fancy Rhine tone Bead","rhinestone-beads","ACC-FNCY-WHT-HRT-5PK","ACC-FNCY-WHT-HRT-1PK","5"
"14mm Black Rhine tone Bead","rhinestone-beads","RHNST-BLK-14MM-5PK","RHNST-BLK-14MM-1PK","5"
"20mm Bubblegum Bead","acrylic","ACR-PNDA-20MM-5PK","ACR-PNDA-20MM-1PK","5"
"20mm Acrylic Bead","acrylic","ACR-20MM-SHIM-PNK-20PK","ACR-20MM-SHIM-PNK-1PK","20"
"10mm Wide Hole Gem  pacer","rhinestone-beads","ACC-GEM-WDHL-RNDMIX-10PK","ACC-GEM-WDHL-RNDMIX-1PK","10"
"Flip Flop Focal Bead","focal-beads","FOC-SPRNG-FLPFLP-RED-5PK","FOC-SPRNG-FLPFLP-RED-1PK","5"
"16mm Bead","acrylic","ACR-16MM-NEON-ORG-25PK","ACR-16MM-NEON-ORG-1PK","25"
"15mm Cracked Bead","spacers-accessories","SIL15-PRNT-CRCKDBLK-10PK","SIL15-PRNT-CRCKDBLK-1PK","10"
"Giraffe Bead","silicone","SIL15-PRNT-GRFFE-5PK","SIL15-PRNT-GRFFE-1PK","5"
"unflower Truck Bead","focal-beads","FOC-SPR-SNFLWRTRCK-5PK","FOC-SPR-SNFLWRTRCK-1PK","5"
"Vintage  anta Bead","focal-beads","FOC-XMS-SNTAMUG-5PK","FOC-XMS-SNTAMUG-1PK","5"
"3D Bead  ilicone Focal Bead","charms-dangles","FOC-FOD-PTHEAD-5PK","FOC-FOD-PTHEAD-1PK","5"
"16mm Clear Bubble Acrylic Beads Color Core Round Beads Transparent Beads Beadable Pen Beads Jewelry Making Craft Supplies","acrylic","ACR-16MM-BBLE-BLU-20PK","ACR-16MM-BBLE-BLU-1PK","20"
"Rhine tone Butterfly  pacer Bead","rhinestone-beads","ACC-FNCY-RED-BUTT-5PK","ACC-FNCY-RED-BUTT-1PK","5"
"20mm Bubblegum Bead","acrylic","ACR-ABC123-20MM-10PK","ACR-ABC123-20MM-1PK","10"
"Ea ter Bead","charms-dangles","FOC-HOL-HPPYESTR-5PK","FOC-HOL-HPPYESTR-1PK","5"
"3D Baby Bear Bead","focal-beads","FOC-ANI-3D-MAUVBBYBR-5PK","FOC-ANI-3D-MAUVBBYBR-1PK","5"
"Pink  wirl Bead","uncategorized","SIL15-PRNT-PNKSWL-10PK","SIL15-PRNT-PNKSWL-1PK","10"
"2","acrylic","ACR-PNTSWRL-BLK-20MM-20PK","ACR-PNTSWRL-BLK-20MM-1PK","20"
"3D Cat  ilicone Focal Bead","focal-beads","FOC-ANI-3D-HNDHRTORG-5PK","FOC-ANI-3D-HNDHRTORG-1PK","5"
"20mm Bead","mixes-bundles-kits","ACR-20MM-METAL-RED-10PK","ACR-20MM-METAL-RED-1PK","10"
"Cup Charm Wire","beadable-products","BLK-WIRE-WHT-5PK","BLK-WIRE-WHT-1PK","5"
"Acrylic Flatback","charms-dangles","FLB-TRKY-5PK","FLB-TRKY-1PK","5"
"Dental  ilicone Bead","silicone","SIL15-PRNT-DNTL-5PK","SIL15-PRNT-DNTL-1PK","5"
"P","focal-beads","FOC-PAT-MRCASODA-5PK","FOC-PAT-MRCASODA-1PK","5"
"Large Hole Rhine tone  pacer","rhinestone-beads","ACC-RHNST-BLK-10PK","ACC-RHNST-BLK-1PK","10"
"Dump Truck Bead","focal-beads","FOC-VEH-DUMP-RED-5PK","FOC-VEH-DUMP-RED-1PK","5"
"20mm Bubblegum Bead","mixes-bundles-kits","ACR-APPLE-20MM-10PK","ACR-APPLE-20MM-1PK","10"
"16mm  olid Black Acrylic Bead","acrylic","ACR-16MM-SLD-BLK-5PK","ACR-16MM-SLD-BLK-1PK","5"
"20mm Bubblegum Bead","mixes-bundles-kits","ACR-ORGPMPKN-20MM-20PK","ACR-ORGPMPKN-20MM-1PK","20"
"Ea ter Bead","focal-beads","FOC-HOL-YELPEP-5PK","FOC-HOL-YELPEP-1PK","5"
"Fluffy Bead Pen Blank","beadable-pen-blanks","PEN-FLUFF-PUR-5PK","PEN-FLUFF-PUR-1PK","5"
"20mm Rhine tone Bead","rhinestone-beads","RHNST-SPRLBLKSLV-20MM-2PK","RHNST-SPRLBLKSLV-20MM-1PK","2"
"3D Bead Kitty Cat Bead","focal-beads","FOC-ANI-3D-BRNKTTY-5PK","FOC-ANI-3D-BRNKTTY-1PK","5"
"Clearance 20mm Bead","clearance-section","RHNST-LTORGBLK-20MM-10PK","RHNST-LTORGBLK-20MM-10PK","10"
"3D Coffee Cup Bead","focal-beads","FOC-FOD-3DGMRNCP-5PK","FOC-FOD-3DGMRNCP-1PK","5"
"Large Hole  pacer","spacers-accessories","ACC-CRCKD-GRY-10PK","ACC-CRCKD-GRY-1PK","10"
"ilicone Round Bead","spacers-accessories","SIL-ABA-LTPUR-5PK","SIL-ABA-LTPUR-1PK","5"
"Beadable Garden Tool  et","beadable-products","GRDN-DKPNK-4PK","GRDN-DKPNK-1PK","4"
"Beaded Pen Blank","beadable-pen-blanks","PEN-SOL-GLTDKMNT-5PK","PEN-SOL-GLTDKMNT-1PK","5"
"Patriotic Focal Bead","focal-beads","FOC-PAT-250EGLE-5PK","FOC-PAT-250EGLE-1PK","5"
"16mm Crochet Bead","spacers-accessories","ACC-CRCHT-DKBRN-5PK","ACC-CRCHT-DKBRN-1PK","5"
"20mm Bubblegum Bead","mixes-bundles-kits","ACR-BLDSPLT-20MM-5PK","ACR-BLDSPLT-20MM-1PK","5"
"M","silicone","SIL15-PRNT-HTPNKMTTLC-5PK","SIL15-PRNT-HTPNKMTTLC-1PK","5"
"15mm Bead","charms-dangles","SIL15-YELL-B-10PK","SIL15-YELL-B-1PK","10"
"port  Bead","focal-beads","FOC-SPT-SFTBLLMT-5PK","FOC-SPT-SFTBLLMT-1PK","5"
"ilicone Round Bead","spacers-accessories","SIL-12MM-RSQRTZ-10PK","SIL-12MM-RSQRTZ-10PK","10"
"20mm Acrylic Bead","acrylic","ACR-20MM-SHIM-ORG-10PK","ACR-20MM-SHIM-ORG-1PK","10"
"Dental Hygieni t Bead","charms-dangles","FOC-OCC-HYGNTST-5PK","FOC-OCC-HYGNTST-1PK","5"
"quirrel Bead","focal-beads","FOC-ANI-SQURL-5PK","FOC-ANI-SQURL-1PK","5"
"M","mixes-bundles-kits","SIL15-PRNT-OGORGMRBL-10PK","SIL15-PRNT-OGORGMRBL-1PK","10"
"Beadable Keychain Blank","beadable-products","BLK-KYCHN-STAR-GNMTLBLK-5PK","BLK-KYCHN-STAR-GNMTLBLK-1PK","5"
"mall Flower Bead","focal-beads","FOC-SPR-SMBLUFLWR-5PK","FOC-SPR-SMBLUFLWR-1PK","5"
"3D  unflower Bead","focal-beads","FOC-SPR-SNFLWRPT-PUR-5PK","FOC-SPR-SNFLWRPT-PUR-1PK","5"
"16mm Clear Bubble Acrylic Beads Color Core Round Beads Transparent Beads Beadable Pen Beads Jewelry Making Craft Supplies","acrylic","ACR-16MM-BBLE-DKPNK-5PK","ACR-16MM-BBLE-DKPNK-1PK","5"
"3D Unicorn","charms-dangles","FOC-ANI-3D-UNCRN-5PK","FOC-ANI-3D-UNCRN-1PK","5"
"Horror Character Bead","focal-beads","FOC-HAL-MCHLMYRS-5PK","FOC-HAL-MCHLMYRS-1PK","5"
"Patriotic Gnome","focal-beads","FOC-PAT-USAGNME-5PK","FOC-PAT-USAGNME-1PK","5"
"2","acrylic","ACR-PNTSPLT-PTRTC-20MM-10PK","ACR-PNTSPLT-PTRTC-20MM-1PK","10"
"Acrylic Flatback","charms-dangles","FLB-SMLORG-5PK","FLB-SMLORG-1PK","5"
"Medical 3D  ilicone Focal Bead","focal-beads","FOC-3D-RXBTTLE-5PK","FOC-3D-RXBTTLE-1PK","5"
"20mm Bubblegum Bead","mixes-bundles-kits","ACR-APPLE-20MM-5PK","ACR-APPLE-20MM-1PK","5"
"Beadable Cup  traw Keychain","beadable-products","BLK-STRWKYCHN-MIX-9PK","BLK-STRWKYCHN-MIX-9PK","9"
"3D  occer Focal Bead","focal-beads","FOC-SPT-3D-SCCRMIX-3PK","FOC-SPT-3D-SCCRMIX-3PK","3"
"16mm Bead","acrylic","ACR-16MM-NEON-BLU-5PK","ACR-16MM-NEON-BLU-1PK","5"
"16mm Bead","acrylic","ACR-16MM-UVAB-LMGRN-25PK","ACR-16MM-UVAB-LMGRN-1PK","25"
"Glitter Ea ter Acrylic Flatback","acrylic-flatbacks","FLB-HOL-HPPYESTR-5PK","FLB-HOL-HPPYESTR-1PK","5"
"Beadable Bar Keychain","beadable-products","BLK-KEY-CLR-DKPNK-5PK","BLK-KEY-CLR-DKPNK-1PK","5"
"Pencil Bead","focal-beads","FOC-SCH-PNCL-SXTH-5PK","FOC-SCH-PNCL-SXTH-1PK","5"
"Ugly  weater Bead","charms-dangles","FOC-XMS-TREESWTR-5PK","FOC-XMS-TREESWTR-1PK","5"
"20mm Bubblegum Bead","mixes-bundles-kits","ACR-THTBSE-20MM-10PK","ACR-THTBSE-20MM-1PK","10"
"16mm Bead","rhinestone-beads","RHNST-XMASMIX-16MM-5PK","RHNST-XMASMIX-16MM-1PK","5"
"16mm Rhinestone Beads Two Tone Crystal Beads Sparkle Bling Beads Beadable Pen Beads Jewelry Making DIY Craft Supplies","rhinestone-beads","RHNST-16MM-2TONE-RED-10PK","RHNST-16MM-2TONE-RED-1PK","10"
"3D Bead Doctor Bead","focal-beads","FOC-PAT-3D-FREJCKT-5PK","FOC-PAT-3D-FREJCKT-1PK","5"
"10mm Wide Hole Gem  pacer","rhinestone-beads","ACC-GEM-WDHL-YEL-10PK","ACC-GEM-WDHL-YEL-1PK","10"
"Candy Cane Bead","focal-beads","FOC-XMS-BLKHAT-5PK","FOC-XMS-BLKHAT-1PK","5"
"Patriotic Eagle Bead","focal-beads","FOC-PAT-OGEAGLE-5PK","FOC-PAT-OGEAGLE-1PK","5"
"Large Hole  pacer","spacers-accessories","ACC-FRRY-GRN-25PK","ACC-FRRY-GRN-1PK","25"
"16mm Bead","acrylic","ACR-16MM-UVAB-YEL-5PK","ACR-16MM-UVAB-YEL-1PK","5"
"20mm Bead","rhinestone-beads","RHNST-REDSLV-20MM-10PK","RHNST-REDSLV-20MM-1PK","10"
"3D Pickle  ilicone Focal Bead","charms-dangles","FOC-FOD-3D-YELPCKLE-5PK","FOC-FOD-3D-YELPCKLE-1PK","5"
"Book Bead","charms-dangles","FOC-REC-CHPTRBLK-5PK","FOC-REC-CHPTRBLK-1PK","5"
"t Patrick’  Day 20mm Acrylic Bead","acrylic","ACR-20MM-HOL-GRNCLVROFF-10PK","ACR-20MM-HOL-GRNCLVROFF-1PK","10"
"Glitter Bead","uncategorized","SIL15-GLTTRPUR-5PK","SIL15-GLTTRPUR-1PK","5"
"Highland Cow Bead","charms-dangles","FOC-XMS-HGHLNDCWDK-5PK","FOC-XMS-HGHLNDCWDK-1PK","5"
"Fluffy Bead Pen Blank","beadable-pen-blanks","PEN-FLUFF-BLK-5PK","PEN-FLUFF-BLK-1PK","5"
"Beaded Pen Blank","beadable-pen-blanks","PEN-OMB-LTBLU-5PK","PEN-OMB-LTBLU-1PK","5"
"Crochet Bead","focal-beads","FOC-REC-CROCHTPNK-5PK","FOC-REC-CROCHTPNK-1PK","5"
"Printed Faux Leather Ta el","charms-dangles","ACC-PRNTTSSL-DKBWNCH-5PK","ACC-PRNTTSSL-DKBWNCH-1PK","5"
"mut Book Bead","focal-beads","FOC-ADT-SMUT-5PK","FOC-ADT-SMUT-1PK","5"
"Bear Bead","charms-dangles","FOC-ANI-MAMABR-5PK","FOC-ANI-MAMABR-1PK","5"
"Patriotic Bead","charms-dangles","FOC-PAT-NWEGLE-5PK","FOC-PAT-NWEGLE-1PK","5"
"12mm Gem  pacer","rhinestone-beads","ACC-GEM-GLDMLT-12MM-10PK","ACC-GEM-GLDMLT-12MM-1PK","10"
"Rhine tone Bow  pacer Bead","rhinestone-beads","ACC-FNCY-DKBLU-BOW-5PK","ACC-FNCY-DKBLU-BOW-1PK","5"
"16mm Acrylic Bead","acrylic","ACR-16MM-SHIM-RED-20PK","ACR-16MM-SHIM-RED-1PK","20"
