"Product page","Category","Etsy SKU","Inventory SKU","Quantity per Etsy unit","Reason"
"Empty 3D  ilicone Jar Focal Bead","focal-beads","3D-JR-EMPTY-BLK-1PK","3D-JR-EMPTY-BLK-1PK","1","Exact Etsy SKU matches inventory SKU; excluded from parent conversion"
"Empty 3D  ilicone Jar Focal Bead","focal-beads","3D-JR-EMPTY-GRN-1PK","3D-JR-EMPTY-GRN-1PK","1","Exact Etsy SKU matches inventory SKU; excluded from parent conversion"
"Empty 3D  ilicone Jar Focal Bead","focal-beads","3D-JR-EMPTY-MIX-4PK","3D-JR-EMPTY-MIX-4PK","4","Exact Etsy SKU matches inventory SKU; excluded from parent conversion"
"Empty 3D  ilicone Jar Focal Bead","focal-beads","3D-JR-EMPTY-ORG-1PK","3D-JR-EMPTY-ORG-1PK","1","Exact Etsy SKU matches inventory SKU; excluded from parent conversion"
"Empty 3D  ilicone Jar Focal Bead","focal-beads","3D-JR-EMPTY-PUR-1PK","3D-JR-EMPTY-PUR-1PK","1","Exact Etsy SKU matches inventory SKU; excluded from parent conversion"
"Acrylic Bead Mix for Bracelet","charms-dangles","ACC-ACRYLICMXBAG-BRN-1PK","ACC-ACRYLICMXBAG-BRN-1PK","1","Exact Etsy SKU matches inventory SKU; excluded from parent conversion"
"Acrylic Bead Mix for Bracelet","charms-dangles","ACC-ACRYLICMXBAG-MIX-3PK","ACC-ACRYLICMXBAG-MIX-3PK","3","Exact Etsy SKU matches inventory SKU; excluded from parent conversion"
"Acrylic Bead Mix for Bracelet","charms-dangles","ACC-ACRYLICMXBAG-PNK-1PK","ACC-ACRYLICMXBAG-PNK-1PK","1","Exact Etsy SKU matches inventory SKU; excluded from parent conversion"
"Acrylic Bead Mix for Bracelet","charms-dangles","ACC-ACRYLICMXBAG-WHT-1PK","ACC-ACRYLICMXBAG-WHT-1PK","1","Exact Etsy SKU matches inventory SKU; excluded from parent conversion"
"Acrylic  tar Charm","charms-dangles","ACC-CHRM-BLUSTR-1PK","ACC-CHRM-BLUSTR-1PK","1","Exact Etsy SKU matches inventory SKU; excluded from parent conversion"
"Acrylic  tar Charm","charms-dangles","ACC-CHRM-HOLOSTR-1PK","ACC-CHRM-HOLOSTR-1PK","1","Exact Etsy SKU matches inventory SKU; excluded from parent conversion"
"Acrylic  tar Charm","charms-dangles","ACC-CHRM-MIXSTR-6PK","ACC-CHRM-MIXSTR-6PK","6","Exact Etsy SKU matches inventory SKU; excluded from parent conversion"
"Acrylic  tar Charm","charms-dangles","ACC-CHRM-PNKSTR-1PK","ACC-CHRM-PNKSTR-1PK","1","Exact Etsy SKU matches inventory SKU; excluded from parent conversion"
"Acrylic  tar Charm","charms-dangles","ACC-CHRM-PURSTR-1PK","ACC-CHRM-PURSTR-1PK","1","Exact Etsy SKU matches inventory SKU; excluded from parent conversion"
"Acrylic  tar Charm","charms-dangles","ACC-CHRM-WHTSTR-1PK","ACC-CHRM-WHTSTR-1PK","1","Exact Etsy SKU matches inventory SKU; excluded from parent conversion"
"Acrylic  tar Charm","charms-dangles","ACC-CHRM-YELSTR-1PK","ACC-CHRM-YELSTR-1PK","1","Exact Etsy SKU matches inventory SKU; excluded from parent conversion"
"Ba eball Charm","cup-charms","ACC-CPCHRM-BSBLL-1PK","ACC-CPCHRM-BSBLL-1PK","1","Exact Etsy SKU matches inventory SKU; excluded from parent conversion"
"Cancer Charm","cup-charms","ACC-CPCHRM-CNCR","ACC-CPCHRM-CNCR","1","Exact Etsy SKU matches inventory SKU; excluded from parent conversion"
"16mm Crochet Bead","spacers-accessories","ACC-CRCHT-MIX-16PK","ACC-CRCHT-MIX-16PK","16","Exact Etsy SKU matches inventory SKU; excluded from parent conversion"
"Rhine tone Bow  pacer Bead","rhinestone-beads","ACC-FNCY-BLK-BOW-1PK","ACC-FNCY-BLK-BOW-1PK","1","Exact Etsy SKU matches inventory SKU; excluded from parent conversion"
"Rhine tone Butterfly  pacer Bead","rhinestone-beads","ACC-FNCY-BLK-BUTT-1PK","ACC-FNCY-BLK-BUTT-1PK","1","Exact Etsy SKU matches inventory SKU; excluded from parent conversion"
"Fancy Rhine tone Bead","rhinestone-beads","ACC-FNCY-BLK-HRT-1PK","ACC-FNCY-BLK-HRT-1PK","1","Exact Etsy SKU matches inventory SKU; excluded from parent conversion"
"Fancy Rhine tone Bead","rhinestone-beads","ACC-FNCY-BLK-SQU-1PK","ACC-FNCY-BLK-SQU-1PK","1","Exact Etsy SKU matches inventory SKU; excluded from parent conversion"
"Rhine tone Bow  pacer Bead","rhinestone-beads","ACC-FNCY-BLU-BOW-1PK","ACC-FNCY-BLU-BOW-1PK","1","Exact Etsy SKU matches inventory SKU; excluded from parent conversion"
"Rhine tone Butterfly  pacer Bead","rhinestone-beads","ACC-FNCY-BLU-BUTT-1PK","ACC-FNCY-BLU-BUTT-1PK","1","Exact Etsy SKU matches inventory SKU; excluded from parent conversion"
"Fancy Rhine tone Bead","rhinestone-beads","ACC-FNCY-BLU-HRT-1PK","ACC-FNCY-BLU-HRT-1PK","1","Exact Etsy SKU matches inventory SKU; excluded from parent conversion"
"Fancy Rhine tone Bead","rhinestone-beads","ACC-FNCY-BLU-SQU-1PK","ACC-FNCY-BLU-SQU-1PK","1","Exact Etsy SKU matches inventory SKU; excluded from parent conversion"
"Rhine tone Bow  pacer Bead","rhinestone-beads","ACC-FNCY-CLR-BOW-1PK","ACC-FNCY-CLR-BOW-1PK","1","Exact Etsy SKU matches inventory SKU; excluded from parent conversion"
"Rhine tone Butterfly  pacer Bead","rhinestone-beads","ACC-FNCY-CLR-BUTT-1PK","ACC-FNCY-CLR-BUTT-1PK","1","Exact Etsy SKU matches inventory SKU; excluded from parent conversion"
"Fancy Rhine tone Bead","rhinestone-beads","ACC-FNCY-CLR-HRT-1PK","ACC-FNCY-CLR-HRT-1PK","1","Exact Etsy SKU matches inventory SKU; excluded from parent conversion"
"Fancy Rhine tone Bead","rhinestone-beads","ACC-FNCY-CLR-SQU-1PK","ACC-FNCY-CLR-SQU-1PK","1","Exact Etsy SKU matches inventory SKU; excluded from parent conversion"
"Rhine tone Bow  pacer Bead","rhinestone-beads","ACC-FNCY-DKBLU-BOW-1PK","ACC-FNCY-DKBLU-BOW-1PK","1","Exact Etsy SKU matches inventory SKU; excluded from parent conversion"
"Rhine tone Bow  pacer Bead","rhinestone-beads","ACC-FNCY-GNMTLBLK-BOW-1PK","ACC-FNCY-GNMTLBLK-BOW-1PK","1","Exact Etsy SKU matches inventory SKU; excluded from parent conversion"
"Rhine tone Bow  pacer Bead","rhinestone-beads","ACC-FNCY-GRN-BOW-1PK","ACC-FNCY-GRN-BOW-1PK","1","Exact Etsy SKU matches inventory SKU; excluded from parent conversion"
"Rhine tone Butterfly  pacer Bead","rhinestone-beads","ACC-FNCY-GRN-BUTT-1PK","ACC-FNCY-GRN-BUTT-1PK","1","Exact Etsy SKU matches inventory SKU; excluded from parent conversion"
"Fancy Rhine tone Bead","rhinestone-beads","ACC-FNCY-GRN-SQU-1PK","ACC-FNCY-GRN-SQU-1PK","1","Exact Etsy SKU matches inventory SKU; excluded from parent conversion"
"Rhine tone Bow  pacer Bead","rhinestone-beads","ACC-FNCY-IRIDSCNT-BOW-1PK","ACC-FNCY-IRIDSCNT-BOW-1PK","1","Exact Etsy SKU matches inventory SKU; excluded from parent conversion"
"Fancy Rhine tone Bead","rhinestone-beads","ACC-FNCY-LTBLU-SQU-1PK","ACC-FNCY-LTBLU-SQU-1PK","1","Exact Etsy SKU matches inventory SKU; excluded from parent conversion"
"Rhine tone Bow  pacer Bead","rhinestone-beads","ACC-FNCY-PNK-BOW-1PK","ACC-FNCY-PNK-BOW-1PK","1","Exact Etsy SKU matches inventory SKU; excluded from parent conversion"
"Fancy Rhine tone Bead","rhinestone-beads","ACC-FNCY-PNK-HRT-1PK","ACC-FNCY-PNK-HRT-1PK","1","Exact Etsy SKU matches inventory SKU; excluded from parent conversion"
"Fancy Rhine tone Bead","rhinestone-beads","ACC-FNCY-PNK-SQU-1PK","ACC-FNCY-PNK-SQU-1PK","1","Exact Etsy SKU matches inventory SKU; excluded from parent conversion"
"Rhine tone Bow  pacer Bead","rhinestone-beads","ACC-FNCY-PUR-BOW-1PK","ACC-FNCY-PUR-BOW-1PK","1","Exact Etsy SKU matches inventory SKU; excluded from parent conversion"
"Fancy Rhine tone Bead","rhinestone-beads","ACC-FNCY-PUR-SQU-1PK","ACC-FNCY-PUR-SQU-1PK","1","Exact Etsy SKU matches inventory SKU; excluded from parent conversion"
"Rhine tone Bow  pacer Bead","rhinestone-beads","ACC-FNCY-RED-BOW-1PK","ACC-FNCY-RED-BOW-1PK","1","Exact Etsy SKU matches inventory SKU; excluded from parent conversion"
"Rhine tone Butterfly  pacer Bead","rhinestone-beads","ACC-FNCY-RED-BUTT-1PK","ACC-FNCY-RED-BUTT-1PK","1","Exact Etsy SKU matches inventory SKU; excluded from parent conversion"
"Fancy Rhine tone Bead","rhinestone-beads","ACC-FNCY-RED-HRT-1PK","ACC-FNCY-RED-HRT-1PK","1","Exact Etsy SKU matches inventory SKU; excluded from parent conversion"
"Fancy Rhine tone Bead","rhinestone-beads","ACC-FNCY-RED-SQU-1PK","ACC-FNCY-RED-SQU-1PK","1","Exact Etsy SKU matches inventory SKU; excluded from parent conversion"
"Fancy Rhine tone Bead","rhinestone-beads","ACC-FNCY-UVBLU-BUTT-1PK","ACC-FNCY-UVBLU-BUTT-1PK","1","Exact Etsy SKU matches inventory SKU; excluded from parent conversion"
"Fancy Rhine tone Bead","rhinestone-beads","ACC-FNCY-UVGRN-BUTT-1PK","ACC-FNCY-UVGRN-BUTT-1PK","1","Exact Etsy SKU matches inventory SKU; excluded from parent conversion"
"Fancy Rhine tone Bead","rhinestone-beads","ACC-FNCY-UVGRN-HRT-1PK","ACC-FNCY-UVGRN-HRT-1PK","1","Exact Etsy SKU matches inventory SKU; excluded from parent conversion"
"Fancy Rhine tone Bead","rhinestone-beads","ACC-FNCY-UVIRID-BUTT-1PK","ACC-FNCY-UVIRID-BUTT-1PK","1","Exact Etsy SKU matches inventory SKU; excluded from parent conversion"
"Fancy Rhine tone Bead","rhinestone-beads","ACC-FNCY-UVLKBLU-HRT-1PK","ACC-FNCY-UVLKBLU-HRT-1PK","1","Exact Etsy SKU matches inventory SKU; excluded from parent conversion"
"Fancy Rhine tone Bead","rhinestone-beads","ACC-FNCY-UVLTBLU-BUTT-1PK","ACC-FNCY-UVLTBLU-BUTT-1PK","1","Exact Etsy SKU matches inventory SKU; excluded from parent conversion"
"Fancy Rhine tone Bead","rhinestone-beads","ACC-FNCY-UVPCH-BUTT-1PK","ACC-FNCY-UVPCH-BUTT-1PK","1","Exact Etsy SKU matches inventory SKU; excluded from parent conversion"
"Fancy Rhine tone Bead","rhinestone-beads","ACC-FNCY-UVPNK-BUTT-1PK","ACC-FNCY-UVPNK-BUTT-1PK","1","Exact Etsy SKU matches inventory SKU; excluded from parent conversion"
"Fancy Rhine tone Bead","rhinestone-beads","ACC-FNCY-UVPNK-HRT-1PK","ACC-FNCY-UVPNK-HRT-1PK","1","Exact Etsy SKU matches inventory SKU; excluded from parent conversion"
"Fancy Rhine tone Bead","rhinestone-beads","ACC-FNCY-UVPUR-BUTT-1PK","ACC-FNCY-UVPUR-BUTT-1PK","1","Exact Etsy SKU matches inventory SKU; excluded from parent conversion"
"Fancy Rhine tone Bead","rhinestone-beads","ACC-FNCY-UVPUR-HRT-1PK","ACC-FNCY-UVPUR-HRT-1PK","1","Exact Etsy SKU matches inventory SKU; excluded from parent conversion"
"Fancy Rhine tone Bead","rhinestone-beads","ACC-FNCY-UVWHT-BUTT-1PK","ACC-FNCY-UVWHT-BUTT-1PK","1","Exact Etsy SKU matches inventory SKU; excluded from parent conversion"
"Fancy Rhine tone Bead","rhinestone-beads","ACC-FNCY-UVYEL-BUTT-1PK","ACC-FNCY-UVYEL-BUTT-1PK","1","Exact Etsy SKU matches inventory SKU; excluded from parent conversion"
"Fancy Rhine tone Bead","rhinestone-beads","ACC-FNCY-UVYEL-HRT-1PK","ACC-FNCY-UVYEL-HRT-1PK","1","Exact Etsy SKU matches inventory SKU; excluded from parent conversion"
"Fancy Rhine tone Bead","rhinestone-beads","ACC-FNCY-WHT-HRT-1PK","ACC-FNCY-WHT-HRT-1PK","1","Exact Etsy SKU matches inventory SKU; excluded from parent conversion"
"Fancy Rhine tone Bead","rhinestone-beads","ACC-FNCY-WHT-SQU-1PK","ACC-FNCY-WHT-SQU-1PK","1","Exact Etsy SKU matches inventory SKU; excluded from parent conversion"
"Rhine tone Butterfly  pacer Bead","rhinestone-beads","ACC-FNCY-YEL-BUTT-1PK","ACC-FNCY-YEL-BUTT-1PK","1","Exact Etsy SKU matches inventory SKU; excluded from parent conversion"
"Fancy Rhine tone Bead","rhinestone-beads","ACC-FNCY-YEL-HRT-1PK","ACC-FNCY-YEL-HRT-1PK","1","Exact Etsy SKU matches inventory SKU; excluded from parent conversion"
"10mm Gem Spacer","rhinestone-beads","ACC-GEM-SLV-10MM-1PK","ACC-GEM-SLV-10MM-1PK","10","Exact Etsy SKU matches inventory SKU; excluded from parent conversion"
"Mini Tumbler Keychain","uncategorized","ACC-KYCHNTMBLR-BLK-1PK","ACC-KYCHNTMBLR-BLK-1PK","1","Exact Etsy SKU matches inventory SKU; excluded from parent conversion"
"Mini Tumbler Keychain","uncategorized","ACC-KYCHNTMBLR-BLU-1PK","ACC-KYCHNTMBLR-BLU-1PK","1","Exact Etsy SKU matches inventory SKU; excluded from parent conversion"
"Mini Tumbler Keychain","uncategorized","ACC-KYCHNTMBLR-CHRMBLUPNK-1PK","ACC-KYCHNTMBLR-CHRMBLUPNK-1PK","1","Exact Etsy SKU matches inventory SKU; excluded from parent conversion"
"Mini Tumbler Keychain","uncategorized","ACC-KYCHNTMBLR-CHRMPNK-1PK","ACC-KYCHNTMBLR-CHRMPNK-1PK","1","Exact Etsy SKU matches inventory SKU; excluded from parent conversion"
"Mini Tumbler Keychain","uncategorized","ACC-KYCHNTMBLR-CHRMPNKPUR-1PK","ACC-KYCHNTMBLR-CHRMPNKPUR-1PK","1","Exact Etsy SKU matches inventory SKU; excluded from parent conversion"
"Mini Tumbler Keychain","uncategorized","ACC-KYCHNTMBLR-CHRMYB-1PK","ACC-KYCHNTMBLR-CHRMYB-1PK","1","Exact Etsy SKU matches inventory SKU; excluded from parent conversion"
"Mini Tumbler Keychain","uncategorized","ACC-KYCHNTMBLR-CHRMYP-1PK","ACC-KYCHNTMBLR-CHRMYP-1PK","1","Exact Etsy SKU matches inventory SKU; excluded from parent conversion"
"Mini Tumbler Keychain","uncategorized","ACC-KYCHNTMBLR-CHRMYR-1PK","ACC-KYCHNTMBLR-CHRMYR-1PK","1","Exact Etsy SKU matches inventory SKU; excluded from parent conversion"
"Mini Tumbler Keychain","uncategorized","ACC-KYCHNTMBLR-DKPNK-1PK","ACC-KYCHNTMBLR-DKPNK-1PK","1","Exact Etsy SKU matches inventory SKU; excluded from parent conversion"
"Mini Tumbler Keychain","uncategorized","ACC-KYCHNTMBLR-PNK-1PK","ACC-KYCHNTMBLR-PNK-1PK","1","Exact Etsy SKU matches inventory SKU; excluded from parent conversion"
"Mini Tumbler Keychain","uncategorized","ACC-KYCHNTMBLR-RED-1PK","ACC-KYCHNTMBLR-RED-1PK","1","Exact Etsy SKU matches inventory SKU; excluded from parent conversion"
"Crayon Beaded Pen","uncategorized","ACC-PENS-CRYN-BLU-1PK","ACC-PENS-CRYN-BLU-1PK","1","Exact Etsy SKU matches inventory SKU; excluded from parent conversion"
"Crayon Beaded Pen","uncategorized","ACC-PENS-CRYN-GRN-1PK","ACC-PENS-CRYN-GRN-1PK","1","Exact Etsy SKU matches inventory SKU; excluded from parent conversion"
"Crayon Beaded Pen","uncategorized","ACC-PENS-CRYN-ORG-1PK","ACC-PENS-CRYN-ORG-1PK","1","Exact Etsy SKU matches inventory SKU; excluded from parent conversion"
"Crayon Beaded Pen","uncategorized","ACC-PENS-CRYN-PUR-1PK","ACC-PENS-CRYN-PUR-1PK","1","Exact Etsy SKU matches inventory SKU; excluded from parent conversion"
"Crayon Beaded Pen","uncategorized","ACC-PENS-CRYN-RED-1PK","ACC-PENS-CRYN-RED-1PK","1","Exact Etsy SKU matches inventory SKU; excluded from parent conversion"
"Crayon Beaded Pen","uncategorized","ACC-PENS-CRYN-YEL-1PK","ACC-PENS-CRYN-YEL-1PK","1","Exact Etsy SKU matches inventory SKU; excluded from parent conversion"
"nowman Beaded Pen","uncategorized","ACC-PENS-SNWMEN-BLK-1PK","ACC-PENS-SNWMEN-BLK-1PK","1","Exact Etsy SKU matches inventory SKU; excluded from parent conversion"
"nowman Beaded Pen","uncategorized","ACC-PENS-SNWMEN-BLU-1PK","ACC-PENS-SNWMEN-BLU-1PK","1","Exact Etsy SKU matches inventory SKU; excluded from parent conversion"
"nowman Beaded Pen","uncategorized","ACC-PENS-SNWMEN-GRN-1PK","ACC-PENS-SNWMEN-GRN-1PK","1","Exact Etsy SKU matches inventory SKU; excluded from parent conversion"
"nowman Beaded Pen","uncategorized","ACC-PENS-SNWMEN-RED-1PK","ACC-PENS-SNWMEN-RED-1PK","1","Exact Etsy SKU matches inventory SKU; excluded from parent conversion"
"nowman Beaded Pen","uncategorized","ACC-PENS-SNWMEN-SLV-1PK","ACC-PENS-SNWMEN-SLV-1PK","1","Exact Etsy SKU matches inventory SKU; excluded from parent conversion"
"Printed Faux Leather Ta el","charms-dangles","ACC-PRNTTSSL-CMO-1PK","ACC-PRNTTSSL-CMO-1PK","1","Exact Etsy SKU matches inventory SKU; excluded from parent conversion"
"Printed Faux Leather Ta el","charms-dangles","ACC-PRNTTSSL-CWPRNT-1PK","ACC-PRNTTSSL-CWPRNT-1PK","1","Exact Etsy SKU matches inventory SKU; excluded from parent conversion"
"Printed Faux Leather Ta el","charms-dangles","ACC-PRNTTSSL-DKBWNCH-1PK","ACC-PRNTTSSL-DKBWNCH-1PK","1","Exact Etsy SKU matches inventory SKU; excluded from parent conversion"
"Printed Faux Leather Ta el","charms-dangles","ACC-PRNTTSSL-LTBWNCH-1PK","ACC-PRNTTSSL-LTBWNCH-1PK","1","Exact Etsy SKU matches inventory SKU; excluded from parent conversion"
"Printed Faux Leather Ta el","charms-dangles","ACC-PRNTTSSL-RNBW-1PK","ACC-PRNTTSSL-RNBW-1PK","1","Exact Etsy SKU matches inventory SKU; excluded from parent conversion"
"Printed Faux Leather Ta el","charms-dangles","ACC-PRNTTSSL-SNFLWR-1PK","ACC-PRNTTSSL-SNFLWR-1PK","1","Exact Etsy SKU matches inventory SKU; excluded from parent conversion"
"Printed Faux Leather Ta el","charms-dangles","ACC-PRNTTSSL-STRS-1PK","ACC-PRNTTSSL-STRS-1PK","1","Exact Etsy SKU matches inventory SKU; excluded from parent conversion"
"65mm Printed  ilicone Ring","focal-beads","ACC-RNGBEES-1PK","ACC-RNGBEES-1PK","1","Exact Etsy SKU matches inventory SKU; excluded from parent conversion"
"65mm Printed  ilicone Ring","focal-beads","ACC-RNGBLKCHCKRD-1PK","ACC-RNGBLKCHCKRD-1PK","1","Exact Etsy SKU matches inventory SKU; excluded from parent conversion"
"65mm Printed  ilicone Ring","focal-beads","ACC-RNGBLKPLD-1PK","ACC-RNGBLKPLD-1PK","1","Exact Etsy SKU matches inventory SKU; excluded from parent conversion"
"65mm Printed  ilicone Ring","focal-beads","ACC-RNGBLKZBRA-1PK","ACC-RNGBLKZBRA-1PK","1","Exact Etsy SKU matches inventory SKU; excluded from parent conversion"
"65mm Printed  ilicone Ring","focal-beads","ACC-RNGCCTS-1PK","ACC-RNGCCTS-1PK","1","Exact Etsy SKU matches inventory SKU; excluded from parent conversion"
"65mm Printed  ilicone Ring","focal-beads","ACC-RNGCFFBN-1PK","ACC-RNGCFFBN-1PK","1","Exact Etsy SKU matches inventory SKU; excluded from parent conversion"
"65mm Printed  ilicone Ring","focal-beads","ACC-RNGFRT-1PK","ACC-RNGFRT-1PK","1","Exact Etsy SKU matches inventory SKU; excluded from parent conversion"
"65mm Printed  ilicone Ring","focal-beads","ACC-RNGGLXY-1PK","ACC-RNGGLXY-1PK","1","Exact Etsy SKU matches inventory SKU; excluded from parent conversion"
"65mm Printed  ilicone Ring","focal-beads","ACC-RNGHGHLNDCW-1PK","ACC-RNGHGHLNDCW-1PK","1","Exact Etsy SKU matches inventory SKU; excluded from parent conversion"
"65mm Printed  ilicone Ring","focal-beads","ACC-RNGJESUS-1PK","ACC-RNGJESUS-1PK","1","Exact Etsy SKU matches inventory SKU; excluded from parent conversion"
"65mm Printed  ilicone Ring","focal-beads","ACC-RNGNRSLFE-1PK","ACC-RNGNRSLFE-1PK","1","Exact Etsy SKU matches inventory SKU; excluded from parent conversion"
"65mm Printed  ilicone Ring","focal-beads","ACC-RNGPNKCW-1PK","ACC-RNGPNKCW-1PK","1","Exact Etsy SKU matches inventory SKU; excluded from parent conversion"
"65mm Printed  ilicone Ring","focal-beads","ACC-RNGPWPRNT-1PK","ACC-RNGPWPRNT-1PK","1","Exact Etsy SKU matches inventory SKU; excluded from parent conversion"
"65mm Printed  ilicone Ring","focal-beads","ACC-RNGREDPLD-1PK","ACC-RNGREDPLD-1PK","1","Exact Etsy SKU matches inventory SKU; excluded from parent conversion"
"65mm Printed  ilicone Ring","focal-beads","ACC-RNGRSES-1PK","ACC-RNGRSES-1PK","1","Exact Etsy SKU matches inventory SKU; excluded from parent conversion"
"65mm Printed  ilicone Ring","focal-beads","ACC-RNGSNFLWBLKCW-1PK","ACC-RNGSNFLWBLKCW-1PK","1","Exact Etsy SKU matches inventory SKU; excluded from parent conversion"
"65mm Printed  ilicone Ring","focal-beads","ACC-RNGSNFLWR-1PK","ACC-RNGSNFLWR-1PK","1","Exact Etsy SKU matches inventory SKU; excluded from parent conversion"
"65mm Printed  ilicone Ring","focal-beads","ACC-RNGUNDRSEA-1PK","ACC-RNGUNDRSEA-1PK","1","Exact Etsy SKU matches inventory SKU; excluded from parent conversion"
"65mm Printed  ilicone Ring","focal-beads","ACC-RNGUSA-1PK","ACC-RNGUSA-1PK","1","Exact Etsy SKU matches inventory SKU; excluded from parent conversion"
"65mm Printed  ilicone Ring","focal-beads","ACC-RNGWSTRN-1PK","ACC-RNGWSTRN-1PK","1","Exact Etsy SKU matches inventory SKU; excluded from parent conversion"
"olid Faux Leather Ta el","charms-dangles","ACC-SOLTSSL-BLK-1PK","ACC-SOLTSSL-BLK-1PK","1","Exact Etsy SKU matches inventory SKU; excluded from parent conversion"
"olid Faux Leather Ta el","charms-dangles","ACC-SOLTSSL-BRNA-1PK","ACC-SOLTSSL-BRNA-1PK","1","Exact Etsy SKU matches inventory SKU; excluded from parent conversion"
"olid Faux Leather Ta el","charms-dangles","ACC-SOLTSSL-BRNB-1PK","ACC-SOLTSSL-BRNB-1PK","1","Exact Etsy SKU matches inventory SKU; excluded from parent conversion"
"olid Faux Leather Ta el","charms-dangles","ACC-SOLTSSL-BRNC-1PK","ACC-SOLTSSL-BRNC-1PK","1","Exact Etsy SKU matches inventory SKU; excluded from parent conversion"
"olid Faux Leather Ta el","charms-dangles","ACC-SOLTSSL-BRND-1PK","ACC-SOLTSSL-BRND-1PK","1","Exact Etsy SKU matches inventory SKU; excluded from parent conversion"
"olid Faux Leather Ta el","charms-dangles","ACC-SOLTSSL-BRNE-1PK","ACC-SOLTSSL-BRNE-1PK","1","Exact Etsy SKU matches inventory SKU; excluded from parent conversion"
"olid Faux Leather Ta el","charms-dangles","ACC-SOLTSSL-DKBLU-1PK","ACC-SOLTSSL-DKBLU-1PK","1","Exact Etsy SKU matches inventory SKU; excluded from parent conversion"
"olid Faux Leather Ta el","charms-dangles","ACC-SOLTSSL-DKPNK-1PK","ACC-SOLTSSL-DKPNK-1PK","1","Exact Etsy SKU matches inventory SKU; excluded from parent conversion"
"olid Faux Leather Ta el","charms-dangles","ACC-SOLTSSL-GRN-1PK","ACC-SOLTSSL-GRN-1PK","1","Exact Etsy SKU matches inventory SKU; excluded from parent conversion"
"olid Faux Leather Ta el","charms-dangles","ACC-SOLTSSL-GRY-1PK","ACC-SOLTSSL-GRY-1PK","1","Exact Etsy SKU matches inventory SKU; excluded from parent conversion"
"olid Faux Leather Ta el","charms-dangles","ACC-SOLTSSL-LTBLU-1PK","ACC-SOLTSSL-LTBLU-1PK","1","Exact Etsy SKU matches inventory SKU; excluded from parent conversion"
"olid Faux Leather Ta el","charms-dangles","ACC-SOLTSSL-LTPNK-1PK","ACC-SOLTSSL-LTPNK-1PK","1","Exact Etsy SKU matches inventory SKU; excluded from parent conversion"
"olid Faux Leather Ta el","charms-dangles","ACC-SOLTSSL-ORG-1PK","ACC-SOLTSSL-ORG-1PK","1","Exact Etsy SKU matches inventory SKU; excluded from parent conversion"
"olid Faux Leather Ta el","charms-dangles","ACC-SOLTSSL-PNKYPNK-1PK","ACC-SOLTSSL-PNKYPNK-1PK","1","Exact Etsy SKU matches inventory SKU; excluded from parent conversion"
"olid Faux Leather Ta el","charms-dangles","ACC-SOLTSSL-PUR-1PK","ACC-SOLTSSL-PUR-1PK","1","Exact Etsy SKU matches inventory SKU; excluded from parent conversion"
"olid Faux Leather Ta el","charms-dangles","ACC-SOLTSSL-RED-1PK","ACC-SOLTSSL-RED-1PK","1","Exact Etsy SKU matches inventory SKU; excluded from parent conversion"
"olid Faux Leather Ta el","charms-dangles","ACC-SOLTSSL-SLV-1PK","ACC-SOLTSSL-SLV-1PK","1","Exact Etsy SKU matches inventory SKU; excluded from parent conversion"
"olid Faux Leather Ta el","charms-dangles","ACC-SOLTSSL-TEAL-1PK","ACC-SOLTSSL-TEAL-1PK","1","Exact Etsy SKU matches inventory SKU; excluded from parent conversion"
"olid Faux Leather Ta el","charms-dangles","ACC-SOLTSSL-WHT-1PK","ACC-SOLTSSL-WHT-1PK","1","Exact Etsy SKU matches inventory SKU; excluded from parent conversion"
"olid Faux Leather Ta el","charms-dangles","ACC-SOLTSSL-YEL-1PK","ACC-SOLTSSL-YEL-1PK","1","Exact Etsy SKU matches inventory SKU; excluded from parent conversion"
"ilicone Cup  traw Topper","charms-dangles","ACC-STRWTOP-CRDNL-1PK","ACC-STRWTOP-CRDNL-1PK","1","Exact Etsy SKU matches inventory SKU; excluded from parent conversion"
"ilicone Cup  traw Topper","charms-dangles","ACC-STRWTOP-GNGRBD-1PK","ACC-STRWTOP-GNGRBD-1PK","1","Exact Etsy SKU matches inventory SKU; excluded from parent conversion"
"ilicone Cup  traw Topper","charms-dangles","ACC-STRWTOP-GRNTREE-1PK","ACC-STRWTOP-GRNTREE-1PK","1","Exact Etsy SKU matches inventory SKU; excluded from parent conversion"
"ilicone Cup  traw Topper","charms-dangles","ACC-STRWTOP-PNKTREE-1PK","ACC-STRWTOP-PNKTREE-1PK","1","Exact Etsy SKU matches inventory SKU; excluded from parent conversion"
"ilicone Cup  traw Topper","charms-dangles","ACC-STRWTOP-SNWMN-1PK","ACC-STRWTOP-SNWMN-1PK","1","Exact Etsy SKU matches inventory SKU; excluded from parent conversion"
"ilicone Cup  traw Topper","charms-dangles","ACC-STRWTOP-WHTTREE-1PK","ACC-STRWTOP-WHTTREE-1PK","1","Exact Etsy SKU matches inventory SKU; excluded from parent conversion"
"12mm Bead","mixes-bundles-kits","ACR-12BLOCK-MIX-10PK","ACR-12BLOCK-MIX-10PK","10","Exact Etsy SKU matches inventory SKU; excluded from parent conversion"
"16mm Clear Bubble Acrylic Beads Color Core Round Beads Transparent Beads Beadable Pen Beads Jewelry Making Craft Supplies","acrylic","ACR-16MM-BBLE-MIX-8PK","ACR-16MM-BBLE-MIX-8PK","8","Exact Etsy SKU matches inventory SKU; excluded from parent conversion"
"F","mixes-bundles-kits","ACR-16MM-FRSTD-MIX-11PK","ACR-16MM-FRSTD-MIX-11PK","11","Exact Etsy SKU matches inventory SKU; excluded from parent conversion"
"Gold Flake Acrylic Bead  16mm","spacers-accessories","ACR-16MM-GLDFLKE-MIX-18PC","ACR-16MM-GLDFLKE-MIX-18PC","18","Exact Etsy SKU matches inventory SKU; excluded from parent conversion"
"Gold Flake Acrylic Bead  16mm","spacers-accessories","ACR-16MM-GLDFLKE-MIX-30PC","ACR-16MM-GLDFLKE-MIX-30PC","30","Exact Etsy SKU matches inventory SKU; excluded from parent conversion"
"Gold Flake Acrylic Bead  16mm","spacers-accessories","ACR-16MM-GLDFLKE-MIX-6PC","ACR-16MM-GLDFLKE-MIX-6PC","6","Exact Etsy SKU matches inventory SKU; excluded from parent conversion"
"16mm Bead","mixes-bundles-kits","ACR-16MM-METAL-MIX-10PK","ACR-16MM-METAL-MIX-10PK","10","Exact Etsy SKU matches inventory SKU; excluded from parent conversion"
"16mm Acrylic Bead","mixes-bundles-kits","ACR-16MM-SHIM-MIX-10PK","ACR-16MM-SHIM-MIX-10PK","10","Exact Etsy SKU matches inventory SKU; excluded from parent conversion"
"16mm Bead","mixes-bundles-kits","ACR-16MM-UVAB-MIX-1PK","ACR-16MM-UVAB-MIX-1PK","1","Exact Etsy SKU matches inventory SKU; excluded from parent conversion"
"18mm Marbled Pumpkin XL Hole Bead","acrylic","ACR-18MM-MRBLMIX-PMKN-7PK","ACR-18MM-MRBLMIX-PMKN-7PK","7","Exact Etsy SKU matches inventory SKU; excluded from parent conversion"
"20mm Bandana Acrylic Bead","mixes-bundles-kits","ACR-20MM-BNDNA-MIX-10PK","ACR-20MM-BNDNA-MIX-10PK","10","Exact Etsy SKU matches inventory SKU; excluded from parent conversion"
"20mm Bandana Acrylic Bead","mixes-bundles-kits","ACR-20MM-BNDNA-MIX-20PK","ACR-20MM-BNDNA-MIX-20PK","20","Exact Etsy SKU matches inventory SKU; excluded from parent conversion"
"20mm Bandana Acrylic Bead","mixes-bundles-kits","ACR-20MM-BNDNA-MIX-5PK","ACR-20MM-BNDNA-MIX-5PK","5","Exact Etsy SKU matches inventory SKU; excluded from parent conversion"
"20mm Acrylic Bead","mixes-bundles-kits","ACR-20MM-GLTTR-BLK-10PK","ACR-20MM-GLTTR-BLK-10PK","10","Exact Etsy SKU matches inventory SKU; excluded from parent conversion"
"20mm Acrylic Bead","mixes-bundles-kits","ACR-20MM-GLTTR-DKBLU-10PK","ACR-20MM-GLTTR-DKBLU-10PK","10","Exact Etsy SKU matches inventory SKU; excluded from parent conversion"
"20mm Acrylic Bead","mixes-bundles-kits","ACR-20MM-GLTTR-DKPNK-10PK","ACR-20MM-GLTTR-DKPNK-10PK","10","Exact Etsy SKU matches inventory SKU; excluded from parent conversion"
"20mm Acrylic Bead","mixes-bundles-kits","ACR-20MM-GLTTR-GLD-10PK","ACR-20MM-GLTTR-GLD-10PK","10","Exact Etsy SKU matches inventory SKU; excluded from parent conversion"
"20mm Acrylic Bead","mixes-bundles-kits","ACR-20MM-GLTTR-GRN-10PK","ACR-20MM-GLTTR-GRN-10PK","10","Exact Etsy SKU matches inventory SKU; excluded from parent conversion"
"20mm Acrylic Bead","mixes-bundles-kits","ACR-20MM-GLTTR-GRY-10PK","ACR-20MM-GLTTR-GRY-10PK","10","Exact Etsy SKU matches inventory SKU; excluded from parent conversion"
"20mm Acrylic Bead","mixes-bundles-kits","ACR-20MM-GLTTR-IVRY-10PK","ACR-20MM-GLTTR-IVRY-10PK","10","Exact Etsy SKU matches inventory SKU; excluded from parent conversion"
"20mm Acrylic Bead","mixes-bundles-kits","ACR-20MM-GLTTR-LTBLU-10PK","ACR-20MM-GLTTR-LTBLU-10PK","10","Exact Etsy SKU matches inventory SKU; excluded from parent conversion"
"20mm Acrylic Bead","mixes-bundles-kits","ACR-20MM-GLTTR-LTPNK-10PK","ACR-20MM-GLTTR-LTPNK-10PK","10","Exact Etsy SKU matches inventory SKU; excluded from parent conversion"
"20mm Acrylic Bead","mixes-bundles-kits","ACR-20MM-GLTTR-LTPUR-10PK","ACR-20MM-GLTTR-LTPUR-10PK","10","Exact Etsy SKU matches inventory SKU; excluded from parent conversion"
"20mm Acrylic Bead","mixes-bundles-kits","ACR-20MM-GLTTR-MIX-14PK","ACR-20MM-GLTTR-MIX-14PK","14","Exact Etsy SKU matches inventory SKU; excluded from parent conversion"
"20mm Acrylic Bead","mixes-bundles-kits","ACR-20MM-GLTTR-PUR-10PK","ACR-20MM-GLTTR-PUR-10PK","10","Exact Etsy SKU matches inventory SKU; excluded from parent conversion"
"20mm Acrylic Bead","mixes-bundles-kits","ACR-20MM-GLTTR-RED-10PK","ACR-20MM-GLTTR-RED-10PK","10","Exact Etsy SKU matches inventory SKU; excluded from parent conversion"
"20mm Acrylic Bead","mixes-bundles-kits","ACR-20MM-GLTTR-SLV-10PK","ACR-20MM-GLTTR-SLV-10PK","10","Exact Etsy SKU matches inventory SKU; excluded from parent conversion"
"20mm Acrylic Bead","mixes-bundles-kits","ACR-20MM-GLTTR-WHT-10PK","ACR-20MM-GLTTR-WHT-10PK","10","Exact Etsy SKU matches inventory SKU; excluded from parent conversion"
"20mm Acrylic Bead","mixes-bundles-kits","ACR-20MM-GLTTR-YEL-10PK","ACR-20MM-GLTTR-YEL-10PK","10","Exact Etsy SKU matches inventory SKU; excluded from parent conversion"
"20mm Bead","mixes-bundles-kits","ACR-20MM-METAL-MIX-10PK","ACR-20MM-METAL-MIX-10PK","10","Exact Etsy SKU matches inventory SKU; excluded from parent conversion"
"20mm Acrylic Bead","mixes-bundles-kits","ACR-20MM-SHIM-MIX-10PK","ACR-20MM-SHIM-MIX-10PK","10","Exact Etsy SKU matches inventory SKU; excluded from parent conversion"
"16mm Gold Flake Acrylic Bead","spacers-accessories","ACR-BLK-GF-16-10PK","ACR-BLK-GF-16-10PK","10","Exact Etsy SKU matches inventory SKU; excluded from parent conversion"
"16mm Gold Flake Acrylic Bead","spacers-accessories","ACR-BLK-GF-16-20PK","ACR-BLK-GF-16-20PK","20","Exact Etsy SKU matches inventory SKU; excluded from parent conversion"
"16mm Gold Flake Acrylic Bead","spacers-accessories","ACR-BLK-GF-16-5PK","ACR-BLK-GF-16-5PK","5","Exact Etsy SKU matches inventory SKU; excluded from parent conversion"
"16mm Gold Flake Acrylic Bead","spacers-accessories","ACR-BLU-GF-16-10PK","ACR-BLU-GF-16-10PK","10","Exact Etsy SKU matches inventory SKU; excluded from parent conversion"
"16mm Gold Flake Acrylic Bead","spacers-accessories","ACR-BLU-GF-16-20PK","ACR-BLU-GF-16-20PK","20","Exact Etsy SKU matches inventory SKU; excluded from parent conversion"
"16mm Gold Flake Acrylic Bead","spacers-accessories","ACR-BLU-GF-16-5PK","ACR-BLU-GF-16-5PK","5","Exact Etsy SKU matches inventory SKU; excluded from parent conversion"
"16mm Bubblegum Bead","mixes-bundles-kits","ACR-CHRIS-BELLS-16-20PK","ACR-CHRIS-BELLS-16-20PK","20","Exact Etsy SKU matches inventory SKU; excluded from parent conversion"
"16mm Printed Bead","mixes-bundles-kits","ACR-CHRIS-MIX-16-20PK","ACR-CHRIS-MIX-16-20PK","20","Exact Etsy SKU matches inventory SKU; excluded from parent conversion"
"16mm Gold Flake Acrylic Bead","spacers-accessories","ACR-GRN-GF-16-10PK","ACR-GRN-GF-16-10PK","10","Exact Etsy SKU matches inventory SKU; excluded from parent conversion"
"16mm Gold Flake Acrylic Bead","spacers-accessories","ACR-GRN-GF-16-20PK","ACR-GRN-GF-16-20PK","20","Exact Etsy SKU matches inventory SKU; excluded from parent conversion"
"16mm Gold Flake Acrylic Bead","spacers-accessories","ACR-GRN-GF-16-5PK","ACR-GRN-GF-16-5PK","5","Exact Etsy SKU matches inventory SKU; excluded from parent conversion"
"16mm Gold Flake Acrylic Bead","spacers-accessories","ACR-PNK-GF-16-10PK","ACR-PNK-GF-16-10PK","10","Exact Etsy SKU matches inventory SKU; excluded from parent conversion"
"16mm Gold Flake Acrylic Bead","spacers-accessories","ACR-PNK-GF-16-20PK","ACR-PNK-GF-16-20PK","20","Exact Etsy SKU matches inventory SKU; excluded from parent conversion"
"16mm Gold Flake Acrylic Bead","spacers-accessories","ACR-PNK-GF-16-5PK","ACR-PNK-GF-16-5PK","5","Exact Etsy SKU matches inventory SKU; excluded from parent conversion"
"Pa tel Acrylic Bead  16mm","spacers-accessories","ACR-PSTL-MIX-10PC","ACR-PSTL-MIX-10PC","10","Exact Etsy SKU matches inventory SKU; excluded from parent conversion"
"Pa tel Acrylic Bead  16mm","spacers-accessories","ACR-PSTL-MIX-30PC","ACR-PSTL-MIX-30PC","30","Exact Etsy SKU matches inventory SKU; excluded from parent conversion"
"Pa tel Acrylic Bead  16mm","spacers-accessories","ACR-PSTL-MIX-50PC","ACR-PSTL-MIX-50PC","50","Exact Etsy SKU matches inventory SKU; excluded from parent conversion"
"16mm Gold Flake Acrylic Bead","spacers-accessories","ACR-PUR-GF-16-10PK","ACR-PUR-GF-16-10PK","10","Exact Etsy SKU matches inventory SKU; excluded from parent conversion"
"16mm Gold Flake Acrylic Bead","spacers-accessories","ACR-PUR-GF-16-20PK","ACR-PUR-GF-16-20PK","20","Exact Etsy SKU matches inventory SKU; excluded from parent conversion"
"16mm Gold Flake Acrylic Bead","spacers-accessories","ACR-PUR-GF-16-5PK","ACR-PUR-GF-16-5PK","5","Exact Etsy SKU matches inventory SKU; excluded from parent conversion"
"16mm Gold Flake Acrylic Bead","spacers-accessories","ACR-RED-GF-16-10PK","ACR-RED-GF-16-10PK","10","Exact Etsy SKU matches inventory SKU; excluded from parent conversion"
"16mm Gold Flake Acrylic Bead","spacers-accessories","ACR-RED-GF-16-20PK","ACR-RED-GF-16-20PK","20","Exact Etsy SKU matches inventory SKU; excluded from parent conversion"
"16mm Gold Flake Acrylic Bead","spacers-accessories","ACR-RED-GF-16-5PK","ACR-RED-GF-16-5PK","5","Exact Etsy SKU matches inventory SKU; excluded from parent conversion"
"20mm Bubblegum Bead","mixes-bundles-kits","ACR-STFTBLL-20MM-10PK","ACR-STFTBLL-20MM-10PK","10","Exact Etsy SKU matches inventory SKU; excluded from parent conversion"
"20mm Bubblegum Bead","mixes-bundles-kits","ACR-STFTBLL-20MM-20PK","ACR-STFTBLL-20MM-20PK","20","Exact Etsy SKU matches inventory SKU; excluded from parent conversion"
"20mm Bubblegum Bead","mixes-bundles-kits","ACR-STFTBLL-20MM-5PK","ACR-STFTBLL-20MM-5PK","5","Exact Etsy SKU matches inventory SKU; excluded from parent conversion"
"Mixed  ilicone Bead  Bundle","mixes-bundles-kits","BEAD-BNDL-CAMO-30PK","BEAD-BNDL-CAMO-30PK","30","Exact Etsy SKU matches inventory SKU; excluded from parent conversion"
"Mixed  ilicone Bead  Bundle","mixes-bundles-kits","BEAD-BNDL-CLRFLLPRD-30PK","BEAD-BNDL-CLRFLLPRD-30PK","30","Exact Etsy SKU matches inventory SKU; excluded from parent conversion"
"Chri tma   ilicone Bead Bundle","focal-beads","BEAD-BNDL-CZYCHRSTMS-30PK","BEAD-BNDL-CZYCHRSTMS-30PK","30","Exact Etsy SKU matches inventory SKU; excluded from parent conversion"
"Patriotic  ilicone Bead Bundle","focal-beads","BEAD-BNDL-MRCNFLG-30PK","BEAD-BNDL-MRCNFLG-30PK","30","Exact Etsy SKU matches inventory SKU; excluded from parent conversion"
"Mermaid  ilicone Bead Bundle","focal-beads","BEAD-BNDL-PNK-MERMD","BEAD-BNDL-PNK-MERMD","1","Exact Etsy SKU matches inventory SKU; excluded from parent conversion"
"Pink Terrazzo  ilicone Bead Bundle","mixes-bundles-kits","BEAD-BNDL-PNKTRZZO-30PK","BEAD-BNDL-PNKTRZZO-30PK","30","Exact Etsy SKU matches inventory SKU; excluded from parent conversion"
"Flower  ilicone Bead Bundle","mixes-bundles-kits","BEAD-BNDL-RTROFLWR-30PK","BEAD-BNDL-RTROFLWR-30PK","30","Exact Etsy SKU matches inventory SKU; excluded from parent conversion"
"Mixed Bundle Bead","focal-beads","BEAD-BNDL-WSTRN-30PK","BEAD-BNDL-WSTRN-30PK","30","Exact Etsy SKU matches inventory SKU; excluded from parent conversion"
"Green Chri tma   ilicone Bead Bundle","rhinestone-beads","BEAD-BNDL-XMAS-GRN","BEAD-BNDL-XMAS-GRN","1","Exact Etsy SKU matches inventory SKU; excluded from parent conversion"
"Mixed Bundle Bead","focal-beads","BEAD-BNDL-XMAS-RED","BEAD-BNDL-XMAS-RED","1","Exact Etsy SKU matches inventory SKU; excluded from parent conversion"
"Beadable Bar","beadable-products","BLK-BAR-BLK-1PK","BLK-BAR-BLK-1PK","1","Exact Etsy SKU matches inventory SKU; excluded from parent conversion"
"Beadable Bar","beadable-products","BLK-BAR-BLU-1PK","BLK-BAR-BLU-1PK","1","Exact Etsy SKU matches inventory SKU; excluded from parent conversion"
"Beadable Bar","beadable-products","BLK-BAR-DKPNK-1PK","BLK-BAR-DKPNK-1PK","1","Exact Etsy SKU matches inventory SKU; excluded from parent conversion"
"Beadable Bar","beadable-products","BLK-BAR-HTPNK-1PK","BLK-BAR-HTPNK-1PK","1","Exact Etsy SKU matches inventory SKU; excluded from parent conversion"
"Beadable Bar","beadable-products","BLK-BAR-MTGRN-1PK","BLK-BAR-MTGRN-1PK","1","Exact Etsy SKU matches inventory SKU; excluded from parent conversion"
"Beadable Bar","beadable-products","BLK-BAR-PNK-1PK","BLK-BAR-PNK-1PK","1","Exact Etsy SKU matches inventory SKU; excluded from parent conversion"
"Beadable Bar","beadable-products","BLK-BAR-PUR-1PK","BLK-BAR-PUR-1PK","1","Exact Etsy SKU matches inventory SKU; excluded from parent conversion"
"Beadable Bar","beadable-products","BLK-BAR-RSGLD-1PK","BLK-BAR-RSGLD-1PK","1","Exact Etsy SKU matches inventory SKU; excluded from parent conversion"
"Beadable Bar","beadable-products","BLK-BAR-WHT-1PK","BLK-BAR-WHT-1PK","1","Exact Etsy SKU matches inventory SKU; excluded from parent conversion"
"Beadable Blank","beadable-products","BLK-BDR-KYCHN-BLK-1PK","BLK-BDR-KYCHN-BLK-1PK","1","Exact Etsy SKU matches inventory SKU; excluded from parent conversion"
"Beadable Blank","beadable-products","BLK-BDR-KYCHN-BLU-1PK","BLK-BDR-KYCHN-BLU-1PK","1","Exact Etsy SKU matches inventory SKU; excluded from parent conversion"
"Beadable Blank","beadable-products","BLK-BDR-KYCHN-GRN-1PK","BLK-BDR-KYCHN-GRN-1PK","1","Exact Etsy SKU matches inventory SKU; excluded from parent conversion"
"Beadable Blank","beadable-products","BLK-BDR-KYCHN-GRY-1PK","BLK-BDR-KYCHN-GRY-1PK","1","Exact Etsy SKU matches inventory SKU; excluded from parent conversion"
"Beadable Blank","beadable-products","BLK-BDR-KYCHN-HTPNK-1PK","BLK-BDR-KYCHN-HTPNK-1PK","1","Exact Etsy SKU matches inventory SKU; excluded from parent conversion"
"Beadable Blank","beadable-products","BLK-BDR-KYCHN-LMGRN-1PK","BLK-BDR-KYCHN-LMGRN-1PK","1","Exact Etsy SKU matches inventory SKU; excluded from parent conversion"
"Beadable Blank","beadable-products","BLK-BDR-KYCHN-LTPNK-1PK","BLK-BDR-KYCHN-LTPNK-1PK","1","Exact Etsy SKU matches inventory SKU; excluded from parent conversion"
"Beadable Blank","beadable-products","BLK-BDR-KYCHN-ORG-1PK","BLK-BDR-KYCHN-ORG-1PK","1","Exact Etsy SKU matches inventory SKU; excluded from parent conversion"
"Beadable Blank","beadable-products","BLK-BDR-KYCHN-PNK-1PK","BLK-BDR-KYCHN-PNK-1PK","1","Exact Etsy SKU matches inventory SKU; excluded from parent conversion"
"Beadable Blank","beadable-products","BLK-BDR-KYCHN-PUR-1PK","BLK-BDR-KYCHN-PUR-1PK","1","Exact Etsy SKU matches inventory SKU; excluded from parent conversion"
"Beadable Blank","beadable-products","BLK-BDR-KYCHN-RED-1PK","BLK-BDR-KYCHN-RED-1PK","1","Exact Etsy SKU matches inventory SKU; excluded from parent conversion"
"Beadable Blank","beadable-products","BLK-BDR-KYCHN-WHT-1PK","BLK-BDR-KYCHN-WHT-1PK","1","Exact Etsy SKU matches inventory SKU; excluded from parent conversion"
"Beadable Badge Reel Pen","beadable-products","BLK-BDR-PEN-BLK-1PK","BLK-BDR-PEN-BLK-1PK","1","Exact Etsy SKU matches inventory SKU; excluded from parent conversion"
"Beadable Badge Reel Pen","beadable-products","BLK-BDR-PEN-BLU-1PK","BLK-BDR-PEN-BLU-1PK","1","Exact Etsy SKU matches inventory SKU; excluded from parent conversion"
"Beadable Badge Reel Pen","beadable-products","BLK-BDR-PEN-GRN-1PK","BLK-BDR-PEN-GRN-1PK","1","Exact Etsy SKU matches inventory SKU; excluded from parent conversion"
"Beadable Badge Reel Pen","beadable-products","BLK-BDR-PEN-GRY-1PK","BLK-BDR-PEN-GRY-1PK","1","Exact Etsy SKU matches inventory SKU; excluded from parent conversion"
"Beadable Badge Reel Pen","beadable-products","BLK-BDR-PEN-ORG-1PK","BLK-BDR-PEN-ORG-1PK","1","Exact Etsy SKU matches inventory SKU; excluded from parent conversion"
"Beadable Badge Reel Pen","beadable-products","BLK-BDR-PEN-PNK-1PK","BLK-BDR-PEN-PNK-1PK","1","Exact Etsy SKU matches inventory SKU; excluded from parent conversion"
"Beadable Badge Reel Pen","beadable-products","BLK-BDR-PEN-PUR-1PK","BLK-BDR-PEN-PUR-1PK","1","Exact Etsy SKU matches inventory SKU; excluded from parent conversion"
"Beadable Badge Reel Pen","beadable-products","BLK-BDR-PEN-RED-1PK","BLK-BDR-PEN-RED-1PK","1","Exact Etsy SKU matches inventory SKU; excluded from parent conversion"
"Beadable Badge Reel Pen","beadable-products","BLK-BDR-PEN-WHT-1PK","BLK-BDR-PEN-WHT-1PK","1","Exact Etsy SKU matches inventory SKU; excluded from parent conversion"
"Badge Reel","beadable-products","BLK-BDRL-360-BLK-1PK","BLK-BDRL-360-BLK-1PK","1","Exact Etsy SKU matches inventory SKU; excluded from parent conversion"
"Badge Reel","beadable-products","BLK-BDRL-360-DKBLU-1PK","BLK-BDRL-360-DKBLU-1PK","1","Exact Etsy SKU matches inventory SKU; excluded from parent conversion"
"Badge Reel","beadable-products","BLK-BDRL-360-HTPNK-1PK","BLK-BDRL-360-HTPNK-1PK","1","Exact Etsy SKU matches inventory SKU; excluded from parent conversion"
"Badge Reel","beadable-products","BLK-BDRL-360-LTBLU-1PK","BLK-BDRL-360-LTBLU-1PK","1","Exact Etsy SKU matches inventory SKU; excluded from parent conversion"
"Badge Reel","beadable-products","BLK-BDRL-360-MNTGRN-1PK","BLK-BDRL-360-MNTGRN-1PK","1","Exact Etsy SKU matches inventory SKU; excluded from parent conversion"
"Badge Reel","beadable-products","BLK-BDRL-360-PNK-1PK","BLK-BDRL-360-PNK-1PK","1","Exact Etsy SKU matches inventory SKU; excluded from parent conversion"
"Badge Reel","beadable-products","BLK-BDRL-360-PUR-1PK","BLK-BDRL-360-PUR-1PK","1","Exact Etsy SKU matches inventory SKU; excluded from parent conversion"
"Badge Reel","beadable-products","BLK-BDRL-360-TEA-1PK","BLK-BDRL-360-TEA-1PK","1","Exact Etsy SKU matches inventory SKU; excluded from parent conversion"
"Badge Reel","beadable-products","BLK-BDRL-360-WHT-1PK","BLK-BDRL-360-WHT-1PK","1","Exact Etsy SKU matches inventory SKU; excluded from parent conversion"
"Badge Reel","beadable-products","BLK-BDRL-CLIP-BLK-1PK","BLK-BDRL-CLIP-BLK-1PK","1","Exact Etsy SKU matches inventory SKU; excluded from parent conversion"
"Badge Reel","beadable-products","BLK-BDRL-CLIP-BLU-1PK","BLK-BDRL-CLIP-BLU-1PK","1","Exact Etsy SKU matches inventory SKU; excluded from parent conversion"
"Badge Reel","beadable-products","BLK-BDRL-CLIP-DKTEAL-1PK","BLK-BDRL-CLIP-DKTEAL-1PK","1","Exact Etsy SKU matches inventory SKU; excluded from parent conversion"
"Badge Reel","beadable-products","BLK-BDRL-CLIP-GRY-1PK","BLK-BDRL-CLIP-GRY-1PK","1","Exact Etsy SKU matches inventory SKU; excluded from parent conversion"
"Badge Reel","beadable-products","BLK-BDRL-CLIP-LTPNK-1PK","BLK-BDRL-CLIP-LTPNK-1PK","1","Exact Etsy SKU matches inventory SKU; excluded from parent conversion"
"Badge Reel","beadable-products","BLK-BDRL-CLIP-LTPUR-1PK","BLK-BDRL-CLIP-LTPUR-1PK","1","Exact Etsy SKU matches inventory SKU; excluded from parent conversion"
"Badge Reel","beadable-products","BLK-BDRL-CLIP-LTRED-1PK","BLK-BDRL-CLIP-LTRED-1PK","1","Exact Etsy SKU matches inventory SKU; excluded from parent conversion"
"Badge Reel","beadable-products","BLK-BDRL-CLIP-LTYEL-1PK","BLK-BDRL-CLIP-LTYEL-1PK","1","Exact Etsy SKU matches inventory SKU; excluded from parent conversion"
"Badge Reel","beadable-products","BLK-BDRL-CLIP-PNK-1PK","BLK-BDRL-CLIP-PNK-1PK","1","Exact Etsy SKU matches inventory SKU; excluded from parent conversion"
"Badge Reel","beadable-products","BLK-BDRL-CLIP-PUR-1PK","BLK-BDRL-CLIP-PUR-1PK","1","Exact Etsy SKU matches inventory SKU; excluded from parent conversion"
"Badge Reel","beadable-products","BLK-BDRL-CLIP-RED-1PK","BLK-BDRL-CLIP-RED-1PK","1","Exact Etsy SKU matches inventory SKU; excluded from parent conversion"
"Badge Reel","beadable-products","BLK-BDRL-CLIP-WHT-1PK","BLK-BDRL-CLIP-WHT-1PK","1","Exact Etsy SKU matches inventory SKU; excluded from parent conversion"
"Badge Reel","beadable-products","BLK-BDRL-CLIP-YEL-1PK","BLK-BDRL-CLIP-YEL-1PK","1","Exact Etsy SKU matches inventory SKU; excluded from parent conversion"
"Beadable Bookmark","beadable-products","BLK-BKMRK-BLK-1PK","BLK-BKMRK-BLK-1PK","1","Exact Etsy SKU matches inventory SKU; excluded from parent conversion"
"Beadable Bookmark","beadable-products","BLK-BKMRK-BLU-1PK","BLK-BKMRK-BLU-1PK","1","Exact Etsy SKU matches inventory SKU; excluded from parent conversion"
"Beadable Bookmark","beadable-products","BLK-BKMRK-GLD-1PK","BLK-BKMRK-GLD-1PK","1","Exact Etsy SKU matches inventory SKU; excluded from parent conversion"
"Beadable Bookmark","beadable-products","BLK-BKMRK-PNK-1PK","BLK-BKMRK-PNK-1PK","1","Exact Etsy SKU matches inventory SKU; excluded from parent conversion"
"Beadable Bookmark","beadable-products","BLK-BKMRK-PUR-1PK","BLK-BKMRK-PUR-1PK","1","Exact Etsy SKU matches inventory SKU; excluded from parent conversion"
"Beadable Bookmark","beadable-products","BLK-BKMRK-RED-1PK","BLK-BKMRK-RED-1PK","1","Exact Etsy SKU matches inventory SKU; excluded from parent conversion"
"Beadable Bookmark","beadable-products","BLK-BKMRK-RSGLD-1PK","BLK-BKMRK-RSGLD-1PK","1","Exact Etsy SKU matches inventory SKU; excluded from parent conversion"
"Beadable Bookmark","beadable-products","BLK-BKMRK-SLV-1PK","BLK-BKMRK-SLV-1PK","1","Exact Etsy SKU matches inventory SKU; excluded from parent conversion"
"Beadable Bookmark","beadable-products","BLK-BKMRK-WHT-1PK","BLK-BKMRK-WHT-1PK","1","Exact Etsy SKU matches inventory SKU; excluded from parent conversion"
"Bottle Opener","beadable-products","BLK-BOTTLE-1PK","BLK-BOTTLE-1PK","1","Exact Etsy SKU matches inventory SKU; excluded from parent conversion"
"Box Cutter","beadable-products","BLK-BXCTTR-BLK-1PK","BLK-BXCTTR-BLK-1PK","1","Exact Etsy SKU matches inventory SKU; excluded from parent conversion"
"Box Cutter","beadable-products","BLK-BXCTTR-GREY-1PK","BLK-BXCTTR-GREY-1PK","1","Exact Etsy SKU matches inventory SKU; excluded from parent conversion"
"Box Cutter","beadable-products","BLK-BXCTTR-PNK-1PK","BLK-BXCTTR-PNK-1PK","1","Exact Etsy SKU matches inventory SKU; excluded from parent conversion"
"Box Cutter","beadable-products","BLK-BXCTTR-PUR-1PK","BLK-BXCTTR-PUR-1PK","1","Exact Etsy SKU matches inventory SKU; excluded from parent conversion"
"Box Cutter","beadable-products","BLK-BXCTTR-TEAL-1PK","BLK-BXCTTR-TEAL-1PK","1","Exact Etsy SKU matches inventory SKU; excluded from parent conversion"
"Box Cutter","beadable-products","BLK-BXCTTR-WHT-1PK","BLK-BXCTTR-WHT-1PK","1","Exact Etsy SKU matches inventory SKU; excluded from parent conversion"
"Carabiner","beadable-products","BLK-CRBNR-BLK-1PK","BLK-CRBNR-BLK-1PK","1","Exact Etsy SKU matches inventory SKU; excluded from parent conversion"
"Carabiner","beadable-products","BLK-CRBNR-BLU-1PK","BLK-CRBNR-BLU-1PK","1","Exact Etsy SKU matches inventory SKU; excluded from parent conversion"
"Carabiner","beadable-products","BLK-CRBNR-GRN-1PK","BLK-CRBNR-GRN-1PK","1","Exact Etsy SKU matches inventory SKU; excluded from parent conversion"
"Carabiner","beadable-products","BLK-CRBNR-MIX-1PK","BLK-CRBNR-MIX-1PK","1","Exact Etsy SKU matches inventory SKU; excluded from parent conversion"
"Carabiner","beadable-products","BLK-CRBNR-RED-1PK","BLK-CRBNR-RED-1PK","1","Exact Etsy SKU matches inventory SKU; excluded from parent conversion"
"Carabiner","beadable-products","BLK-CRBNR-SLV-1PK","BLK-CRBNR-SLV-1PK","1","Exact Etsy SKU matches inventory SKU; excluded from parent conversion"
"Beadable Crochet Hook","beadable-products","BLK-CRCHTHK-4MM-BLU","BLK-CRCHTHK-4MM-BLU","1","Exact Etsy SKU matches inventory SKU; excluded from parent conversion"
"Beadable Crochet Hook","beadable-products","BLK-CRCHTHK-4MM-LTBLU","BLK-CRCHTHK-4MM-LTBLU","1","Exact Etsy SKU matches inventory SKU; excluded from parent conversion"
"Beadable Crochet Hook","beadable-products","BLK-CRCHTHK-4MM-ORG","BLK-CRCHTHK-4MM-ORG","1","Exact Etsy SKU matches inventory SKU; excluded from parent conversion"
"Beadable Crochet Hook","beadable-products","BLK-CRCHTHK-4MM-PNK","BLK-CRCHTHK-4MM-PNK","1","Exact Etsy SKU matches inventory SKU; excluded from parent conversion"
"Beadable Crochet Hook","beadable-products","BLK-CRCHTHK-4MM-PUR","BLK-CRCHTHK-4MM-PUR","1","Exact Etsy SKU matches inventory SKU; excluded from parent conversion"
"Beadable Crochet Hook","beadable-products","BLK-CRCHTHK-4MM-RED","BLK-CRCHTHK-4MM-RED","1","Exact Etsy SKU matches inventory SKU; excluded from parent conversion"
"Beadable Crochet Hook","beadable-products","BLK-CRCHTHK-5MM-BLU","BLK-CRCHTHK-5MM-BLU","1","Exact Etsy SKU matches inventory SKU; excluded from parent conversion"
"Beadable Crochet Hook","beadable-products","BLK-CRCHTHK-5MM-LTBLU","BLK-CRCHTHK-5MM-LTBLU","1","Exact Etsy SKU matches inventory SKU; excluded from parent conversion"
"Beadable Crochet Hook","beadable-products","BLK-CRCHTHK-5MM-ORG","BLK-CRCHTHK-5MM-ORG","1","Exact Etsy SKU matches inventory SKU; excluded from parent conversion"
"Beadable Crochet Hook","beadable-products","BLK-CRCHTHK-5MM-PNK","BLK-CRCHTHK-5MM-PNK","1","Exact Etsy SKU matches inventory SKU; excluded from parent conversion"
"Beadable Crochet Hook","beadable-products","BLK-CRCHTHK-5MM-PUR","BLK-CRCHTHK-5MM-PUR","1","Exact Etsy SKU matches inventory SKU; excluded from parent conversion"
"Beadable Crochet Hook","beadable-products","BLK-CRCHTHK-5MM-RED","BLK-CRCHTHK-5MM-RED","1","Exact Etsy SKU matches inventory SKU; excluded from parent conversion"
"Beadable Dog Poop Bag Holder","beadable-products","BLK-DGHLDR-BLK-1PK","BLK-DGHLDR-BLK-1PK","1","Exact Etsy SKU matches inventory SKU; excluded from parent conversion"
"Beadable Dog Poop Bag Holder","beadable-products","BLK-DGHLDR-BLU-1PK","BLK-DGHLDR-BLU-1PK","1","Exact Etsy SKU matches inventory SKU; excluded from parent conversion"
"Beadable Dog Poop Bag Holder","beadable-products","BLK-DGHLDR-GRN-1PK","BLK-DGHLDR-GRN-1PK","1","Exact Etsy SKU matches inventory SKU; excluded from parent conversion"
"Beadable Dog Poop Bag Holder","beadable-products","BLK-DGHLDR-MIX-6PK","BLK-DGHLDR-MIX-6PK","6","Exact Etsy SKU matches inventory SKU; excluded from parent conversion"
"Beadable Dog Poop Bag Holder","beadable-products","BLK-DGHLDR-PNK-1PK","BLK-DGHLDR-PNK-1PK","1","Exact Etsy SKU matches inventory SKU; excluded from parent conversion"
"Beadable Dog Poop Bag Holder","beadable-products","BLK-DGHLDR-RED-1PK","BLK-DGHLDR-RED-1PK","1","Exact Etsy SKU matches inventory SKU; excluded from parent conversion"
"Beadable Dog Poop Bag Holder","beadable-products","BLK-DGHLDR-WHT-1PK","BLK-DGHLDR-WHT-1PK","1","Exact Etsy SKU matches inventory SKU; excluded from parent conversion"
"Dog Paw Keychain Bar","beadable-products","BLK-DOGPAW-BLK-1PK","BLK-DOGPAW-BLK-1PK","1","Exact Etsy SKU matches inventory SKU; excluded from parent conversion"
"Dog Paw Keychain Bar","beadable-products","BLK-DOGPAW-DKBLU-1PK","BLK-DOGPAW-DKBLU-1PK","1","Exact Etsy SKU matches inventory SKU; excluded from parent conversion"
"Dog Paw Keychain Bar","beadable-products","BLK-DOGPAW-DKORG-1PK","BLK-DOGPAW-DKORG-1PK","1","Exact Etsy SKU matches inventory SKU; excluded from parent conversion"
"Dog Paw Keychain Bar","beadable-products","BLK-DOGPAW-DKPNK-1PK","BLK-DOGPAW-DKPNK-1PK","1","Exact Etsy SKU matches inventory SKU; excluded from parent conversion"
"Dog Paw Keychain Bar","beadable-products","BLK-DOGPAW-DKPUR-1PK","BLK-DOGPAW-DKPUR-1PK","1","Exact Etsy SKU matches inventory SKU; excluded from parent conversion"
"Dog Paw Keychain Bar","beadable-products","BLK-DOGPAW-GLD-1PK","BLK-DOGPAW-GLD-1PK","1","Exact Etsy SKU matches inventory SKU; excluded from parent conversion"
"Dog Paw Keychain Bar","beadable-products","BLK-DOGPAW-GRN-1PK","BLK-DOGPAW-GRN-1PK","1","Exact Etsy SKU matches inventory SKU; excluded from parent conversion"
"Dog Paw Keychain Bar","beadable-products","BLK-DOGPAW-LTBLU-1PK","BLK-DOGPAW-LTBLU-1PK","1","Exact Etsy SKU matches inventory SKU; excluded from parent conversion"
"Dog Paw Keychain Bar","beadable-products","BLK-DOGPAW-LTORG-1PK","BLK-DOGPAW-LTORG-1PK","1","Exact Etsy SKU matches inventory SKU; excluded from parent conversion"
"Dog Paw Keychain Bar","beadable-products","BLK-DOGPAW-LTPNK-1PK","BLK-DOGPAW-LTPNK-1PK","1","Exact Etsy SKU matches inventory SKU; excluded from parent conversion"
"Dog Paw Keychain Bar","beadable-products","BLK-DOGPAW-LTPUR-1PK","BLK-DOGPAW-LTPUR-1PK","1","Exact Etsy SKU matches inventory SKU; excluded from parent conversion"
"Dog Paw Keychain Bar","beadable-products","BLK-DOGPAW-MIX-13PK","BLK-DOGPAW-MIX-13PK","13","Exact Etsy SKU matches inventory SKU; excluded from parent conversion"
"Dog Paw Keychain Bar","beadable-products","BLK-DOGPAW-RED-1PK","BLK-DOGPAW-RED-1PK","1","Exact Etsy SKU matches inventory SKU; excluded from parent conversion"
"Dog Paw Keychain Bar","beadable-products","BLK-DOGPAW-SLV-1PK","BLK-DOGPAW-SLV-1PK","1","Exact Etsy SKU matches inventory SKU; excluded from parent conversion"
"Beadable Earring","beadable-products","BLK-EAR-BLK-1PK","BLK-EAR-BLK-1PK","1","Exact Etsy SKU matches inventory SKU; excluded from parent conversion"
"Beadable Earring","beadable-products","BLK-EAR-BLT-GLD-1PK","BLK-EAR-BLT-GLD-1PK","1","Exact Etsy SKU matches inventory SKU; excluded from parent conversion"
"Beadable Earring","beadable-products","BLK-EAR-BLT-GRY-1PK","BLK-EAR-BLT-GRY-1PK","1","Exact Etsy SKU matches inventory SKU; excluded from parent conversion"
"Beadable Earring","beadable-products","BLK-EAR-BLT-RGLD-1PK","BLK-EAR-BLT-RGLD-1PK","1","Exact Etsy SKU matches inventory SKU; excluded from parent conversion"
"Beadable Earring","beadable-products","BLK-EAR-BLT-SLV-1PK","BLK-EAR-BLT-SLV-1PK","1","Exact Etsy SKU matches inventory SKU; excluded from parent conversion"
"Beadable Earring","beadable-products","BLK-EAR-DKPNK-1PK","BLK-EAR-DKPNK-1PK","1","Exact Etsy SKU matches inventory SKU; excluded from parent conversion"
"Beadable Earring","beadable-products","BLK-EAR-PNK-1PK","BLK-EAR-PNK-1PK","1","Exact Etsy SKU matches inventory SKU; excluded from parent conversion"
"Beadable Earring","beadable-products","BLK-EAR-RGLD-1PK","BLK-EAR-RGLD-1PK","1","Exact Etsy SKU matches inventory SKU; excluded from parent conversion"
"Beadable Earring","beadable-products","BLK-EAR-SLV-1PK","BLK-EAR-SLV-1PK","1","Exact Etsy SKU matches inventory SKU; excluded from parent conversion"
"Beadable Earring","beadable-products","BLK-EAR-WHT-1PK","BLK-EAR-WHT-1PK","1","Exact Etsy SKU matches inventory SKU; excluded from parent conversion"
"Beadable Bar","beadable-products","BLK-KCBLLT-BLK-1PK","BLK-KCBLLT-BLK-1PK","1","Exact Etsy SKU matches inventory SKU; excluded from parent conversion"
"Beadable Bar","beadable-products","BLK-KCBLLT-GLD-1PK","BLK-KCBLLT-GLD-1PK","1","Exact Etsy SKU matches inventory SKU; excluded from parent conversion"
"Beadable Bar","beadable-products","BLK-KCBLLT-GRY-1PK","BLK-KCBLLT-GRY-1PK","1","Exact Etsy SKU matches inventory SKU; excluded from parent conversion"
"Beadable Bar","beadable-products","BLK-KCBLLT-RSGLD-1PK","BLK-KCBLLT-RSGLD-1PK","1","Exact Etsy SKU matches inventory SKU; excluded from parent conversion"
"Beadable Bar","beadable-products","BLK-KCBLLT-SIL-1PK","BLK-KCBLLT-SIL-1PK","1","Exact Etsy SKU matches inventory SKU; excluded from parent conversion"
"Beadable Bar Keychain","beadable-products","BLK-KEY-CLR-BLU-1PK","BLK-KEY-CLR-BLU-1PK","1","Exact Etsy SKU matches inventory SKU; excluded from parent conversion"
"Beadable Bar Keychain","beadable-products","BLK-KEY-CLR-DKPNK-1PK","BLK-KEY-CLR-DKPNK-1PK","1","Exact Etsy SKU matches inventory SKU; excluded from parent conversion"
"Beadable Bar Keychain","beadable-products","BLK-KEY-CLR-LTPNK-1PK","BLK-KEY-CLR-LTPNK-1PK","1","Exact Etsy SKU matches inventory SKU; excluded from parent conversion"
"Beadable Bar Keychain","beadable-products","BLK-KEY-CLR-MIX-9PK","BLK-KEY-CLR-MIX-9PK","9","Exact Etsy SKU matches inventory SKU; excluded from parent conversion"
"Beadable Bar Keychain","beadable-products","BLK-KEY-CLR-MNTGRN-1PK","BLK-KEY-CLR-MNTGRN-1PK","1","Exact Etsy SKU matches inventory SKU; excluded from parent conversion"
"Beadable Bar Keychain","beadable-products","BLK-KEY-CLR-ORG-1PK","BLK-KEY-CLR-ORG-1PK","1","Exact Etsy SKU matches inventory SKU; excluded from parent conversion"
"Beadable Bar Keychain","beadable-products","BLK-KEY-CLR-PUR-1PK","BLK-KEY-CLR-PUR-1PK","1","Exact Etsy SKU matches inventory SKU; excluded from parent conversion"
"Beadable Bar Keychain","beadable-products","BLK-KEY-CLR-RED-1PK","BLK-KEY-CLR-RED-1PK","1","Exact Etsy SKU matches inventory SKU; excluded from parent conversion"
"Beadable Bar Keychain","beadable-products","BLK-KEY-CLR-WHT-1PK","BLK-KEY-CLR-WHT-1PK","1","Exact Etsy SKU matches inventory SKU; excluded from parent conversion"
"Beadable Bar Keychain","beadable-products","BLK-KEY-CLR-YEL-1PK","BLK-KEY-CLR-YEL-1PK","1","Exact Etsy SKU matches inventory SKU; excluded from parent conversion"
"Beadable Bar","beadable-products","BLK-KEY-MAT-BLK-1PK","BLK-KEY-MAT-BLK-1PK","1","Exact Etsy SKU matches inventory SKU; excluded from parent conversion"
"Beadable Bar","beadable-products","BLK-KEY-MAT-CHGY-1PK","BLK-KEY-MAT-CHGY-1PK","1","Exact Etsy SKU matches inventory SKU; excluded from parent conversion"
"Beadable Bar","beadable-products","BLK-KEY-MAT-GLD-1PK","BLK-KEY-MAT-GLD-1PK","1","Exact Etsy SKU matches inventory SKU; excluded from parent conversion"
"Beadable Bar","beadable-products","BLK-KEY-MAT-RGLD-1PK","BLK-KEY-MAT-RGLD-1PK","1","Exact Etsy SKU matches inventory SKU; excluded from parent conversion"
"Beadable Bar","beadable-products","BLK-KEY-MAT-SLV-1PK","BLK-KEY-MAT-SLV-1PK","1","Exact Etsy SKU matches inventory SKU; excluded from parent conversion"
"Beadable Keychain","beadable-products","BLK-KEY-REG-BLK-1PK","BLK-KEY-REG-BLK-1PK","1","Exact Etsy SKU matches inventory SKU; excluded from parent conversion"
"Beadable Keychain","beadable-products","BLK-KEY-REG-GLD-1PK","BLK-KEY-REG-GLD-1PK","1","Exact Etsy SKU matches inventory SKU; excluded from parent conversion"
"Beadable Keychain","beadable-products","BLK-KEY-REG-HOLO-1PK","BLK-KEY-REG-HOLO-1PK","1","Exact Etsy SKU matches inventory SKU; excluded from parent conversion"
"Beadable Keychain","beadable-products","BLK-KEY-REG-RSGLD-1PK","BLK-KEY-REG-RSGLD-1PK","1","Exact Etsy SKU matches inventory SKU; excluded from parent conversion"
"Beadable Keychain","beadable-products","BLK-KEY-REG-SLV-1PK","BLK-KEY-REG-SLV-1PK","1","Exact Etsy SKU matches inventory SKU; excluded from parent conversion"
"Full  et of Beadable Keychain","beadable-products","BLK-KYCHN-FLLST-4PK","BLK-KYCHN-FLLST-4PK","4","Exact Etsy SKU matches inventory SKU; excluded from parent conversion"
"Beadable Keychain Blank","beadable-products","BLK-KYCHN-STAR-BLK-1PK","BLK-KYCHN-STAR-BLK-1PK","1","Exact Etsy SKU matches inventory SKU; excluded from parent conversion"
"Beadable Keychain Blank","beadable-products","BLK-KYCHN-STAR-BRGHTORG-1PK","BLK-KYCHN-STAR-BRGHTORG-1PK","1","Exact Etsy SKU matches inventory SKU; excluded from parent conversion"
"Beadable Keychain Blank","beadable-products","BLK-KYCHN-STAR-DKBLU-1PK","BLK-KYCHN-STAR-DKBLU-1PK","1","Exact Etsy SKU matches inventory SKU; excluded from parent conversion"
"Beadable Keychain Blank","beadable-products","BLK-KYCHN-STAR-DKPNK-1PK","BLK-KYCHN-STAR-DKPNK-1PK","1","Exact Etsy SKU matches inventory SKU; excluded from parent conversion"
"Beadable Keychain Blank","beadable-products","BLK-KYCHN-STAR-DKPUR-1PK","BLK-KYCHN-STAR-DKPUR-1PK","1","Exact Etsy SKU matches inventory SKU; excluded from parent conversion"
"Beadable Keychain Blank","beadable-products","BLK-KYCHN-STAR-GLD-1PK","BLK-KYCHN-STAR-GLD-1PK","1","Exact Etsy SKU matches inventory SKU; excluded from parent conversion"
"Beadable Keychain Blank","beadable-products","BLK-KYCHN-STAR-GNMTLBLK-1PK","BLK-KYCHN-STAR-GNMTLBLK-1PK","1","Exact Etsy SKU matches inventory SKU; excluded from parent conversion"
"Beadable Keychain Blank","beadable-products","BLK-KYCHN-STAR-GRN-1PK","BLK-KYCHN-STAR-GRN-1PK","1","Exact Etsy SKU matches inventory SKU; excluded from parent conversion"
"Beadable Keychain Blank","beadable-products","BLK-KYCHN-STAR-LTBLU-1PK","BLK-KYCHN-STAR-LTBLU-1PK","1","Exact Etsy SKU matches inventory SKU; excluded from parent conversion"
"Beadable Keychain Blank","beadable-products","BLK-KYCHN-STAR-LTPNK-1PK","BLK-KYCHN-STAR-LTPNK-1PK","1","Exact Etsy SKU matches inventory SKU; excluded from parent conversion"
"Beadable Keychain Blank","beadable-products","BLK-KYCHN-STAR-LTPUR-1PK","BLK-KYCHN-STAR-LTPUR-1PK","1","Exact Etsy SKU matches inventory SKU; excluded from parent conversion"
"Beadable Keychain Blank","beadable-products","BLK-KYCHN-STAR-MIX-17PK","BLK-KYCHN-STAR-MIX-17PK","17","Exact Etsy SKU matches inventory SKU; excluded from parent conversion"
"Beadable Keychain Blank","beadable-products","BLK-KYCHN-STAR-MNTGRN-1PK","BLK-KYCHN-STAR-MNTGRN-1PK","1","Exact Etsy SKU matches inventory SKU; excluded from parent conversion"
"Beadable Keychain Blank","beadable-products","BLK-KYCHN-STAR-RED-1PK","BLK-KYCHN-STAR-RED-1PK","1","Exact Etsy SKU matches inventory SKU; excluded from parent conversion"
"Beadable Keychain Blank","beadable-products","BLK-KYCHN-STAR-RSGLD-1PK","BLK-KYCHN-STAR-RSGLD-1PK","1","Exact Etsy SKU matches inventory SKU; excluded from parent conversion"
"Beadable Keychain Blank","beadable-products","BLK-KYCHN-STAR-SLV-1PK","BLK-KYCHN-STAR-SLV-1PK","1","Exact Etsy SKU matches inventory SKU; excluded from parent conversion"
"Beadable Keychain Blank","beadable-products","BLK-KYCHN-STAR-WHT-1PK","BLK-KYCHN-STAR-WHT-1PK","1","Exact Etsy SKU matches inventory SKU; excluded from parent conversion"
"Beadable Keychain Blank","beadable-products","BLK-KYCHN-STAR-YEL-1PK","BLK-KYCHN-STAR-YEL-1PK","1","Exact Etsy SKU matches inventory SKU; excluded from parent conversion"
"Pla tic Comb","beadable-products","BLK-LNGCMB-BLK-1PK","BLK-LNGCMB-BLK-1PK","1","Exact Etsy SKU matches inventory SKU; excluded from parent conversion"
"Pla tic Comb","beadable-products","BLK-LNGCMB-BLU-1PK","BLK-LNGCMB-BLU-1PK","1","Exact Etsy SKU matches inventory SKU; excluded from parent conversion"
"Pla tic Comb","beadable-products","BLK-LNGCMB-GRN-1PK","BLK-LNGCMB-GRN-1PK","1","Exact Etsy SKU matches inventory SKU; excluded from parent conversion"
"Pla tic Comb","beadable-products","BLK-LNGCMB-GRY-1PK","BLK-LNGCMB-GRY-1PK","1","Exact Etsy SKU matches inventory SKU; excluded from parent conversion"
"Pla tic Comb","beadable-products","BLK-LNGCMB-LTBLU-1PK","BLK-LNGCMB-LTBLU-1PK","1","Exact Etsy SKU matches inventory SKU; excluded from parent conversion"
"Pla tic Comb","beadable-products","BLK-LNGCMB-LTPNK-1PK","BLK-LNGCMB-LTPNK-1PK","1","Exact Etsy SKU matches inventory SKU; excluded from parent conversion"
"Pla tic Comb","beadable-products","BLK-LNGCMB-LTPUR-1PK","BLK-LNGCMB-LTPUR-1PK","1","Exact Etsy SKU matches inventory SKU; excluded from parent conversion"
"Pla tic Comb","beadable-products","BLK-LNGCMB-PNK-1PK","BLK-LNGCMB-PNK-1PK","1","Exact Etsy SKU matches inventory SKU; excluded from parent conversion"
"Pla tic Comb","beadable-products","BLK-LNGCMB-PUR-1PK","BLK-LNGCMB-PUR-1PK","1","Exact Etsy SKU matches inventory SKU; excluded from parent conversion"
"Pla tic Comb","beadable-products","BLK-LNGCMB-WHT-1PK","BLK-LNGCMB-WHT-1PK","1","Exact Etsy SKU matches inventory SKU; excluded from parent conversion"
"Pla tic Comb","beadable-products","BLK-LNGCMB-YEL-1PK","BLK-LNGCMB-YEL-1PK","1","Exact Etsy SKU matches inventory SKU; excluded from parent conversion"
"Beadable Mirror","beadable-products","BLK-MIR-CIRCLE-BLK-1PK","BLK-MIR-CIRCLE-BLK-1PK","1","Exact Etsy SKU matches inventory SKU; excluded from parent conversion"
"Beadable Mirror","beadable-products","BLK-MIR-CIRCLE-BLU-1PK","BLK-MIR-CIRCLE-BLU-1PK","1","Exact Etsy SKU matches inventory SKU; excluded from parent conversion"
"Beadable Mirror","beadable-products","BLK-MIR-CIRCLE-PNK-1PK","BLK-MIR-CIRCLE-PNK-1PK","1","Exact Etsy SKU matches inventory SKU; excluded from parent conversion"
"Beadable Mirror","beadable-products","BLK-MIR-CIRCLE-RED-1PK","BLK-MIR-CIRCLE-RED-1PK","1","Exact Etsy SKU matches inventory SKU; excluded from parent conversion"
"Beadable Mirror","beadable-products","BLK-MIR-CIRCLE-TEAL-1PK","BLK-MIR-CIRCLE-TEAL-1PK","1","Exact Etsy SKU matches inventory SKU; excluded from parent conversion"
"Beadable Mirror","beadable-products","BLK-MIR-CIRCLE-WHT-1PK","BLK-MIR-CIRCLE-WHT-1PK","1","Exact Etsy SKU matches inventory SKU; excluded from parent conversion"
"Beadable Mirror","beadable-products","BLK-MIR-HRT-BLK-1PK","BLK-MIR-HRT-BLK-1PK","1","Exact Etsy SKU matches inventory SKU; excluded from parent conversion"
"Beadable Mirror","beadable-products","BLK-MIR-HRT-BLU-1PK","BLK-MIR-HRT-BLU-1PK","1","Exact Etsy SKU matches inventory SKU; excluded from parent conversion"
"Beadable Mirror","beadable-products","BLK-MIR-HRT-DKPNK-1PK","BLK-MIR-HRT-DKPNK-1PK","1","Exact Etsy SKU matches inventory SKU; excluded from parent conversion"
"Beadable Mirror","beadable-products","BLK-MIR-HRT-LTPNK-1PK","BLK-MIR-HRT-LTPNK-1PK","1","Exact Etsy SKU matches inventory SKU; excluded from parent conversion"
"Beadable Mirror","beadable-products","BLK-MIR-HRT-PCH-1PK","BLK-MIR-HRT-PCH-1PK","1","Exact Etsy SKU matches inventory SKU; excluded from parent conversion"
"Beadable Mirror","beadable-products","BLK-MIR-HRT-PUR-1PK","BLK-MIR-HRT-PUR-1PK","1","Exact Etsy SKU matches inventory SKU; excluded from parent conversion"
"Beadable Mirror","beadable-products","BLK-MIR-HRT-RED-1PK","BLK-MIR-HRT-RED-1PK","1","Exact Etsy SKU matches inventory SKU; excluded from parent conversion"
"Beadable Mirror","beadable-products","BLK-MIR-HRT-TEAL-1PK","BLK-MIR-HRT-TEAL-1PK","1","Exact Etsy SKU matches inventory SKU; excluded from parent conversion"
"Beadable Mirror","beadable-products","BLK-MIR-HRT-WHT-1PK","BLK-MIR-HRT-WHT-1PK","1","Exact Etsy SKU matches inventory SKU; excluded from parent conversion"
"Beadable Mirror","beadable-products","BLK-MIR-HRT-YEL-1PK","BLK-MIR-HRT-YEL-1PK","1","Exact Etsy SKU matches inventory SKU; excluded from parent conversion"
"Beadable Cup  traw Attachment","beadable-products","BLK-MKC-MINI-BLK-1PK","BLK-MKC-MINI-BLK-1PK","1","Exact Etsy SKU matches inventory SKU; excluded from parent conversion"
"Beadable Cup  traw Attachment","beadable-products","BLK-MKC-MINI-BLU-1PK","BLK-MKC-MINI-BLU-1PK","1","Exact Etsy SKU matches inventory SKU; excluded from parent conversion"
"Beadable Cup  traw Attachment","beadable-products","BLK-MKC-MINI-GRN-1PK","BLK-MKC-MINI-GRN-1PK","1","Exact Etsy SKU matches inventory SKU; excluded from parent conversion"
"Beadable Cup  traw Attachment","beadable-products","BLK-MKC-MINI-GRY-1PK","BLK-MKC-MINI-GRY-1PK","1","Exact Etsy SKU matches inventory SKU; excluded from parent conversion"
"Beadable Cup  traw Attachment","beadable-products","BLK-MKC-MINI-MIX-1PK","BLK-MKC-MINI-MIX-1PK","1","Exact Etsy SKU matches inventory SKU; excluded from parent conversion"
"Beadable Cup  traw Attachment","beadable-products","BLK-MKC-MINI-MNT-1PK","BLK-MKC-MINI-MNT-1PK","1","Exact Etsy SKU matches inventory SKU; excluded from parent conversion"
"Beadable Cup  traw Attachment","beadable-products","BLK-MKC-MINI-ORG-1PK","BLK-MKC-MINI-ORG-1PK","1","Exact Etsy SKU matches inventory SKU; excluded from parent conversion"
"Beadable Cup  traw Attachment","beadable-products","BLK-MKC-MINI-PNK-1PK","BLK-MKC-MINI-PNK-1PK","1","Exact Etsy SKU matches inventory SKU; excluded from parent conversion"
"Beadable Cup  traw Attachment","beadable-products","BLK-MKC-MINI-PSTLYEL-1PK","BLK-MKC-MINI-PSTLYEL-1PK","1","Exact Etsy SKU matches inventory SKU; excluded from parent conversion"
"Beadable Cup  traw Attachment","beadable-products","BLK-MKC-MINI-PUR-1PK","BLK-MKC-MINI-PUR-1PK","1","Exact Etsy SKU matches inventory SKU; excluded from parent conversion"
"Beadable Cup  traw Attachment","beadable-products","BLK-MKC-MINI-RED-1PK","BLK-MKC-MINI-RED-1PK","1","Exact Etsy SKU matches inventory SKU; excluded from parent conversion"
"Beadable Cup  traw Attachment","beadable-products","BLK-MKC-MINI-RSGLD-1PK","BLK-MKC-MINI-RSGLD-1PK","1","Exact Etsy SKU matches inventory SKU; excluded from parent conversion"
"Beadable Cup  traw Attachment","beadable-products","BLK-MKC-MINI-SLV-1PK","BLK-MKC-MINI-SLV-1PK","1","Exact Etsy SKU matches inventory SKU; excluded from parent conversion"
"Beadable Cup  traw Attachment","beadable-products","BLK-MKC-MINI-WHT-1PK","BLK-MKC-MINI-WHT-1PK","1","Exact Etsy SKU matches inventory SKU; excluded from parent conversion"
"Beadable Cup  traw Attachment","beadable-products","BLK-MKC-MINI-YEL-1PK","BLK-MKC-MINI-YEL-1PK","1","Exact Etsy SKU matches inventory SKU; excluded from parent conversion"
"Makeup Bru he","beadable-products","BLK-MKPBRSHS-COW-1PK","BLK-MKPBRSHS-COW-1PK","1","Exact Etsy SKU matches inventory SKU; excluded from parent conversion"
"Beadable Ornament","beadable-products","BLK-ORN-BLU-1PK","BLK-ORN-BLU-1PK","1","Exact Etsy SKU matches inventory SKU; excluded from parent conversion"
"Beadable Ornament","beadable-products","BLK-ORN-DKBLU-1PK","BLK-ORN-DKBLU-1PK","1","Exact Etsy SKU matches inventory SKU; excluded from parent conversion"
"Beadable Ornament","beadable-products","BLK-ORN-DKPUR-1PK","BLK-ORN-DKPUR-1PK","1","Exact Etsy SKU matches inventory SKU; excluded from parent conversion"
"Beadable Ornament","beadable-products","BLK-ORN-EMRLD-1PK","BLK-ORN-EMRLD-1PK","1","Exact Etsy SKU matches inventory SKU; excluded from parent conversion"
"Beadable Ornament","beadable-products","BLK-ORN-GRN-1PK","BLK-ORN-GRN-1PK","1","Exact Etsy SKU matches inventory SKU; excluded from parent conversion"
"Beadable Ornament","beadable-products","BLK-ORN-LTBLU-1PK","BLK-ORN-LTBLU-1PK","1","Exact Etsy SKU matches inventory SKU; excluded from parent conversion"
"Beadable Ornament","beadable-products","BLK-ORN-LTPNK-1PK","BLK-ORN-LTPNK-1PK","1","Exact Etsy SKU matches inventory SKU; excluded from parent conversion"
"Beadable Ornament","beadable-products","BLK-ORN-LTPUR-1PK","BLK-ORN-LTPUR-1PK","1","Exact Etsy SKU matches inventory SKU; excluded from parent conversion"
"Beadable Ornament","beadable-products","BLK-ORN-PNK-1PK","BLK-ORN-PNK-1PK","1","Exact Etsy SKU matches inventory SKU; excluded from parent conversion"
"Beadable Ornament","beadable-products","BLK-ORN-PUR-1PK","BLK-ORN-PUR-1PK","1","Exact Etsy SKU matches inventory SKU; excluded from parent conversion"
"Beadable Ornament","beadable-products","BLK-ORN-RED-1PK","BLK-ORN-RED-1PK","1","Exact Etsy SKU matches inventory SKU; excluded from parent conversion"
"Beadable Ornament","beadable-products","BLK-ORN-SLV-1PK","BLK-ORN-SLV-1PK","1","Exact Etsy SKU matches inventory SKU; excluded from parent conversion"
"Beadable Ornament","beadable-products","BLK-ORN-YELGRN-1PK","BLK-ORN-YELGRN-1PK","1","Exact Etsy SKU matches inventory SKU; excluded from parent conversion"
"Beaded Pencil Blank","beadable-products","BLK-PNCL-BLK-1PK","BLK-PNCL-BLK-1PK","1","Exact Etsy SKU matches inventory SKU; excluded from parent conversion"
"Beaded Pencil Blank","beadable-products","BLK-PNCL-BLU-1PK","BLK-PNCL-BLU-1PK","1","Exact Etsy SKU matches inventory SKU; excluded from parent conversion"
"Beaded Pencil Blank","beadable-products","BLK-PNCL-GRN-1PK","BLK-PNCL-GRN-1PK","1","Exact Etsy SKU matches inventory SKU; excluded from parent conversion"
"Beaded Pencil Blank","beadable-products","BLK-PNCL-ORG-1PK","BLK-PNCL-ORG-1PK","1","Exact Etsy SKU matches inventory SKU; excluded from parent conversion"
"Beaded Pencil Blank","beadable-products","BLK-PNCL-PNK-1PK","BLK-PNCL-PNK-1PK","1","Exact Etsy SKU matches inventory SKU; excluded from parent conversion"
"Beaded Pencil Blank","beadable-products","BLK-PNCL-PUR-1PK","BLK-PNCL-PUR-1PK","1","Exact Etsy SKU matches inventory SKU; excluded from parent conversion"
"Beaded Pencil Blank","beadable-products","BLK-PNCL-RED-1PK","BLK-PNCL-RED-1PK","1","Exact Etsy SKU matches inventory SKU; excluded from parent conversion"
"Beaded Pencil Blank","beadable-products","BLK-PNCL-WHT-1PK","BLK-PNCL-WHT-1PK","1","Exact Etsy SKU matches inventory SKU; excluded from parent conversion"
"Beaded Pencil Blank","beadable-products","BLK-PNCL-YEL-1PK","BLK-PNCL-YEL-1PK","1","Exact Etsy SKU matches inventory SKU; excluded from parent conversion"
"Beadable Box Cutter Utility Knife","beadable-products","BLK-SLIMBXCTTR-BEIG-1PK","BLK-SLIMBXCTTR-BEIG-1PK","1","Exact Etsy SKU matches inventory SKU; excluded from parent conversion"
"Beadable Box Cutter Utility Knife","beadable-products","BLK-SLIMBXCTTR-BLK-1PK","BLK-SLIMBXCTTR-BLK-1PK","1","Exact Etsy SKU matches inventory SKU; excluded from parent conversion"
"Beadable Box Cutter Utility Knife","beadable-products","BLK-SLIMBXCTTR-BLU-1PK","BLK-SLIMBXCTTR-BLU-1PK","1","Exact Etsy SKU matches inventory SKU; excluded from parent conversion"
"Beadable Box Cutter Utility Knife","beadable-products","BLK-SLIMBXCTTR-DKPNK-1PK","BLK-SLIMBXCTTR-DKPNK-1PK","1","Exact Etsy SKU matches inventory SKU; excluded from parent conversion"
"Beadable Box Cutter Utility Knife","beadable-products","BLK-SLIMBXCTTR-LMGRN-1PK","BLK-SLIMBXCTTR-LMGRN-1PK","1","Exact Etsy SKU matches inventory SKU; excluded from parent conversion"
"Beadable Box Cutter Utility Knife","beadable-products","BLK-SLIMBXCTTR-LTPNK-1PK","BLK-SLIMBXCTTR-LTPNK-1PK","1","Exact Etsy SKU matches inventory SKU; excluded from parent conversion"
"Beadable Box Cutter Utility Knife","beadable-products","BLK-SLIMBXCTTR-LTPUR-1PK","BLK-SLIMBXCTTR-LTPUR-1PK","1","Exact Etsy SKU matches inventory SKU; excluded from parent conversion"
"Beadable Box Cutter Utility Knife","beadable-products","BLK-SLIMBXCTTR-ORG-1PK","BLK-SLIMBXCTTR-ORG-1PK","1","Exact Etsy SKU matches inventory SKU; excluded from parent conversion"
"Beadable Box Cutter Utility Knife","beadable-products","BLK-SLIMBXCTTR-PUR-1PK","BLK-SLIMBXCTTR-PUR-1PK","1","Exact Etsy SKU matches inventory SKU; excluded from parent conversion"
"Beadable Box Cutter Utility Knife","beadable-products","BLK-SLIMBXCTTR-RED-1PK","BLK-SLIMBXCTTR-RED-1PK","1","Exact Etsy SKU matches inventory SKU; excluded from parent conversion"
"Beadable Box Cutter Utility Knife","beadable-products","BLK-SLIMBXCTTR-SLMNPNK-1PK","BLK-SLIMBXCTTR-SLMNPNK-1PK","1","Exact Etsy SKU matches inventory SKU; excluded from parent conversion"
"Beadable Box Cutter Utility Knife","beadable-products","BLK-SLIMBXCTTR-WHT-1PK","BLK-SLIMBXCTTR-WHT-1PK","1","Exact Etsy SKU matches inventory SKU; excluded from parent conversion"
"DIY  nowflake Keychain","beadable-products","BLK-SNWFLK-BAR-BLU-1PK","BLK-SNWFLK-BAR-BLU-1PK","1","Exact Etsy SKU matches inventory SKU; excluded from parent conversion"
"DIY  nowflake Keychain","beadable-products","BLK-SNWFLK-BAR-COPP-1PK","BLK-SNWFLK-BAR-COPP-1PK","1","Exact Etsy SKU matches inventory SKU; excluded from parent conversion"
"DIY  nowflake Keychain","beadable-products","BLK-SNWFLK-BAR-DKPNK-1PK","BLK-SNWFLK-BAR-DKPNK-1PK","1","Exact Etsy SKU matches inventory SKU; excluded from parent conversion"
"DIY  nowflake Keychain","beadable-products","BLK-SNWFLK-BAR-GLD-1PK","BLK-SNWFLK-BAR-GLD-1PK","1","Exact Etsy SKU matches inventory SKU; excluded from parent conversion"
"DIY  nowflake Keychain","beadable-products","BLK-SNWFLK-BAR-GRN-1PK","BLK-SNWFLK-BAR-GRN-1PK","1","Exact Etsy SKU matches inventory SKU; excluded from parent conversion"
"DIY  nowflake Keychain","beadable-products","BLK-SNWFLK-BAR-LTPNK-1PK","BLK-SNWFLK-BAR-LTPNK-1PK","1","Exact Etsy SKU matches inventory SKU; excluded from parent conversion"
"DIY  nowflake Keychain","beadable-products","BLK-SNWFLK-BAR-PUR-1PK","BLK-SNWFLK-BAR-PUR-1PK","1","Exact Etsy SKU matches inventory SKU; excluded from parent conversion"
"DIY  nowflake Keychain","beadable-products","BLK-SNWFLK-BAR-RED-1PK","BLK-SNWFLK-BAR-RED-1PK","1","Exact Etsy SKU matches inventory SKU; excluded from parent conversion"
"DIY  nowflake Keychain","beadable-products","BLK-SNWFLK-BAR-SLV-1PK","BLK-SNWFLK-BAR-SLV-1PK","1","Exact Etsy SKU matches inventory SKU; excluded from parent conversion"
"ticker Heart Beadable Cup Charm Blank","beadable-products","BLK-STCKR-HRT-KYCHN-BLK-1PK","BLK-STCKR-HRT-KYCHN-BLK-1PK","1","Exact Etsy SKU matches inventory SKU; excluded from parent conversion"
"ticker Heart Beadable Cup Charm Blank","beadable-products","BLK-STCKR-HRT-KYCHN-DKBLU-1PK","BLK-STCKR-HRT-KYCHN-DKBLU-1PK","1","Exact Etsy SKU matches inventory SKU; excluded from parent conversion"
"ticker Heart Beadable Cup Charm Blank","beadable-products","BLK-STCKR-HRT-KYCHN-GLD-1PK","BLK-STCKR-HRT-KYCHN-GLD-1PK","1","Exact Etsy SKU matches inventory SKU; excluded from parent conversion"
"ticker Heart Beadable Cup Charm Blank","beadable-products","BLK-STCKR-HRT-KYCHN-GNMTLBLK-1PK","BLK-STCKR-HRT-KYCHN-GNMTLBLK-1PK","1","Exact Etsy SKU matches inventory SKU; excluded from parent conversion"
"ticker Heart Beadable Cup Charm Blank","beadable-products","BLK-STCKR-HRT-KYCHN-GRN-1PK","BLK-STCKR-HRT-KYCHN-GRN-1PK","1","Exact Etsy SKU matches inventory SKU; excluded from parent conversion"
"ticker Heart Beadable Cup Charm Blank","beadable-products","BLK-STCKR-HRT-KYCHN-HTPNK-1PK","BLK-STCKR-HRT-KYCHN-HTPNK-1PK","1","Exact Etsy SKU matches inventory SKU; excluded from parent conversion"
"ticker Heart Beadable Cup Charm Blank","beadable-products","BLK-STCKR-HRT-KYCHN-LTBLU-1PK","BLK-STCKR-HRT-KYCHN-LTBLU-1PK","1","Exact Etsy SKU matches inventory SKU; excluded from parent conversion"
"ticker Heart Beadable Cup Charm Blank","beadable-products","BLK-STCKR-HRT-KYCHN-LTPNK-1PK","BLK-STCKR-HRT-KYCHN-LTPNK-1PK","1","Exact Etsy SKU matches inventory SKU; excluded from parent conversion"
"ticker Heart Beadable Cup Charm Blank","beadable-products","BLK-STCKR-HRT-KYCHN-LTPUR-1PK","BLK-STCKR-HRT-KYCHN-LTPUR-1PK","1","Exact Etsy SKU matches inventory SKU; excluded from parent conversion"
"ticker Heart Beadable Cup Charm Blank","beadable-products","BLK-STCKR-HRT-KYCHN-MIX-14PK","BLK-STCKR-HRT-KYCHN-MIX-14PK","14","Exact Etsy SKU matches inventory SKU; excluded from parent conversion"
"ticker Heart Beadable Cup Charm Blank","beadable-products","BLK-STCKR-HRT-KYCHN-RED-1PK","BLK-STCKR-HRT-KYCHN-RED-1PK","1","Exact Etsy SKU matches inventory SKU; excluded from parent conversion"
"ticker Heart Beadable Cup Charm Blank","beadable-products","BLK-STCKR-HRT-KYCHN-RSGLD-1PK","BLK-STCKR-HRT-KYCHN-RSGLD-1PK","1","Exact Etsy SKU matches inventory SKU; excluded from parent conversion"
"ticker Heart Beadable Cup Charm Blank","beadable-products","BLK-STCKR-HRT-KYCHN-SLV-1PK","BLK-STCKR-HRT-KYCHN-SLV-1PK","1","Exact Etsy SKU matches inventory SKU; excluded from parent conversion"
"ticker Heart Beadable Cup Charm Blank","beadable-products","BLK-STCKR-HRT-KYCHN-WHT-1PK","BLK-STCKR-HRT-KYCHN-WHT-1PK","1","Exact Etsy SKU matches inventory SKU; excluded from parent conversion"
"ticker Heart Beadable Cup Charm Blank","beadable-products","BLK-STCKR-HRT-KYCHN-YEL-1PK","BLK-STCKR-HRT-KYCHN-YEL-1PK","1","Exact Etsy SKU matches inventory SKU; excluded from parent conversion"
"Cup  traw Attachment","charms-dangles","BLK-STRWCHMNT-BLK-1PK","BLK-STRWCHMNT-BLK-1PK","1","Exact Etsy SKU matches inventory SKU; excluded from parent conversion"
"Cup  traw Attachment","charms-dangles","BLK-STRWCHMNT-BLU-1PK","BLK-STRWCHMNT-BLU-1PK","1","Exact Etsy SKU matches inventory SKU; excluded from parent conversion"
"Cup  traw Attachment","charms-dangles","BLK-STRWCHMNT-GRY-1PK","BLK-STRWCHMNT-GRY-1PK","1","Exact Etsy SKU matches inventory SKU; excluded from parent conversion"
"Cup  traw Attachment","charms-dangles","BLK-STRWCHMNT-LTBLU-1PK","BLK-STRWCHMNT-LTBLU-1PK","1","Exact Etsy SKU matches inventory SKU; excluded from parent conversion"
"Cup  traw Attachment","charms-dangles","BLK-STRWCHMNT-PNK-1PK","BLK-STRWCHMNT-PNK-1PK","1","Exact Etsy SKU matches inventory SKU; excluded from parent conversion"
"Cup  traw Attachment","charms-dangles","BLK-STRWCHMNT-WHT-1PK","BLK-STRWCHMNT-WHT-1PK","1","Exact Etsy SKU matches inventory SKU; excluded from parent conversion"
"Cup  traw Attachment","charms-dangles","BLK-STRWCHMNT-YEL-1PK","BLK-STRWCHMNT-YEL-1PK","1","Exact Etsy SKU matches inventory SKU; excluded from parent conversion"
"Beadable Cup  traw Keychain","beadable-products","BLK-STRWKYCHN-BLK-1PK","BLK-STRWKYCHN-BLK-1PK","1","Exact Etsy SKU matches inventory SKU; excluded from parent conversion"
"Beadable Cup  traw Keychain","beadable-products","BLK-STRWKYCHN-BLU-1PK","BLK-STRWKYCHN-BLU-1PK","1","Exact Etsy SKU matches inventory SKU; excluded from parent conversion"
"Beadable Cup  traw Keychain","beadable-products","BLK-STRWKYCHN-GRY-1PK","BLK-STRWKYCHN-GRY-1PK","1","Exact Etsy SKU matches inventory SKU; excluded from parent conversion"
"Beadable Cup  traw Keychain","beadable-products","BLK-STRWKYCHN-MIX-9PK","BLK-STRWKYCHN-MIX-9PK","9","Exact Etsy SKU matches inventory SKU; excluded from parent conversion"
"Beadable Cup  traw Keychain","beadable-products","BLK-STRWKYCHN-ORG-1PK","BLK-STRWKYCHN-ORG-1PK","1","Exact Etsy SKU matches inventory SKU; excluded from parent conversion"
"Beadable Cup  traw Keychain","beadable-products","BLK-STRWKYCHN-PNK-1PK","BLK-STRWKYCHN-PNK-1PK","1","Exact Etsy SKU matches inventory SKU; excluded from parent conversion"
"Beadable Cup  traw Keychain","beadable-products","BLK-STRWKYCHN-PUR-1PK","BLK-STRWKYCHN-PUR-1PK","1","Exact Etsy SKU matches inventory SKU; excluded from parent conversion"
"Beadable Cup  traw Keychain","beadable-products","BLK-STRWKYCHN-RED-1PK","BLK-STRWKYCHN-RED-1PK","1","Exact Etsy SKU matches inventory SKU; excluded from parent conversion"
"Beadable Cup  traw Keychain","beadable-products","BLK-STRWKYCHN-WHT-1PK","BLK-STRWKYCHN-WHT-1PK","1","Exact Etsy SKU matches inventory SKU; excluded from parent conversion"
"Beadable Cup  traw Keychain","beadable-products","BLK-STRWKYCHN-YEL-1PK","BLK-STRWKYCHN-YEL-1PK","1","Exact Etsy SKU matches inventory SKU; excluded from parent conversion"
"Beadable  tylu","beadable-products","BLK-STYLS-BLK-1PK","BLK-STYLS-BLK-1PK","1","Exact Etsy SKU matches inventory SKU; excluded from parent conversion"
"Beadable  tylu","beadable-products","BLK-STYLS-BLU-1PK","BLK-STYLS-BLU-1PK","1","Exact Etsy SKU matches inventory SKU; excluded from parent conversion"
"Beadable  tylu","beadable-products","BLK-STYLS-GRY-1PK","BLK-STYLS-GRY-1PK","1","Exact Etsy SKU matches inventory SKU; excluded from parent conversion"
"Beadable  tylu","beadable-products","BLK-STYLS-OMBRBLK-1PK","BLK-STYLS-OMBRBLK-1PK","1","Exact Etsy SKU matches inventory SKU; excluded from parent conversion"
"Beadable  tylu","beadable-products","BLK-STYLS-OMBRRED-1PK","BLK-STYLS-OMBRRED-1PK","1","Exact Etsy SKU matches inventory SKU; excluded from parent conversion"
"Beadable  tylu","beadable-products","BLK-STYLS-PNK-1PK","BLK-STYLS-PNK-1PK","1","Exact Etsy SKU matches inventory SKU; excluded from parent conversion"
"Beadable  tylu","beadable-products","BLK-STYLS-PUR-1PK","BLK-STYLS-PUR-1PK","1","Exact Etsy SKU matches inventory SKU; excluded from parent conversion"
"Beadable  tylu","beadable-products","BLK-STYLS-WHT-1PK","BLK-STYLS-WHT-1PK","1","Exact Etsy SKU matches inventory SKU; excluded from parent conversion"
"Cup Charm Wire","beadable-products","BLK-WIRE-BLK-1PK","BLK-WIRE-BLK-1PK","1","Exact Etsy SKU matches inventory SKU; excluded from parent conversion"
"Cup Charm Wire","beadable-products","BLK-WIRE-BLU-1PK","BLK-WIRE-BLU-1PK","1","Exact Etsy SKU matches inventory SKU; excluded from parent conversion"
"Cup Charm Wire","beadable-products","BLK-WIRE-DKGRN-1PK","BLK-WIRE-DKGRN-1PK","1","Exact Etsy SKU matches inventory SKU; excluded from parent conversion"
"Cup Charm Wire","beadable-products","BLK-WIRE-GRY-1PK","BLK-WIRE-GRY-1PK","1","Exact Etsy SKU matches inventory SKU; excluded from parent conversion"
"Cup Charm Wire","beadable-products","BLK-WIRE-LTGRY-1PK","BLK-WIRE-LTGRY-1PK","1","Exact Etsy SKU matches inventory SKU; excluded from parent conversion"
"Cup Charm Wire","beadable-products","BLK-WIRE-ORG-1PK","BLK-WIRE-ORG-1PK","1","Exact Etsy SKU matches inventory SKU; excluded from parent conversion"
"Cup Charm Wire","beadable-products","BLK-WIRE-PNK-1PK","BLK-WIRE-PNK-1PK","1","Exact Etsy SKU matches inventory SKU; excluded from parent conversion"
"Cup Charm Wire","beadable-products","BLK-WIRE-PUR-1PK","BLK-WIRE-PUR-1PK","1","Exact Etsy SKU matches inventory SKU; excluded from parent conversion"
"Cup Charm Wire","beadable-products","BLK-WIRE-RED-1PK","BLK-WIRE-RED-1PK","1","Exact Etsy SKU matches inventory SKU; excluded from parent conversion"
"Cup Charm Wire","beadable-products","BLK-WIRE-WHT-1PK","BLK-WIRE-WHT-1PK","1","Exact Etsy SKU matches inventory SKU; excluded from parent conversion"
"Cup Charm Wire","beadable-products","BLK-WIRE-YEL-1PK","BLK-WIRE-YEL-1PK","1","Exact Etsy SKU matches inventory SKU; excluded from parent conversion"
"Wine  topper","beadable-products","BLK-WNSTPPR-BLK-1PK","BLK-WNSTPPR-BLK-1PK","1","Exact Etsy SKU matches inventory SKU; excluded from parent conversion"
"Wine  topper","beadable-products","BLK-WNSTPPR-DKPNK-1PK","BLK-WNSTPPR-DKPNK-1PK","1","Exact Etsy SKU matches inventory SKU; excluded from parent conversion"
"Wine  topper","beadable-products","BLK-WNSTPPR-HTPNK-1PK","BLK-WNSTPPR-HTPNK-1PK","1","Exact Etsy SKU matches inventory SKU; excluded from parent conversion"
"Wine  topper","beadable-products","BLK-WNSTPPR-LMGRN-1PK","BLK-WNSTPPR-LMGRN-1PK","1","Exact Etsy SKU matches inventory SKU; excluded from parent conversion"
"Wine  topper","beadable-products","BLK-WNSTPPR-LTPNK-1PK","BLK-WNSTPPR-LTPNK-1PK","1","Exact Etsy SKU matches inventory SKU; excluded from parent conversion"
"Wine  topper","beadable-products","BLK-WNSTPPR-MIX-11PK","BLK-WNSTPPR-MIX-11PK","11","Exact Etsy SKU matches inventory SKU; excluded from parent conversion"
"Wine  topper","beadable-products","BLK-WNSTPPR-ORG-1PK","BLK-WNSTPPR-ORG-1PK","1","Exact Etsy SKU matches inventory SKU; excluded from parent conversion"
"Wine  topper","beadable-products","BLK-WNSTPPR-PUR-1PK","BLK-WNSTPPR-PUR-1PK","1","Exact Etsy SKU matches inventory SKU; excluded from parent conversion"
"Wine  topper","beadable-products","BLK-WNSTPPR-RED-1PK","BLK-WNSTPPR-RED-1PK","1","Exact Etsy SKU matches inventory SKU; excluded from parent conversion"
"Wine  topper","beadable-products","BLK-WNSTPPR-TEAL-1PK","BLK-WNSTPPR-TEAL-1PK","1","Exact Etsy SKU matches inventory SKU; excluded from parent conversion"
"Wine  topper","beadable-products","BLK-WNSTPPR-WHT-1PK","BLK-WNSTPPR-WHT-1PK","1","Exact Etsy SKU matches inventory SKU; excluded from parent conversion"
"Wine  topper","beadable-products","BLK-WNSTPPR-YEL-1PK","BLK-WNSTPPR-YEL-1PK","1","Exact Etsy SKU matches inventory SKU; excluded from parent conversion"
"ilicone Bead Elf Bundle Kit","focal-beads","BNDLE-ELF-KIT","BNDLE-ELF-KIT","1","Exact Etsy SKU matches inventory SKU; excluded from parent conversion"
"t Patrick’  Day Beadable Pen Kit","focal-beads","BUNDLE-STPTRCKSDAY-60PC","BUNDLE-STPTRCKSDAY-60PC","60","Exact Etsy SKU matches inventory SKU; excluded from parent conversion"
"14mm Rhine tone Bead","clearance-section","CLEARANCE-14MMPNKRHNSTNE","CLEARANCE-14MMPNKRHNSTNE","1","Exact Etsy SKU matches inventory SKU; excluded from parent conversion"
"Coral Acrylic Bead  16mm","clearance-section","CLEARANCE-16MM-UVCORAL-20PK","CLEARANCE-16MM-UVCORAL-20PK","20","Exact Etsy SKU matches inventory SKU; excluded from parent conversion"
"Gingerbread Acrylic Bead  10 Pack","clearance-section","CLEARANCE-BADCOOKIE-10PK","CLEARANCE-BADCOOKIE-10PK","10","Exact Etsy SKU matches inventory SKU; excluded from parent conversion"
"Mama Bead","focal-beads","CLEARANCE-BYMOM","CLEARANCE-BYMOM","1","Exact Etsy SKU matches inventory SKU; excluded from parent conversion"
"20mm Chrome Blue Acrylic Bead","clearance-section","CLEARANCE-CHRME-BLU-10PK","CLEARANCE-CHRME-BLU-10PK","10","Exact Etsy SKU matches inventory SKU; excluded from parent conversion"
"20mm Coral Orange Acrylic Bead","clearance-section","CLEARANCE-CRLORG-10PK","CLEARANCE-CRLORG-10PK","10","Exact Etsy SKU matches inventory SKU; excluded from parent conversion"
"Doctor  crub Bead","focal-beads","CLEARANCE-DCTRSCRB-BLK","CLEARANCE-DCTRSCRB-BLK","1","Exact Etsy SKU matches inventory SKU; excluded from parent conversion"
"Doctor  crub Bead","focal-beads","CLEARANCE-DCTRSCRB-FSCA","CLEARANCE-DCTRSCRB-FSCA","1","Exact Etsy SKU matches inventory SKU; excluded from parent conversion"
"Doctor  crub Bead","focal-beads","CLEARANCE-DCTRSCRB-LTPNK","CLEARANCE-DCTRSCRB-LTPNK","1","Exact Etsy SKU matches inventory SKU; excluded from parent conversion"
"Doctor  crub Bead","focal-beads","CLEARANCE-DCTRSCRB-MNTGRN","CLEARANCE-DCTRSCRB-MNTGRN","1","Exact Etsy SKU matches inventory SKU; excluded from parent conversion"
"Doctor  crub Bead","focal-beads","CLEARANCE-DCTRSCRB-PCH","CLEARANCE-DCTRSCRB-PCH","1","Exact Etsy SKU matches inventory SKU; excluded from parent conversion"
"Doctor  crub Bead","focal-beads","CLEARANCE-DCTRSCRB-PUR","CLEARANCE-DCTRSCRB-PUR","1","Exact Etsy SKU matches inventory SKU; excluded from parent conversion"
"14mm  ilicone Abacu  Bead","clearance-section","CLEARANCE-DKTEAL-ABA","CLEARANCE-DKTEAL-ABA","1","Exact Etsy SKU matches inventory SKU; excluded from parent conversion"
"Large Fancy Rhine tone  quare Bead","rhinestone-beads","CLEARANCE-FNCY-GRN-1PK","CLEARANCE-FNCY-GRN-1PK","1","Exact Etsy SKU matches inventory SKU; excluded from parent conversion"
"Large Fancy Rhine tone  quare Bead","rhinestone-beads","CLEARANCE-FNCY-RED-1PK","CLEARANCE-FNCY-RED-1PK","1","Exact Etsy SKU matches inventory SKU; excluded from parent conversion"
"Mama Bead","focal-beads","CLEARANCE-GRLMOM-1PK","CLEARANCE-GRLMOM-1PK","1","Exact Etsy SKU matches inventory SKU; excluded from parent conversion"
"Cute Kitty Cat Bead","clearance-section","CLEARANCE-KTTYCT-BLU","CLEARANCE-KTTYCT-BLU","1","Exact Etsy SKU matches inventory SKU; excluded from parent conversion"
"Cute Kitty Cat Bead","clearance-section","CLEARANCE-KTTYCT-LLC","CLEARANCE-KTTYCT-LLC","1","Exact Etsy SKU matches inventory SKU; excluded from parent conversion"
"Cute Kitty Cat Bead","clearance-section","CLEARANCE-KTTYCT-MSSGRN","CLEARANCE-KTTYCT-MSSGRN","1","Exact Etsy SKU matches inventory SKU; excluded from parent conversion"
"Cute Kitty Cat Bead","clearance-section","CLEARANCE-KTTYCT-ORG","CLEARANCE-KTTYCT-ORG","1","Exact Etsy SKU matches inventory SKU; excluded from parent conversion"
"Cute Kitty Cat Bead","clearance-section","CLEARANCE-KTTYCT-PNK","CLEARANCE-KTTYCT-PNK","1","Exact Etsy SKU matches inventory SKU; excluded from parent conversion"
"Mermaid Acrylic Bead","clearance-section","CLEARANCE-LETSBEMRMADS-10PK","CLEARANCE-LETSBEMRMADS-10PK","10","Exact Etsy SKU matches inventory SKU; excluded from parent conversion"
"14mm Rhine tone Bead","clearance-section","CLEARANCE-LMGRN-50PK","CLEARANCE-LMGRN-50PK","50","Exact Etsy SKU matches inventory SKU; excluded from parent conversion"
"14mm  ilicone Abacu  Bead","clearance-section","CLEARANCE-LTBLU-ABA","CLEARANCE-LTBLU-ABA","1","Exact Etsy SKU matches inventory SKU; excluded from parent conversion"
"14mm  ilicone Abacu  Bead","clearance-section","CLEARANCE-LTPNK-12MM","CLEARANCE-LTPNK-12MM","1","Exact Etsy SKU matches inventory SKU; excluded from parent conversion"
"14mm  ilicone Abacu  Bead","clearance-section","CLEARANCE-LTPNK-ABA","CLEARANCE-LTPNK-ABA","1","Exact Etsy SKU matches inventory SKU; excluded from parent conversion"
"crub Top Bead","charms-dangles","CLEARANCE-NRSCRB-BEIG","CLEARANCE-NRSCRB-BEIG","1","Exact Etsy SKU matches inventory SKU; excluded from parent conversion"
"crub Top Bead","charms-dangles","CLEARANCE-NRSCRB-GRY","CLEARANCE-NRSCRB-GRY","1","Exact Etsy SKU matches inventory SKU; excluded from parent conversion"
"crub Top Bead","charms-dangles","CLEARANCE-NRSCRB-MNTGRN","CLEARANCE-NRSCRB-MNTGRN","1","Exact Etsy SKU matches inventory SKU; excluded from parent conversion"
"crub Top Bead","charms-dangles","CLEARANCE-NRSCRB-WHT","CLEARANCE-NRSCRB-WHT","1","Exact Etsy SKU matches inventory SKU; excluded from parent conversion"
"Narwhal Bead","focal-beads","CLEARANCE-NRWHL-BLU","CLEARANCE-NRWHL-BLU","1","Exact Etsy SKU matches inventory SKU; excluded from parent conversion"
"Narwhal Bead","focal-beads","CLEARANCE-NRWHL-DKGRY","CLEARANCE-NRWHL-DKGRY","1","Exact Etsy SKU matches inventory SKU; excluded from parent conversion"
"Narwhal Bead","focal-beads","CLEARANCE-NRWHL-LTMNT","CLEARANCE-NRWHL-LTMNT","1","Exact Etsy SKU matches inventory SKU; excluded from parent conversion"
"Narwhal Bead","focal-beads","CLEARANCE-NRWHL-LTPNK","CLEARANCE-NRWHL-LTPNK","1","Exact Etsy SKU matches inventory SKU; excluded from parent conversion"
"Narwhal Bead","focal-beads","CLEARANCE-NRWHL-MNTGRN","CLEARANCE-NRWHL-MNTGRN","1","Exact Etsy SKU matches inventory SKU; excluded from parent conversion"
"Polka Dot Bead","focal-beads","CLEARANCE-PLKDT-BEIG","CLEARANCE-PLKDT-BEIG","1","Exact Etsy SKU matches inventory SKU; excluded from parent conversion"
"Polka Dot Bead","focal-beads","CLEARANCE-PLKDT-DKRED","CLEARANCE-PLKDT-DKRED","1","Exact Etsy SKU matches inventory SKU; excluded from parent conversion"
"Polka Dot Bead","focal-beads","CLEARANCE-PLKDT-MNTGRN","CLEARANCE-PLKDT-MNTGRN","1","Exact Etsy SKU matches inventory SKU; excluded from parent conversion"
"Polka Dot Bead","focal-beads","CLEARANCE-PLKDT-ORG","CLEARANCE-PLKDT-ORG","1","Exact Etsy SKU matches inventory SKU; excluded from parent conversion"
"Polka Dot Bead","focal-beads","CLEARANCE-PLKDT-PNK","CLEARANCE-PLKDT-PNK","1","Exact Etsy SKU matches inventory SKU; excluded from parent conversion"
"Polka Dot Bead","focal-beads","CLEARANCE-PLKDT-PSTLBLU","CLEARANCE-PLKDT-PSTLBLU","1","Exact Etsy SKU matches inventory SKU; excluded from parent conversion"
"Polka Dot Bead","focal-beads","CLEARANCE-PLKDT-PUR","CLEARANCE-PLKDT-PUR","1","Exact Etsy SKU matches inventory SKU; excluded from parent conversion"
"Polka Dot Bead","focal-beads","CLEARANCE-PLKDT-RED","CLEARANCE-PLKDT-RED","1","Exact Etsy SKU matches inventory SKU; excluded from parent conversion"
"Polka Dot Bead","focal-beads","CLEARANCE-PLKDT-SMN","CLEARANCE-PLKDT-SMN","1","Exact Etsy SKU matches inventory SKU; excluded from parent conversion"
"Polka Dot Bead","focal-beads","CLEARANCE-PLKDT-TEAL","CLEARANCE-PLKDT-TEAL","1","Exact Etsy SKU matches inventory SKU; excluded from parent conversion"
"P","clearance-section","CLEARANCE-PWPRNTHRT-10PK","CLEARANCE-PWPRNTHRT-10PK","10","Exact Etsy SKU matches inventory SKU; excluded from parent conversion"
"Clearance Beadable Keychain","clearance-section","CLEARANCE-REGKYCHN-BLKISH","CLEARANCE-REGKYCHN-BLKISH","1","Exact Etsy SKU matches inventory SKU; excluded from parent conversion"
"keleton Finger Focal Bead","clearance-section","CLEARANCE-SKLTN-PNK","CLEARANCE-SKLTN-PNK","1","Exact Etsy SKU matches inventory SKU; excluded from parent conversion"
"keleton Finger Focal Bead","clearance-section","CLEARANCE-SKLTN-PUR","CLEARANCE-SKLTN-PUR","1","Exact Etsy SKU matches inventory SKU; excluded from parent conversion"
"M","clearance-section","CLEARANCE-SLDCLR-MSSGRN-10PK","CLEARANCE-SLDCLR-MSSGRN-10PK","10","Exact Etsy SKU matches inventory SKU; excluded from parent conversion"
"14mm Rhine tone Bead","clearance-section","CLEARANCE-SMHLE-LMGRN-RHNST-45","CLEARANCE-SMHLE-LMGRN-RHNST-45","1","Exact Etsy SKU matches inventory SKU; excluded from parent conversion"
"14mm Rhine tone Bead","clearance-section","CLEARANCE-SMHLE-LMGRN-RHNST-50","CLEARANCE-SMHLE-LMGRN-RHNST-50","1","Exact Etsy SKU matches inventory SKU; excluded from parent conversion"
"pooky Bead  10 Pack","clearance-section","CLEARANCE-SMLLCHLDRN-10PK","CLEARANCE-SMLLCHLDRN-10PK","10","Exact Etsy SKU matches inventory SKU; excluded from parent conversion"
"Clearance 27mm  miley Flower Large Hole Acrylic Bead","clearance-section","CLEARANCE-SMLYFLWR-MIX-10PK","CLEARANCE-SMLYFLWR-MIX-10PK","10","Exact Etsy SKU matches inventory SKU; excluded from parent conversion"
"Beaded Pen Acce orie","spacers-accessories","CLEARANCE-SNAKE","CLEARANCE-SNAKE","1","Exact Etsy SKU matches inventory SKU; excluded from parent conversion"
"enior Bead","charms-dangles","CLEARANCE-SNR2025","CLEARANCE-SNR2025","1","Exact Etsy SKU matches inventory SKU; excluded from parent conversion"
"14mm  ilicone Abacu  Bead","clearance-section","CLEARANCE-TMTORED-ABA","CLEARANCE-TMTORED-ABA","1","Exact Etsy SKU matches inventory SKU; excluded from parent conversion"
"14mm  ilicone Abacu  Bead","clearance-section","CLEARANCE-TMTORED-LENT","CLEARANCE-TMTORED-LENT","1","Exact Etsy SKU matches inventory SKU; excluded from parent conversion"
"Acrylic Flatback","charms-dangles","FLB-ANMLSCRBS-1PK","FLB-ANMLSCRBS-1PK","1","Exact Etsy SKU matches inventory SKU; excluded from parent conversion"
"Acrylic Flatback","charms-dangles","FLB-APPLE-1PK","FLB-APPLE-1PK","1","Exact Etsy SKU matches inventory SKU; excluded from parent conversion"
"Acrylic Flatback","charms-dangles","FLB-BBYCW-1PK","FLB-BBYCW-1PK","1","Exact Etsy SKU matches inventory SKU; excluded from parent conversion"
"Acrylic Flatback","charms-dangles","FLB-BEKINDMIND-1PK","FLB-BEKINDMIND-1PK","1","Exact Etsy SKU matches inventory SKU; excluded from parent conversion"
"Acrylic Flatback","charms-dangles","FLB-BELIEVE-1PK","FLB-BELIEVE-1PK","1","Exact Etsy SKU matches inventory SKU; excluded from parent conversion"
"Be Kind Flatback","acrylic-flatbacks","FLB-BENETHNGKND-1PK","FLB-BENETHNGKND-1PK","1","Exact Etsy SKU matches inventory SKU; excluded from parent conversion"
"Acrylic Flatback","charms-dangles","FLB-BEOKAY-1PK","FLB-BEOKAY-1PK","1","Exact Etsy SKU matches inventory SKU; excluded from parent conversion"
"Acrylic Flatback","charms-dangles","FLB-BIGFLWR-1PK","FLB-BIGFLWR-1PK","1","Exact Etsy SKU matches inventory SKU; excluded from parent conversion"
"Acrylic Flatback","charms-dangles","FLB-BIGFOOT-1PK","FLB-BIGFOOT-1PK","1","Exact Etsy SKU matches inventory SKU; excluded from parent conversion"
"Acrylic Flatback","charms-dangles","FLB-BKSLVLANG-1PK","FLB-BKSLVLANG-1PK","1","Exact Etsy SKU matches inventory SKU; excluded from parent conversion"
"Floral Cro  Flatback","acrylic-flatbacks","FLB-BLUCRSS-1PK","FLB-BLUCRSS-1PK","1","Exact Etsy SKU matches inventory SKU; excluded from parent conversion"
"Acrylic Flatback","charms-dangles","FLB-BRTHDYSPCLST-1PK","FLB-BRTHDYSPCLST-1PK","1","Exact Etsy SKU matches inventory SKU; excluded from parent conversion"
"Ba eball Mom Badge Reel Topper","acrylic-flatbacks","FLB-BSBLLHMR-1PK","FLB-BSBLLHMR-1PK","1","Exact Etsy SKU matches inventory SKU; excluded from parent conversion"
"Wa n't A Bitch Today Badge Reel Topper","acrylic-flatbacks","FLB-BTCHTDY-1PK","FLB-BTCHTDY-1PK","1","Exact Etsy SKU matches inventory SKU; excluded from parent conversion"
"Chri tian Flatback","acrylic-flatbacks","FLB-BTMYJESUS-1PK","FLB-BTMYJESUS-1PK","1","Exact Etsy SKU matches inventory SKU; excluded from parent conversion"
"Acrylic Flatback","charms-dangles","FLB-BTTLEMTNS-1PK","FLB-BTTLEMTNS-1PK","1","Exact Etsy SKU matches inventory SKU; excluded from parent conversion"
"Acrylic Flatback","charms-dangles","FLB-BUTTFLYOK-1PK","FLB-BUTTFLYOK-1PK","1","Exact Etsy SKU matches inventory SKU; excluded from parent conversion"
"Chri tian Flatback","acrylic-flatbacks","FLB-BYTHEIRFRUIT-1PK","FLB-BYTHEIRFRUIT-1PK","1","Exact Etsy SKU matches inventory SKU; excluded from parent conversion"
"Cardiac  onographer Badge Reel Topper","acrylic-flatbacks","FLB-CARDIAC-1PK","FLB-CARDIAC-1PK","1","Exact Etsy SKU matches inventory SKU; excluded from parent conversion"
"Acrylic Flatback","charms-dangles","FLB-CHLLPLL-1PK","FLB-CHLLPLL-1PK","1","Exact Etsy SKU matches inventory SKU; excluded from parent conversion"
"Acrylic Flatback","charms-dangles","FLB-CHSCRDNTR-1PK","FLB-CHSCRDNTR-1PK","1","Exact Etsy SKU matches inventory SKU; excluded from parent conversion"
"Chao  Coordinator Badge Reel Topper Pink","acrylic-flatbacks","FLB-CHSCRDNTRPNK-1PK","FLB-CHSCRDNTRPNK-1PK","1","Exact Etsy SKU matches inventory SKU; excluded from parent conversion"
"Highland Cow Flatback","acrylic-flatbacks","FLB-CHTHBWCW-1PK","FLB-CHTHBWCW-1PK","1","Exact Etsy SKU matches inventory SKU; excluded from parent conversion"
"Acrylic Flatback","charms-dangles","FLB-CRDLGY-1PK","FLB-CRDLGY-1PK","1","Exact Etsy SKU matches inventory SKU; excluded from parent conversion"
"Acrylic Flatback","charms-dangles","FLB-CRFTHMR-1PK","FLB-CRFTHMR-1PK","1","Exact Etsy SKU matches inventory SKU; excluded from parent conversion"
"Acrylic Flatback","charms-dangles","FLB-CTRLTHMDS-1PK","FLB-CTRLTHMDS-1PK","1","Exact Etsy SKU matches inventory SKU; excluded from parent conversion"
"Acrylic Flatback","charms-dangles","FLB-CZYSSN-1PK","FLB-CZYSSN-1PK","1","Exact Etsy SKU matches inventory SKU; excluded from parent conversion"
"Acrylic Flatback","charms-dangles","FLB-DADNTL-1PK","FLB-DADNTL-1PK","1","Exact Etsy SKU matches inventory SKU; excluded from parent conversion"
"Acrylic Flatback","charms-dangles","FLB-DEER-1PK","FLB-DEER-1PK","1","Exact Etsy SKU matches inventory SKU; excluded from parent conversion"
"Acrylic Flatback","charms-dangles","FLB-DENSQU-1PK","FLB-DENSQU-1PK","1","Exact Etsy SKU matches inventory SKU; excluded from parent conversion"
"Acrylic Flatback","charms-dangles","FLB-DMPSTRFN-1PK","FLB-DMPSTRFN-1PK","1","Exact Etsy SKU matches inventory SKU; excluded from parent conversion"
"Acrylic Flatback","charms-dangles","FLB-DNTASK67-1PK","FLB-DNTASK67-1PK","1","Exact Etsy SKU matches inventory SKU; excluded from parent conversion"
"Acrylic Flatback","charms-dangles","FLB-DNTJDG-1PK","FLB-DNTJDG-1PK","1","Exact Etsy SKU matches inventory SKU; excluded from parent conversion"
"Acrylic Flatback","charms-dangles","FLB-DNTLASST-1PK","FLB-DNTLASST-1PK","1","Exact Etsy SKU matches inventory SKU; excluded from parent conversion"
"Acrylic Flatback","charms-dangles","FLB-DNTLHYGNTST-1PK","FLB-DNTLHYGNTST-1PK","1","Exact Etsy SKU matches inventory SKU; excluded from parent conversion"
"Acrylic Flatback","charms-dangles","FLB-DNTWRRY-1PK","FLB-DNTWRRY-1PK","1","Exact Etsy SKU matches inventory SKU; excluded from parent conversion"
"Acrylic Flatback","charms-dangles","FLB-DOLPN-1PK","FLB-DOLPN-1PK","1","Exact Etsy SKU matches inventory SKU; excluded from parent conversion"
"Acrylic Flatback","charms-dangles","FLB-DOMATH67-1PK","FLB-DOMATH67-1PK","1","Exact Etsy SKU matches inventory SKU; excluded from parent conversion"
"Acrylic Flatback","charms-dangles","FLB-DRNKWTR-1PK","FLB-DRNKWTR-1PK","1","Exact Etsy SKU matches inventory SKU; excluded from parent conversion"
"Acrylic Flatback","charms-dangles","FLB-ESTRBNNY-1PK","FLB-ESTRBNNY-1PK","1","Exact Etsy SKU matches inventory SKU; excluded from parent conversion"
"Acrylic Flatback","charms-dangles","FLB-EVRYTHNGFNCT-1PK","FLB-EVRYTHNGFNCT-1PK","1","Exact Etsy SKU matches inventory SKU; excluded from parent conversion"
"Acrylic Flatback","charms-dangles","FLB-EVRYTHNGFNE-1PK","FLB-EVRYTHNGFNE-1PK","1","Exact Etsy SKU matches inventory SKU; excluded from parent conversion"
"Funny Goo e Flatback","acrylic-flatbacks","FLB-FLABBERS-1PK","FLB-FLABBERS-1PK","1","Exact Etsy SKU matches inventory SKU; excluded from parent conversion"
"F","acrylic-flatbacks","FLB-FLL-PMPKN-1PK","FLB-FLL-PMPKN-1PK","1","Exact Etsy SKU matches inventory SKU; excluded from parent conversion"
"F","acrylic-flatbacks","FLB-FLL-STTCHD-1PK","FLB-FLL-STTCHD-1PK","1","Exact Etsy SKU matches inventory SKU; excluded from parent conversion"
"pring Flatback","acrylic-flatbacks","FLB-FLRLJAR-1PK","FLB-FLRLJAR-1PK","1","Exact Etsy SKU matches inventory SKU; excluded from parent conversion"
"Flo  Bo  Badge Reel Topper","acrylic-flatbacks","FLB-FLSSBSS-1PK","FLB-FLSSBSS-1PK","1","Exact Etsy SKU matches inventory SKU; excluded from parent conversion"
"Highland Cow Flatback","acrylic-flatbacks","FLB-FLWRSHGHLNDCW-1PK","FLB-FLWRSHGHLNDCW-1PK","1","Exact Etsy SKU matches inventory SKU; excluded from parent conversion"
"Acrylic Flatback","charms-dangles","FLB-FRCDCHRT-1PK","FLB-FRCDCHRT-1PK","1","Exact Etsy SKU matches inventory SKU; excluded from parent conversion"
"Farmhou e Goo e Flatback","acrylic-flatbacks","FLB-FRMDCK-1PK","FLB-FRMDCK-1PK","1","Exact Etsy SKU matches inventory SKU; excluded from parent conversion"
"Acrylic Flatback","charms-dangles","FLB-FROG-1PK","FLB-FROG-1PK","1","Exact Etsy SKU matches inventory SKU; excluded from parent conversion"
"Future Mr  Flatback","acrylic-flatbacks","FLB-FTRMRS-1PK","FLB-FTRMRS-1PK","1","Exact Etsy SKU matches inventory SKU; excluded from parent conversion"
"Acrylic Flatback","charms-dangles","FLB-GNMTTRWHT-1PK","FLB-GNMTTRWHT-1PK","1","Exact Etsy SKU matches inventory SKU; excluded from parent conversion"
"Acrylic Flatback","charms-dangles","FLB-GNNALRN-1PK","FLB-GNNALRN-1PK","1","Exact Etsy SKU matches inventory SKU; excluded from parent conversion"
"Chri tian Flatback","acrylic-flatbacks","FLB-GODISGOOD-1PK","FLB-GODISGOOD-1PK","1","Exact Etsy SKU matches inventory SKU; excluded from parent conversion"
"W","acrylic-flatbacks","FLB-GRLSOPTNS-1PK","FLB-GRLSOPTNS-1PK","1","Exact Etsy SKU matches inventory SKU; excluded from parent conversion"
"Acrylic Flatback","charms-dangles","FLB-GRTDY-1PK","FLB-GRTDY-1PK","1","Exact Etsy SKU matches inventory SKU; excluded from parent conversion"
"Goo e Bump  Flatback","acrylic-flatbacks","FLB-GSBMPS-1PK","FLB-GSBMPS-1PK","1","Exact Etsy SKU matches inventory SKU; excluded from parent conversion"
"Acrylic Flatback","charms-dangles","FLB-GTBLOOD-1PK","FLB-GTBLOOD-1PK","1","Exact Etsy SKU matches inventory SKU; excluded from parent conversion"
"Acrylic Flatback","charms-dangles","FLB-HAND67-1PK","FLB-HAND67-1PK","1","Exact Etsy SKU matches inventory SKU; excluded from parent conversion"
"He I  Ri en Flatback","acrylic-flatbacks","FLB-HEISRISEN-1PK","FLB-HEISRISEN-1PK","1","Exact Etsy SKU matches inventory SKU; excluded from parent conversion"
"Acrylic Flatback","charms-dangles","FLB-HGHLNDCW-1PK","FLB-HGHLNDCW-1PK","1","Exact Etsy SKU matches inventory SKU; excluded from parent conversion"
"Acrylic Flatback","charms-dangles","FLB-HIDENSEEK-1PK","FLB-HIDENSEEK-1PK","1","Exact Etsy SKU matches inventory SKU; excluded from parent conversion"
"pring Flatback","acrylic-flatbacks","FLB-HLLSPRNG-1PK","FLB-HLLSPRNG-1PK","1","Exact Etsy SKU matches inventory SKU; excluded from parent conversion"
"Acrylic Flatback","charms-dangles","FLB-HLLWNBRUH-1PK","FLB-HLLWNBRUH-1PK","1","Exact Etsy SKU matches inventory SKU; excluded from parent conversion"
"Glitter Ea ter Acrylic Flatback","acrylic-flatbacks","FLB-HOL-ESTRGNME-1PK","FLB-HOL-ESTRGNME-1PK","1","Exact Etsy SKU matches inventory SKU; excluded from parent conversion"
"Glitter Ea ter Acrylic Flatback","acrylic-flatbacks","FLB-HOL-ESTRLVE-1PK","FLB-HOL-ESTRLVE-1PK","1","Exact Etsy SKU matches inventory SKU; excluded from parent conversion"
"Glitter Ea ter Acrylic Flatback","acrylic-flatbacks","FLB-HOL-ESTRTRCK-1PK","FLB-HOL-ESTRTRCK-1PK","1","Exact Etsy SKU matches inventory SKU; excluded from parent conversion"
"Glitter Ea ter Acrylic Flatback","acrylic-flatbacks","FLB-HOL-FVRTNRSE-1PK","FLB-HOL-FVRTNRSE-1PK","1","Exact Etsy SKU matches inventory SKU; excluded from parent conversion"
"t Patrick’  Day Flatback Cabochon","charms-dangles","FLB-HOL-GRNRNBW-1PK","FLB-HOL-GRNRNBW-1PK","1","Exact Etsy SKU matches inventory SKU; excluded from parent conversion"
"Glitter Ea ter Acrylic Flatback","acrylic-flatbacks","FLB-HOL-HPPYESTR-1PK","FLB-HOL-HPPYESTR-1PK","1","Exact Etsy SKU matches inventory SKU; excluded from parent conversion"
"t Patrick’  Day Flatback Cabochon","charms-dangles","FLB-HOL-LCKYVBS-1PK","FLB-HOL-LCKYVBS-1PK","1","Exact Etsy SKU matches inventory SKU; excluded from parent conversion"
"t Patrick’  Day Flatback Cabochon","charms-dangles","FLB-HOL-LPRCHAN-1PK","FLB-HOL-LPRCHAN-1PK","1","Exact Etsy SKU matches inventory SKU; excluded from parent conversion"
"Glitter Ea ter Acrylic Flatback","acrylic-flatbacks","FLB-HOL-MAMABNNY-1PK","FLB-HOL-MAMABNNY-1PK","1","Exact Etsy SKU matches inventory SKU; excluded from parent conversion"
"Glitter Ea ter Acrylic Flatback","acrylic-flatbacks","FLB-HOL-PNKHPPYSTR-1PK","FLB-HOL-PNKHPPYSTR-1PK","1","Exact Etsy SKU matches inventory SKU; excluded from parent conversion"
"Acrylic Flatback","charms-dangles","FLB-HPPYMDS-1PK","FLB-HPPYMDS-1PK","1","Exact Etsy SKU matches inventory SKU; excluded from parent conversion"
"Acrylic Flatback","charms-dangles","FLB-HSBNDNRV-1PK","FLB-HSBNDNRV-1PK","1","Exact Etsy SKU matches inventory SKU; excluded from parent conversion"
"Acrylic Flatback","charms-dangles","FLB-HUMERUS-1PK","FLB-HUMERUS-1PK","1","Exact Etsy SKU matches inventory SKU; excluded from parent conversion"
"Chri tian Flatback","acrylic-flatbacks","FLB-HVNCRWDED-1PK","FLB-HVNCRWDED-1PK","1","Exact Etsy SKU matches inventory SKU; excluded from parent conversion"
"Acrylic Flatback","charms-dangles","FLB-HWTONRSE-1PK","FLB-HWTONRSE-1PK","1","Exact Etsy SKU matches inventory SKU; excluded from parent conversion"
"Acrylic Flatback","charms-dangles","FLB-IDCARDS-1PK","FLB-IDCARDS-1PK","1","Exact Etsy SKU matches inventory SKU; excluded from parent conversion"
"Acrylic Flatback","charms-dangles","FLB-KAREN-1PK","FLB-KAREN-1PK","1","Exact Etsy SKU matches inventory SKU; excluded from parent conversion"
"Acrylic Flatback","charms-dangles","FLB-KNDLYFCKFF-1PK","FLB-KNDLYFCKFF-1PK","1","Exact Etsy SKU matches inventory SKU; excluded from parent conversion"
"Kitchen Queen Flatback","acrylic-flatbacks","FLB-KTCHNQN-1PK","FLB-KTCHNQN-1PK","1","Exact Etsy SKU matches inventory SKU; excluded from parent conversion"
"Acrylic Flatback","charms-dangles","FLB-LNCHLDY-1PK","FLB-LNCHLDY-1PK","1","Exact Etsy SKU matches inventory SKU; excluded from parent conversion"
"Chri tian Flatback","acrylic-flatbacks","FLB-LUVLKJESUS-1PK","FLB-LUVLKJESUS-1PK","1","Exact Etsy SKU matches inventory SKU; excluded from parent conversion"
"Acrylic Flatback","charms-dangles","FLB-LVSXMAS-1PK","FLB-LVSXMAS-1PK","1","Exact Etsy SKU matches inventory SKU; excluded from parent conversion"
"Acrylic Flatback","charms-dangles","FLB-MAMEDCL-1PK","FLB-MAMEDCL-1PK","1","Exact Etsy SKU matches inventory SKU; excluded from parent conversion"
"Funny Femini t Flatback Men Opinion  De ign","acrylic-flatbacks","FLB-MNSOPNNS-1PK","FLB-MNSOPNNS-1PK","1","Exact Etsy SKU matches inventory SKU; excluded from parent conversion"
"Mardi Gra  Flatback Cabochon","charms-dangles","FLB-MRDIGRAS-1PK","FLB-MRDIGRAS-1PK","1","Exact Etsy SKU matches inventory SKU; excluded from parent conversion"
"Acrylic Flatback","charms-dangles","FLB-MRJNA-1PK","FLB-MRJNA-1PK","1","Exact Etsy SKU matches inventory SKU; excluded from parent conversion"
"Acrylic Flatback","charms-dangles","FLB-MRRYGOOSE-1PK","FLB-MRRYGOOSE-1PK","1","Exact Etsy SKU matches inventory SKU; excluded from parent conversion"
"Acrylic Flatback","charms-dangles","FLB-MRRYSNTA-1PK","FLB-MRRYSNTA-1PK","1","Exact Etsy SKU matches inventory SKU; excluded from parent conversion"
"Acrylic Flatback","charms-dangles","FLB-NCRFCLKS-1PK","FLB-NCRFCLKS-1PK","1","Exact Etsy SKU matches inventory SKU; excluded from parent conversion"
"Acrylic Flatback","charms-dangles","FLB-OFFCMNGR-1PK","FLB-OFFCMNGR-1PK","1","Exact Etsy SKU matches inventory SKU; excluded from parent conversion"
"Acrylic Flatback","charms-dangles","FLB-OGSOCWRK-1PK","FLB-OGSOCWRK-1PK","1","Exact Etsy SKU matches inventory SKU; excluded from parent conversion"
"Farmhou e Goo e Flatback","acrylic-flatbacks","FLB-OLDFSHNDCK-1PK","FLB-OLDFSHNDCK-1PK","1","Exact Etsy SKU matches inventory SKU; excluded from parent conversion"
"Acrylic Flatback","charms-dangles","FLB-PEDNUR-1PK","FLB-PEDNUR-1PK","1","Exact Etsy SKU matches inventory SKU; excluded from parent conversion"
"Acrylic Flatback","charms-dangles","FLB-PHLEBSQUD-1PK","FLB-PHLEBSQUD-1PK","1","Exact Etsy SKU matches inventory SKU; excluded from parent conversion"
"Acrylic Flatback","charms-dangles","FLB-PHLEBVEIN-1PK","FLB-PHLEBVEIN-1PK","1","Exact Etsy SKU matches inventory SKU; excluded from parent conversion"
"Acrylic Flatback","charms-dangles","FLB-PHRMYTCH-1PK","FLB-PHRMYTCH-1PK","1","Exact Etsy SKU matches inventory SKU; excluded from parent conversion"
"Acrylic Flatback","charms-dangles","FLB-PMPKNSPCSSN-1PK","FLB-PMPKNSPCSSN-1PK","1","Exact Etsy SKU matches inventory SKU; excluded from parent conversion"
"Acrylic Flatback","charms-dangles","FLB-PNKBOW-1PK","FLB-PNKBOW-1PK","1","Exact Etsy SKU matches inventory SKU; excluded from parent conversion"
"illy Goo e Flatback","acrylic-flatbacks","FLB-PNKGSSLOOS-1PK","FLB-PNKGSSLOOS-1PK","1","Exact Etsy SKU matches inventory SKU; excluded from parent conversion"
"Acrylic Flatback","charms-dangles","FLB-PRNCPL-1PK","FLB-PRNCPL-1PK","1","Exact Etsy SKU matches inventory SKU; excluded from parent conversion"
"Chri tian Flatback","acrylic-flatbacks","FLB-PRYFRYOU-1PK","FLB-PRYFRYOU-1PK","1","Exact Etsy SKU matches inventory SKU; excluded from parent conversion"
"Acrylic Flatback","charms-dangles","FLB-PURCNCRBBN-1PK","FLB-PURCNCRBBN-1PK","1","Exact Etsy SKU matches inventory SKU; excluded from parent conversion"
"Puzzle Lover Flatback Cabochon","acrylic-flatbacks","FLB-PUZZLOVRS-1PK","FLB-PUZZLOVRS-1PK","1","Exact Etsy SKU matches inventory SKU; excluded from parent conversion"
"Acrylic Flatback","charms-dangles","FLB-REINDEER-1PK","FLB-REINDEER-1PK","1","Exact Etsy SKU matches inventory SKU; excluded from parent conversion"
"Chri tian Flatback","acrylic-flatbacks","FLB-RELIGSMIX-6PK","FLB-RELIGSMIX-6PK","6","Exact Etsy SKU matches inventory SKU; excluded from parent conversion"
"Acrylic Flatback","charms-dangles","FLB-REMWHY-1PK","FLB-REMWHY-1PK","1","Exact Etsy SKU matches inventory SKU; excluded from parent conversion"
"Acrylic Flatback","charms-dangles","FLB-RGSTRDNRS-1PK","FLB-RGSTRDNRS-1PK","1","Exact Etsy SKU matches inventory SKU; excluded from parent conversion"
"Acrylic Flatback","charms-dangles","FLB-RNDEERJOY-1PK","FLB-RNDEERJOY-1PK","1","Exact Etsy SKU matches inventory SKU; excluded from parent conversion"
"Acrylic Flatback","charms-dangles","FLB-SAFEME-1PK","FLB-SAFEME-1PK","1","Exact Etsy SKU matches inventory SKU; excluded from parent conversion"
"Acrylic Flatback","charms-dangles","FLB-SCLWRKCHTH-1PK","FLB-SCLWRKCHTH-1PK","1","Exact Etsy SKU matches inventory SKU; excluded from parent conversion"
"Acrylic Flatback","charms-dangles","FLB-SCLWRKFLWR-1PK","FLB-SCLWRKFLWR-1PK","1","Exact Etsy SKU matches inventory SKU; excluded from parent conversion"
"Acrylic Flatback","charms-dangles","FLB-SHKRSNTA-1PK","FLB-SHKRSNTA-1PK","1","Exact Etsy SKU matches inventory SKU; excluded from parent conversion"
"Acrylic Flatback","charms-dangles","FLB-SHKRSNWGLB-1PK","FLB-SHKRSNWGLB-1PK","1","Exact Etsy SKU matches inventory SKU; excluded from parent conversion"
"Acrylic Flatback","charms-dangles","FLB-SHKRSNWMN-1PK","FLB-SHKRSNWMN-1PK","1","Exact Etsy SKU matches inventory SKU; excluded from parent conversion"
"Acrylic Flatback","charms-dangles","FLB-SHKRSTCKNG-1PK","FLB-SHKRSTCKNG-1PK","1","Exact Etsy SKU matches inventory SKU; excluded from parent conversion"
"illy Goo e Flatback","acrylic-flatbacks","FLB-SILLYMIX-3PK","FLB-SILLYMIX-3PK","3","Exact Etsy SKU matches inventory SKU; excluded from parent conversion"
"illy Goo e Flatback","acrylic-flatbacks","FLB-SLLYGSSE-1PK","FLB-SLLYGSSE-1PK","1","Exact Etsy SKU matches inventory SKU; excluded from parent conversion"
"leepy Girl  Club Flatback","acrylic-flatbacks","FLB-SLPYGRLSCLB-1PK","FLB-SLPYGRLSCLB-1PK","1","Exact Etsy SKU matches inventory SKU; excluded from parent conversion"
"Acrylic Flatback","charms-dangles","FLB-SMLBLU-1PK","FLB-SMLBLU-1PK","1","Exact Etsy SKU matches inventory SKU; excluded from parent conversion"
"Acrylic Flatback","charms-dangles","FLB-SMLFLWR-1PK","FLB-SMLFLWR-1PK","1","Exact Etsy SKU matches inventory SKU; excluded from parent conversion"
"Acrylic Flatback","charms-dangles","FLB-SMLMIX-6PK","FLB-SMLMIX-6PK","6","Exact Etsy SKU matches inventory SKU; excluded from parent conversion"
"Acrylic Flatback","charms-dangles","FLB-SMLORG-1PK","FLB-SMLORG-1PK","1","Exact Etsy SKU matches inventory SKU; excluded from parent conversion"
"Acrylic Flatback","charms-dangles","FLB-SMLPNK-1PK","FLB-SMLPNK-1PK","1","Exact Etsy SKU matches inventory SKU; excluded from parent conversion"
"Acrylic Flatback","charms-dangles","FLB-SMLPUR-1PK","FLB-SMLPUR-1PK","1","Exact Etsy SKU matches inventory SKU; excluded from parent conversion"
"Acrylic Flatback","charms-dangles","FLB-SMLWHT-1PK","FLB-SMLWHT-1PK","1","Exact Etsy SKU matches inventory SKU; excluded from parent conversion"
"Acrylic Flatback","charms-dangles","FLB-SMLYEL-1PK","FLB-SMLYEL-1PK","1","Exact Etsy SKU matches inventory SKU; excluded from parent conversion"
"mile Zone Badge Reel Topper","acrylic-flatbacks","FLB-SMLZNE-1PK","FLB-SMLZNE-1PK","1","Exact Etsy SKU matches inventory SKU; excluded from parent conversion"
"Acrylic Flatback","charms-dangles","FLB-SNDWNSNST-1PK","FLB-SNDWNSNST-1PK","1","Exact Etsy SKU matches inventory SKU; excluded from parent conversion"
"Spooky Halloween Flatbacks Ghost Acrylic Cabochons Fall Badge Reel Topper DIY Craft Supplies Leopard Checkerboard Spooky Season","acrylic-flatbacks","FLB-SPKYCHCKRGLTTR-1PK","FLB-SPKYCHCKRGLTTR-1PK","1","Exact Etsy SKU matches inventory SKU; excluded from parent conversion"
"Spooky Halloween Flatbacks Ghost Acrylic Cabochons Fall Badge Reel Topper DIY Craft Supplies Leopard Checkerboard Spooky Season","acrylic-flatbacks","FLB-SPKYLPRD-1PK","FLB-SPKYLPRD-1PK","1","Exact Etsy SKU matches inventory SKU; excluded from parent conversion"
"Acrylic Flatback","charms-dangles","FLB-SQRRL-1PK","FLB-SQRRL-1PK","1","Exact Etsy SKU matches inventory SKU; excluded from parent conversion"
"Acrylic Flatback","charms-dangles","FLB-STOCKING-1PK","FLB-STOCKING-1PK","1","Exact Etsy SKU matches inventory SKU; excluded from parent conversion"
"Acrylic Flatback","charms-dangles","FLB-STOPHRT-1PK","FLB-STOPHRT-1PK","1","Exact Etsy SKU matches inventory SKU; excluded from parent conversion"
"Acrylic Flatback","charms-dangles","FLB-STRGGLEBUS-1PK","FLB-STRGGLEBUS-1PK","1","Exact Etsy SKU matches inventory SKU; excluded from parent conversion"
"Acrylic Flatback","charms-dangles","FLB-STUFF-1PK","FLB-STUFF-1PK","1","Exact Etsy SKU matches inventory SKU; excluded from parent conversion"
"Acrylic Flatback","charms-dangles","FLB-TLKTMCH-1PK","FLB-TLKTMCH-1PK","1","Exact Etsy SKU matches inventory SKU; excluded from parent conversion"
"Acrylic Flatback","charms-dangles","FLB-TRKY-1PK","FLB-TRKY-1PK","1","Exact Etsy SKU matches inventory SKU; excluded from parent conversion"
"Acrylic Flatback","charms-dangles","FLB-TRUCRIM-1PK","FLB-TRUCRIM-1PK","1","Exact Etsy SKU matches inventory SKU; excluded from parent conversion"
"Acrylic Flatback","charms-dangles","FLB-UNSPRVSD-1PK","FLB-UNSPRVSD-1PK","1","Exact Etsy SKU matches inventory SKU; excluded from parent conversion"
"Acrylic Flatback","charms-dangles","FLB-VAL-CPDFVRT-1PK","FLB-VAL-CPDFVRT-1PK","1","Exact Etsy SKU matches inventory SKU; excluded from parent conversion"
"Acrylic Flatback","charms-dangles","FLB-VAL-ENVLP-1PK","FLB-VAL-ENVLP-1PK","1","Exact Etsy SKU matches inventory SKU; excluded from parent conversion"
"Acrylic Flatback","charms-dangles","FLB-VAL-GNME-1PK","FLB-VAL-GNME-1PK","1","Exact Etsy SKU matches inventory SKU; excluded from parent conversion"
"Acrylic Flatback","charms-dangles","FLB-VAL-HNGRY-1PK","FLB-VAL-HNGRY-1PK","1","Exact Etsy SKU matches inventory SKU; excluded from parent conversion"
"Acrylic Flatback","charms-dangles","FLB-VMPRE-1PK","FLB-VMPRE-1PK","1","Exact Etsy SKU matches inventory SKU; excluded from parent conversion"
"Dach hund Flatback","acrylic-flatbacks","FLB-WENRDOG-1PK","FLB-WENRDOG-1PK","1","Exact Etsy SKU matches inventory SKU; excluded from parent conversion"
"illy Goo e Flatback","acrylic-flatbacks","FLB-WHTGSSLOOS-1PK","FLB-WHTGSSLOOS-1PK","1","Exact Etsy SKU matches inventory SKU; excluded from parent conversion"
"Acrylic Flatback","charms-dangles","FLB-WRKHERE-1PK","FLB-WRKHERE-1PK","1","Exact Etsy SKU matches inventory SKU; excluded from parent conversion"
"Acrylic Flatback","charms-dangles","FLB-WRNNG-1PK","FLB-WRNNG-1PK","1","Exact Etsy SKU matches inventory SKU; excluded from parent conversion"
"My Kind of Witchcraft Badge Reel Topper","acrylic-flatbacks","FLB-WTCHCRFT-1PK","FLB-WTCHCRFT-1PK","1","Exact Etsy SKU matches inventory SKU; excluded from parent conversion"
"Acrylic Flatback","charms-dangles","FLB-XMASTREE-1PK","FLB-XMASTREE-1PK","1","Exact Etsy SKU matches inventory SKU; excluded from parent conversion"
"Acrylic Flatback","charms-dangles","FLB-XRAYTCHGLD-1PK","FLB-XRAYTCHGLD-1PK","1","Exact Etsy SKU matches inventory SKU; excluded from parent conversion"
"Acrylic Flatback","charms-dangles","FLB-XRAYTCHSLV-1PK","FLB-XRAYTCHSLV-1PK","1","Exact Etsy SKU matches inventory SKU; excluded from parent conversion"
"Acrylic Flatback","charms-dangles","FLB-YUKNW67-1PK","FLB-YUKNW67-1PK","1","Exact Etsy SKU matches inventory SKU; excluded from parent conversion"
"Ocean Animal Focal Bead","focal-beads","FOC-3D-ANI-JLLYFSH-1PK","FOC-3D-ANI-JLLYFSH-1PK","1","Exact Etsy SKU matches inventory SKU; excluded from parent conversion"
"3D Peacock  ilicone Focal Bead","focal-beads","FOC-3D-ANI-LTBLUPECCK-1PK","FOC-3D-ANI-LTBLUPECCK-1PK","1","Exact Etsy SKU matches inventory SKU; excluded from parent conversion"
"Ocean Animal Focal Bead","focal-beads","FOC-3D-ANI-OCTPS-1PK","FOC-3D-ANI-OCTPS-1PK","1","Exact Etsy SKU matches inventory SKU; excluded from parent conversion"
"Ocean Animal Focal Bead","focal-beads","FOC-3D-ANI-ORCA-1PK","FOC-3D-ANI-ORCA-1PK","1","Exact Etsy SKU matches inventory SKU; excluded from parent conversion"
"3D Peacock  ilicone Focal Bead","focal-beads","FOC-3D-ANI-PECCK-1PK","FOC-3D-ANI-PECCK-1PK","1","Exact Etsy SKU matches inventory SKU; excluded from parent conversion"
"Ocean Animal Focal Bead","focal-beads","FOC-3D-ANI-SEAHRS-1PK","FOC-3D-ANI-SEAHRS-1PK","1","Exact Etsy SKU matches inventory SKU; excluded from parent conversion"
"Ocean Animal Focal Bead","focal-beads","FOC-3D-ANI-SEAL-1PK","FOC-3D-ANI-SEAL-1PK","1","Exact Etsy SKU matches inventory SKU; excluded from parent conversion"
"Ocean Animal Focal Bead","focal-beads","FOC-3D-ANI-SQUD-1PK","FOC-3D-ANI-SQUD-1PK","1","Exact Etsy SKU matches inventory SKU; excluded from parent conversion"
"Ocean Animal Focal Bead","focal-beads","FOC-3D-ANI-STRFSH-1PK","FOC-3D-ANI-STRFSH-1PK","1","Exact Etsy SKU matches inventory SKU; excluded from parent conversion"
"Ocean Animal Focal Bead","focal-beads","FOC-3D-ANI-TRPCLFSH-1PK","FOC-3D-ANI-TRPCLFSH-1PK","1","Exact Etsy SKU matches inventory SKU; excluded from parent conversion"
"Ocean Animal Focal Bead","focal-beads","FOC-3D-ANI-TUNA-1PK","FOC-3D-ANI-TUNA-1PK","1","Exact Etsy SKU matches inventory SKU; excluded from parent conversion"
"Ocean Animal Focal Bead","focal-beads","FOC-3D-ANI-WHALE-1PK","FOC-3D-ANI-WHALE-1PK","1","Exact Etsy SKU matches inventory SKU; excluded from parent conversion"
"Medical 3D  ilicone Focal Bead","focal-beads","FOC-3D-BLDBG-1PK","FOC-3D-BLDBG-1PK","1","Exact Etsy SKU matches inventory SKU; excluded from parent conversion"
"3D Coffee  ilicone Focal Bead","focal-beads","FOC-3D-CFFEECUPMIX-5PK","FOC-3D-CFFEECUPMIX-5PK","5","Exact Etsy SKU matches inventory SKU; excluded from parent conversion"
"3D Coffee  ilicone Focal Bead","focal-beads","FOC-3D-CFFEEHRT-1PK","FOC-3D-CFFEEHRT-1PK","1","Exact Etsy SKU matches inventory SKU; excluded from parent conversion"
"3D Chri tian Focal Bead","focal-beads","FOC-3D-CHURCH-1PK","FOC-3D-CHURCH-1PK","1","Exact Etsy SKU matches inventory SKU; excluded from parent conversion"
"3D Coffee  ilicone Focal Bead","focal-beads","FOC-3D-COWCFFEECUP-1PK","FOC-3D-COWCFFEECUP-1PK","1","Exact Etsy SKU matches inventory SKU; excluded from parent conversion"
"3D Coffee  ilicone Focal Bead","focal-beads","FOC-3D-GNMECFFEECUP-1PK","FOC-3D-GNMECFFEECUP-1PK","1","Exact Etsy SKU matches inventory SKU; excluded from parent conversion"
"3D Gho t Focal Bead","focal-beads","FOC-3D-HAL-BATGHST-1PK","FOC-3D-HAL-BATGHST-1PK","1","Exact Etsy SKU matches inventory SKU; excluded from parent conversion"
"3D Gho t Focal Bead","focal-beads","FOC-3D-HAL-BOOGHST-1PK","FOC-3D-HAL-BOOGHST-1PK","1","Exact Etsy SKU matches inventory SKU; excluded from parent conversion"
"3D Gho t Focal Bead","focal-beads","FOC-3D-HAL-CATGHST-1PK","FOC-3D-HAL-CATGHST-1PK","1","Exact Etsy SKU matches inventory SKU; excluded from parent conversion"
"3D Gho t Focal Bead","focal-beads","FOC-3D-HAL-GHSTMIX-4PK","FOC-3D-HAL-GHSTMIX-4PK","4","Exact Etsy SKU matches inventory SKU; excluded from parent conversion"
"3D Gho t Focal Bead","focal-beads","FOC-3D-HAL-HUGGHST-1PK","FOC-3D-HAL-HUGGHST-1PK","1","Exact Etsy SKU matches inventory SKU; excluded from parent conversion"
"3D Chri tian Focal Bead","focal-beads","FOC-3D-JESUS-1PK","FOC-3D-JESUS-1PK","1","Exact Etsy SKU matches inventory SKU; excluded from parent conversion"
"3D Chri tian Focal Bead","focal-beads","FOC-3D-MARY-1PK","FOC-3D-MARY-1PK","1","Exact Etsy SKU matches inventory SKU; excluded from parent conversion"
"Medical 3D  ilicone Focal Bead","focal-beads","FOC-3D-MDCLMIX","FOC-3D-MDCLMIX","1","Exact Etsy SKU matches inventory SKU; excluded from parent conversion"
"Medical 3D  ilicone Focal Bead","focal-beads","FOC-3D-MDCLSYMBL-1PK","FOC-3D-MDCLSYMBL-1PK","1","Exact Etsy SKU matches inventory SKU; excluded from parent conversion"
"3D Chri tian Focal Bead","focal-beads","FOC-3D-NUN-1PK","FOC-3D-NUN-1PK","1","Exact Etsy SKU matches inventory SKU; excluded from parent conversion"
"3D Coffee  ilicone Focal Bead","focal-beads","FOC-3D-PNKCFFEECUP-1PK","FOC-3D-PNKCFFEECUP-1PK","1","Exact Etsy SKU matches inventory SKU; excluded from parent conversion"
"3D Coffee  ilicone Focal Bead","focal-beads","FOC-3D-PWPRNTCFFEECUP-1PK","FOC-3D-PWPRNTCFFEECUP-1PK","1","Exact Etsy SKU matches inventory SKU; excluded from parent conversion"
"3D Chri tian Focal Bead","focal-beads","FOC-3D-RELIGIOUSMIX-4PK","FOC-3D-RELIGIOUSMIX-4PK","4","Exact Etsy SKU matches inventory SKU; excluded from parent conversion"
"Medical 3D  ilicone Focal Bead","focal-beads","FOC-3D-RXBTTLE-1PK","FOC-3D-RXBTTLE-1PK","1","Exact Etsy SKU matches inventory SKU; excluded from parent conversion"
"Medical 3D  ilicone Focal Bead","focal-beads","FOC-3D-THRMTR-1PK","FOC-3D-THRMTR-1PK","1","Exact Etsy SKU matches inventory SKU; excluded from parent conversion"
"3D Bead Beer Focal Bead","focal-beads","FOC-ADT-3D-BRMG-1PK","FOC-ADT-3D-BRMG-1PK","1","Exact Etsy SKU matches inventory SKU; excluded from parent conversion"
"Marijuana Bead","focal-beads","FOC-ADT-420SLTNS-1PK","FOC-ADT-420SLTNS-1PK","1","Exact Etsy SKU matches inventory SKU; excluded from parent conversion"
"Marijuana Bead","focal-beads","FOC-ADT-BKDAF-1PK","FOC-ADT-BKDAF-1PK","1","Exact Etsy SKU matches inventory SKU; excluded from parent conversion"
"Book   picy Coffee Icy Bead","focal-beads","FOC-ADT-BKSPCYCFFE-1PK","FOC-ADT-BKSPCYCFFE-1PK","1","Exact Etsy SKU matches inventory SKU; excluded from parent conversion"
"Beer Focal Bead","focal-beads","FOC-ADT-BSTBEER-1PK","FOC-ADT-BSTBEER-1PK","1","Exact Etsy SKU matches inventory SKU; excluded from parent conversion"
"Funny Phra e  Bead","focal-beads","FOC-ADT-BTCHDNT-1PK","FOC-ADT-BTCHDNT-1PK","1","Exact Etsy SKU matches inventory SKU; excluded from parent conversion"
"Marijuana Bead","focal-beads","FOC-ADT-BYMYSLFFLWR-1PK","FOC-ADT-BYMYSLFFLWR-1PK","1","Exact Etsy SKU matches inventory SKU; excluded from parent conversion"
"Marijuana Bead","focal-beads","FOC-ADT-CFFNMYCP-1PK","FOC-ADT-CFFNMYCP-1PK","1","Exact Etsy SKU matches inventory SKU; excluded from parent conversion"
"Marijuana Bead","focal-beads","FOC-ADT-DKGRNLF-1PK","FOC-ADT-DKGRNLF-1PK","1","Exact Etsy SKU matches inventory SKU; excluded from parent conversion"
"Marijuana Bead","focal-beads","FOC-ADT-DNTPANIC-1PK","FOC-ADT-DNTPANIC-1PK","1","Exact Etsy SKU matches inventory SKU; excluded from parent conversion"
"Floating on the River Bead","focal-beads","FOC-ADT-FLTNGRVR-1PK","FOC-ADT-FLTNGRVR-1PK","1","Exact Etsy SKU matches inventory SKU; excluded from parent conversion"
"Adult Humor Bead","focal-beads","FOC-ADT-FOFO-1PK","FOC-ADT-FOFO-1PK","1","Exact Etsy SKU matches inventory SKU; excluded from parent conversion"
"Happy Med  Bead","focal-beads","FOC-ADT-HPPYMEDS-1PK","FOC-ADT-HPPYMEDS-1PK","1","Exact Etsy SKU matches inventory SKU; excluded from parent conversion"
"Marijuana Bead","focal-beads","FOC-ADT-LTGRNLF-1PK","FOC-ADT-LTGRNLF-1PK","1","Exact Etsy SKU matches inventory SKU; excluded from parent conversion"
"Wine O' Clock Focal Bead","focal-beads","FOC-ADT-PNK-WNE-1PK","FOC-ADT-PNK-WNE-1PK","1","Exact Etsy SKU matches inventory SKU; excluded from parent conversion"
"Pew Pew Focal Bead","focal-beads","FOC-ADT-PWPW-1PK","FOC-ADT-PWPW-1PK","1","Exact Etsy SKU matches inventory SKU; excluded from parent conversion"
"Wine O' Clock Focal Bead","focal-beads","FOC-ADT-RED-WNE-1PK","FOC-ADT-RED-WNE-1PK","1","Exact Etsy SKU matches inventory SKU; excluded from parent conversion"
"Adult Humor Bead","focal-beads","FOC-ADT-SLTYBTCH-1PK","FOC-ADT-SLTYBTCH-1PK","1","Exact Etsy SKU matches inventory SKU; excluded from parent conversion"
"Marijuana Bead","focal-beads","FOC-ADT-SMKREPEAT-1PK","FOC-ADT-SMKREPEAT-1PK","1","Exact Etsy SKU matches inventory SKU; excluded from parent conversion"
"mut Book Bead","focal-beads","FOC-ADT-SMUT-1PK","FOC-ADT-SMUT-1PK","1","Exact Etsy SKU matches inventory SKU; excluded from parent conversion"
"picy Book Bead","focal-beads","FOC-ADT-SPCYBKCLB-1PK","FOC-ADT-SPCYBKCLB-1PK","1","Exact Etsy SKU matches inventory SKU; excluded from parent conversion"
"toner Bead","focal-beads","FOC-ADT-STNRBBE-1PK","FOC-ADT-STNRBBE-1PK","1","Exact Etsy SKU matches inventory SKU; excluded from parent conversion"
"Funny Bead","focal-beads","FOC-ADT-STUPID-1PK","FOC-ADT-STUPID-1PK","1","Exact Etsy SKU matches inventory SKU; excluded from parent conversion"
"Wine Focal Bead","focal-beads","FOC-ADT-WNE-ENDS-1PK","FOC-ADT-WNE-ENDS-1PK","1","Exact Etsy SKU matches inventory SKU; excluded from parent conversion"
"3D Baby Pig Bead","focal-beads","FOC-ANI-3D-BBYPIG-1PK","FOC-ANI-3D-BBYPIG-1PK","1","Exact Etsy SKU matches inventory SKU; excluded from parent conversion"
"3D Bead Bee Bead","focal-beads","FOC-ANI-3D-BEE-1PK","FOC-ANI-3D-BEE-1PK","1","Exact Etsy SKU matches inventory SKU; excluded from parent conversion"
"3D Bead","focal-beads","FOC-ANI-3D-BEI-BBYCW-1PK","FOC-ANI-3D-BEI-BBYCW-1PK","1","Exact Etsy SKU matches inventory SKU; excluded from parent conversion"
"3D Bear Bead","focal-beads","FOC-ANI-3D-BEIGBR-1PK","FOC-ANI-3D-BEIGBR-1PK","1","Exact Etsy SKU matches inventory SKU; excluded from parent conversion"
"3D Bead Kitty Cat Bead","focal-beads","FOC-ANI-3D-BEIGKTTY-1PK","FOC-ANI-3D-BEIGKTTY-1PK","1","Exact Etsy SKU matches inventory SKU; excluded from parent conversion"
"3D Bead Bat Bead","charms-dangles","FOC-ANI-3D-BLKBAT-1PK","FOC-ANI-3D-BLKBAT-1PK","1","Exact Etsy SKU matches inventory SKU; excluded from parent conversion"
"3D Rubber Duck Bead","focal-beads","FOC-ANI-3D-BLKCWDCK-1PK","FOC-ANI-3D-BLKCWDCK-1PK","1","Exact Etsy SKU matches inventory SKU; excluded from parent conversion"
"3D Baby Bear Bead","focal-beads","FOC-ANI-3D-BLUBBYBR-1PK","FOC-ANI-3D-BLUBBYBR-1PK","1","Exact Etsy SKU matches inventory SKU; excluded from parent conversion"
"3D Bead Yellow Rubber Duck Bead","focal-beads","FOC-ANI-3D-BLUDCK-1PK","FOC-ANI-3D-BLUDCK-1PK","1","Exact Etsy SKU matches inventory SKU; excluded from parent conversion"
"3D Bead","focal-beads","FOC-ANI-3D-BRN-BBYCW-1PK","FOC-ANI-3D-BRN-BBYCW-1PK","1","Exact Etsy SKU matches inventory SKU; excluded from parent conversion"
"3D Baby Bear Bead","focal-beads","FOC-ANI-3D-BRNBBYBR-1PK","FOC-ANI-3D-BRNBBYBR-1PK","1","Exact Etsy SKU matches inventory SKU; excluded from parent conversion"
"3D Bear Bead","focal-beads","FOC-ANI-3D-BRNBR-1PK","FOC-ANI-3D-BRNBR-1PK","1","Exact Etsy SKU matches inventory SKU; excluded from parent conversion"
"3D Rubber Duck Bead","focal-beads","FOC-ANI-3D-BRNCWDCK-1PK","FOC-ANI-3D-BRNCWDCK-1PK","1","Exact Etsy SKU matches inventory SKU; excluded from parent conversion"
"3D Bead Kitty Cat Bead","focal-beads","FOC-ANI-3D-BRNKTTY-1PK","FOC-ANI-3D-BRNKTTY-1PK","1","Exact Etsy SKU matches inventory SKU; excluded from parent conversion"
"3D Cat  ilicone Focal Bead","focal-beads","FOC-ANI-3D-CATSMIX-5PK","FOC-ANI-3D-CATSMIX-5PK","5","Exact Etsy SKU matches inventory SKU; excluded from parent conversion"
"3D Bead Chicken Bead","focal-beads","FOC-ANI-3D-CHCKN-1PK","FOC-ANI-3D-CHCKN-1PK","1","Exact Etsy SKU matches inventory SKU; excluded from parent conversion"
"3D Cow","focal-beads","FOC-ANI-3D-COW-1PK","FOC-ANI-3D-COW-1PK","1","Exact Etsy SKU matches inventory SKU; excluded from parent conversion"
"3D Animal Focal  ilicone Bead","focal-beads","FOC-ANI-3D-CRAB-1PK","FOC-ANI-3D-CRAB-1PK","1","Exact Etsy SKU matches inventory SKU; excluded from parent conversion"
"3D Cardinal Bead","focal-beads","FOC-ANI-3D-CRDNL-1PK","FOC-ANI-3D-CRDNL-1PK","1","Exact Etsy SKU matches inventory SKU; excluded from parent conversion"
"3D Bead Cow Bead","focal-beads","FOC-ANI-3D-CWGNME-1PK","FOC-ANI-3D-CWGNME-1PK","1","Exact Etsy SKU matches inventory SKU; excluded from parent conversion"
"3D Puppy  ilicone Focal Bead","focal-beads","FOC-ANI-3D-DCHSHND-1PK","FOC-ANI-3D-DCHSHND-1PK","1","Exact Etsy SKU matches inventory SKU; excluded from parent conversion"
"3D Bead Deer Bead","focal-beads","FOC-ANI-3D-DEER-1PK","FOC-ANI-3D-DEER-1PK","1","Exact Etsy SKU matches inventory SKU; excluded from parent conversion"
"3D Bead Dolphin Bead","focal-beads","FOC-ANI-3D-DKBLUDLPHN-1PK","FOC-ANI-3D-DKBLUDLPHN-1PK","1","Exact Etsy SKU matches inventory SKU; excluded from parent conversion"
"3D Bead Bat Bead","charms-dangles","FOC-ANI-3D-DKGRYBAT-1PK","FOC-ANI-3D-DKGRYBAT-1PK","1","Exact Etsy SKU matches inventory SKU; excluded from parent conversion"
"3D Bead Dolphin Bead","focal-beads","FOC-ANI-3D-DKGRYDLPHN-1PK","FOC-ANI-3D-DKGRYDLPHN-1PK","1","Exact Etsy SKU matches inventory SKU; excluded from parent conversion"
"3D  nail Bead","focal-beads","FOC-ANI-3D-DKTEALSNL-1PK","FOC-ANI-3D-DKTEALSNL-1PK","1","Exact Etsy SKU matches inventory SKU; excluded from parent conversion"
"3D Bead Kitty Cat Bead","focal-beads","FOC-ANI-3D-DKYELKTTY-1PK","FOC-ANI-3D-DKYELKTTY-1PK","1","Exact Etsy SKU matches inventory SKU; excluded from parent conversion"
"3D  nail Bead","focal-beads","FOC-ANI-3D-DKYELSNL-1PK","FOC-ANI-3D-DKYELSNL-1PK","1","Exact Etsy SKU matches inventory SKU; excluded from parent conversion"
"3D Bead  ilicone Focal Bead","focal-beads","FOC-ANI-3D-DNKY-1PK","FOC-ANI-3D-DNKY-1PK","1","Exact Etsy SKU matches inventory SKU; excluded from parent conversion"
"3D Puppy  ilicone Focal Bead","focal-beads","FOC-ANI-3D-DOGMIX-5PK","FOC-ANI-3D-DOGMIX-5PK","5","Exact Etsy SKU matches inventory SKU; excluded from parent conversion"
"3D Dragon","focal-beads","FOC-ANI-3D-DRGN-BLK-1PK","FOC-ANI-3D-DRGN-BLK-1PK","1","Exact Etsy SKU matches inventory SKU; excluded from parent conversion"
"3D Dragon","focal-beads","FOC-ANI-3D-DRGN-RED-1PK","FOC-ANI-3D-DRGN-RED-1PK","1","Exact Etsy SKU matches inventory SKU; excluded from parent conversion"
"3D Bead","focal-beads","FOC-ANI-3D-ELEPHNT-1PK","FOC-ANI-3D-ELEPHNT-1PK","1","Exact Etsy SKU matches inventory SKU; excluded from parent conversion"
"3D Bead Pink Flamingo Bead","focal-beads","FOC-ANI-3D-FLMNGO-1PK","FOC-ANI-3D-FLMNGO-1PK","1","Exact Etsy SKU matches inventory SKU; excluded from parent conversion"
"3D Puppy  ilicone Focal Bead","focal-beads","FOC-ANI-3D-FRNCHBLLDG-1PK","FOC-ANI-3D-FRNCHBLLDG-1PK","1","Exact Etsy SKU matches inventory SKU; excluded from parent conversion"
"3D Animal Focal  ilicone Bead","focal-beads","FOC-ANI-3D-FROG-1PK","FOC-ANI-3D-FROG-1PK","1","Exact Etsy SKU matches inventory SKU; excluded from parent conversion"
"3D Puppy  ilicone Focal Bead","focal-beads","FOC-ANI-3D-GLDNRTRVR-1PK","FOC-ANI-3D-GLDNRTRVR-1PK","1","Exact Etsy SKU matches inventory SKU; excluded from parent conversion"
"3D Giraffe Bead","focal-beads","FOC-ANI-3D-GRFFE-1PK","FOC-ANI-3D-GRFFE-1PK","1","Exact Etsy SKU matches inventory SKU; excluded from parent conversion"
"3D Bead Yellow Rubber Duck Bead","focal-beads","FOC-ANI-3D-GRNDCK-1PK","FOC-ANI-3D-GRNDCK-1PK","1","Exact Etsy SKU matches inventory SKU; excluded from parent conversion"
"3D  nail Bead","focal-beads","FOC-ANI-3D-GRNSNL-1PK","FOC-ANI-3D-GRNSNL-1PK","1","Exact Etsy SKU matches inventory SKU; excluded from parent conversion"
"3D Baby Bear Bead","focal-beads","FOC-ANI-3D-GRYBBYBR-1PK","FOC-ANI-3D-GRYBBYBR-1PK","1","Exact Etsy SKU matches inventory SKU; excluded from parent conversion"
"3D Bead Kitty Cat Bead","focal-beads","FOC-ANI-3D-GRYKTTY-1PK","FOC-ANI-3D-GRYKTTY-1PK","1","Exact Etsy SKU matches inventory SKU; excluded from parent conversion"
"3D Cat  ilicone Focal Bead","focal-beads","FOC-ANI-3D-HNDHRTORG-1PK","FOC-ANI-3D-HNDHRTORG-1PK","1","Exact Etsy SKU matches inventory SKU; excluded from parent conversion"
"3D Bead Yellow Rubber Duck Bead","focal-beads","FOC-ANI-3D-HTPNKDCK-1PK","FOC-ANI-3D-HTPNKDCK-1PK","1","Exact Etsy SKU matches inventory SKU; excluded from parent conversion"
"3D Bead Jellyfi h Bead","focal-beads","FOC-ANI-3D-JLLYFSHBW-1PK","FOC-ANI-3D-JLLYFSHBW-1PK","1","Exact Etsy SKU matches inventory SKU; excluded from parent conversion"
"Lob ter Bead","charms-dangles","FOC-ANI-3D-LBSTR-1PK","FOC-ANI-3D-LBSTR-1PK","1","Exact Etsy SKU matches inventory SKU; excluded from parent conversion"
"3D Llama Bead","focal-beads","FOC-ANI-3D-LLAMA-1PK","FOC-ANI-3D-LLAMA-1PK","1","Exact Etsy SKU matches inventory SKU; excluded from parent conversion"
"3D Bead Dolphin Bead","focal-beads","FOC-ANI-3D-LTBLUDLPHN-1PK","FOC-ANI-3D-LTBLUDLPHN-1PK","1","Exact Etsy SKU matches inventory SKU; excluded from parent conversion"
"3D Cat  ilicone Focal Bead","focal-beads","FOC-ANI-3D-LTGRYBGHEAD-1PK","FOC-ANI-3D-LTGRYBGHEAD-1PK","1","Exact Etsy SKU matches inventory SKU; excluded from parent conversion"
"3D Bead Dolphin Bead","focal-beads","FOC-ANI-3D-LTGRYDLPHN-1PK","FOC-ANI-3D-LTGRYDLPHN-1PK","1","Exact Etsy SKU matches inventory SKU; excluded from parent conversion"
"3D Bead Yellow Rubber Duck Bead","focal-beads","FOC-ANI-3D-LTPNKDCK-1PK","FOC-ANI-3D-LTPNKDCK-1PK","1","Exact Etsy SKU matches inventory SKU; excluded from parent conversion"
"3D Baby Bear Bead","focal-beads","FOC-ANI-3D-MAUVBBYBR-1PK","FOC-ANI-3D-MAUVBBYBR-1PK","1","Exact Etsy SKU matches inventory SKU; excluded from parent conversion"
"3D Bead Bat Bead","charms-dangles","FOC-ANI-3D-METSLVBAT-1PK","FOC-ANI-3D-METSLVBAT-1PK","1","Exact Etsy SKU matches inventory SKU; excluded from parent conversion"
"Mallard Duck Focal Bead","charms-dangles","FOC-ANI-3D-MLLRD-1PK","FOC-ANI-3D-MLLRD-1PK","1","Exact Etsy SKU matches inventory SKU; excluded from parent conversion"
"3D Bead  ilicone Focal Bead","focal-beads","FOC-ANI-3D-MOOSE-1PK","FOC-ANI-3D-MOOSE-1PK","1","Exact Etsy SKU matches inventory SKU; excluded from parent conversion"
"3D  nail Bead","focal-beads","FOC-ANI-3D-NWGRNSNL-1PK","FOC-ANI-3D-NWGRNSNL-1PK","1","Exact Etsy SKU matches inventory SKU; excluded from parent conversion"
"3D Bead  ilicone Focal Bead","focal-beads","FOC-ANI-3D-NWKOLA-1PK","FOC-ANI-3D-NWKOLA-1PK","1","Exact Etsy SKU matches inventory SKU; excluded from parent conversion"
"3D  nail Bead","focal-beads","FOC-ANI-3D-NWYELSNL-1PK","FOC-ANI-3D-NWYELSNL-1PK","1","Exact Etsy SKU matches inventory SKU; excluded from parent conversion"
"3D Cat  ilicone Focal Bead","focal-beads","FOC-ANI-3D-PAWSDKGRY-1PK","FOC-ANI-3D-PAWSDKGRY-1PK","1","Exact Etsy SKU matches inventory SKU; excluded from parent conversion"
"3D Bead Panda Focal Bead","focal-beads","FOC-ANI-3D-PNDBMBO-1PK","FOC-ANI-3D-PNDBMBO-1PK","1","Exact Etsy SKU matches inventory SKU; excluded from parent conversion"
"3D Baby Bear Bead","focal-beads","FOC-ANI-3D-PNKBBYBR-1PK","FOC-ANI-3D-PNKBBYBR-1PK","1","Exact Etsy SKU matches inventory SKU; excluded from parent conversion"
"3D Rubber Duck Bead","focal-beads","FOC-ANI-3D-PNKCWDCK-1PK","FOC-ANI-3D-PNKCWDCK-1PK","1","Exact Etsy SKU matches inventory SKU; excluded from parent conversion"
"3D Bead Jellyfi h Bead","focal-beads","FOC-ANI-3D-PNKJLLYFSH-1PK","FOC-ANI-3D-PNKJLLYFSH-1PK","1","Exact Etsy SKU matches inventory SKU; excluded from parent conversion"
"3D Bead Dolphin Bead","focal-beads","FOC-ANI-3D-PSTLBLUDLN-1PK","FOC-ANI-3D-PSTLBLUDLN-1PK","1","Exact Etsy SKU matches inventory SKU; excluded from parent conversion"
"3D Puppy  ilicone Focal Bead","focal-beads","FOC-ANI-3D-PTBLL-1PK","FOC-ANI-3D-PTBLL-1PK","1","Exact Etsy SKU matches inventory SKU; excluded from parent conversion"
"3D Bead Bat Bead","charms-dangles","FOC-ANI-3D-PURBAT-1PK","FOC-ANI-3D-PURBAT-1PK","1","Exact Etsy SKU matches inventory SKU; excluded from parent conversion"
"3D Bead  ilicone Focal Bead","focal-beads","FOC-ANI-3D-REGKLA-1PK","FOC-ANI-3D-REGKLA-1PK","1","Exact Etsy SKU matches inventory SKU; excluded from parent conversion"
"3D Rubber Duck Bead","focal-beads","FOC-ANI-3D-RNBWDCK-1PK","FOC-ANI-3D-RNBWDCK-1PK","1","Exact Etsy SKU matches inventory SKU; excluded from parent conversion"
"3D Puppy  ilicone Focal Bead","focal-beads","FOC-ANI-3D-ROTWLR-1PK","FOC-ANI-3D-ROTWLR-1PK","1","Exact Etsy SKU matches inventory SKU; excluded from parent conversion"
"3","charms-dangles","FOC-ANI-3D-SEATRTLE-1PK","FOC-ANI-3D-SEATRTLE-1PK","1","Exact Etsy SKU matches inventory SKU; excluded from parent conversion"
"3D Cat  ilicone Focal Bead","focal-beads","FOC-ANI-3D-SITORG-1PK","FOC-ANI-3D-SITORG-1PK","1","Exact Etsy SKU matches inventory SKU; excluded from parent conversion"
"3D  quirrel Focal  ilicone Bead","focal-beads","FOC-ANI-3D-SQRRL-1PK","FOC-ANI-3D-SQRRL-1PK","1","Exact Etsy SKU matches inventory SKU; excluded from parent conversion"
"3D Cat  ilicone Focal Bead","focal-beads","FOC-ANI-3D-TAILDKGRY-1PK","FOC-ANI-3D-TAILDKGRY-1PK","1","Exact Etsy SKU matches inventory SKU; excluded from parent conversion"
"3D Unicorn","charms-dangles","FOC-ANI-3D-UNCRN-1PK","FOC-ANI-3D-UNCRN-1PK","1","Exact Etsy SKU matches inventory SKU; excluded from parent conversion"
"3D Bead Wa p Bead","charms-dangles","FOC-ANI-3D-WASP-1PK","FOC-ANI-3D-WASP-1PK","1","Exact Etsy SKU matches inventory SKU; excluded from parent conversion"
"3D Animal Focal  ilicone Bead","focal-beads","FOC-ANI-3D-WHLE-1PK","FOC-ANI-3D-WHLE-1PK","1","Exact Etsy SKU matches inventory SKU; excluded from parent conversion"
"3D Rubber Duck Bead","focal-beads","FOC-ANI-3D-WHTCWDCK-1PK","FOC-ANI-3D-WHTCWDCK-1PK","1","Exact Etsy SKU matches inventory SKU; excluded from parent conversion"
"3D Bead Yellow Rubber Duck Bead","focal-beads","FOC-ANI-3D-WHTDCK-1PK","FOC-ANI-3D-WHTDCK-1PK","1","Exact Etsy SKU matches inventory SKU; excluded from parent conversion"
"3D Bead Kitty Cat Bead","focal-beads","FOC-ANI-3D-WHTKTTY-1PK","FOC-ANI-3D-WHTKTTY-1PK","1","Exact Etsy SKU matches inventory SKU; excluded from parent conversion"
"3D Baby Bear Bead","focal-beads","FOC-ANI-3D-YELBBYBR-1PK","FOC-ANI-3D-YELBBYBR-1PK","1","Exact Etsy SKU matches inventory SKU; excluded from parent conversion"
"3D Bead Yellow Rubber Duck Bead","focal-beads","FOC-ANI-3D-YELDCK-1PK","FOC-ANI-3D-YELDCK-1PK","1","Exact Etsy SKU matches inventory SKU; excluded from parent conversion"
"Hor e Bead","focal-beads","FOC-ANI-BLKHRSHOE-1PK","FOC-ANI-BLKHRSHOE-1PK","1","Exact Etsy SKU matches inventory SKU; excluded from parent conversion"
"Elephant Bead","focal-beads","FOC-ANI-BLU-BELLY-1PK","FOC-ANI-BLU-BELLY-1PK","1","Exact Etsy SKU matches inventory SKU; excluded from parent conversion"
"Elephant Bead","focal-beads","FOC-ANI-BLU-ELEPH-1PK","FOC-ANI-BLU-ELEPH-1PK","1","Exact Etsy SKU matches inventory SKU; excluded from parent conversion"
"Bee Bead","focal-beads","FOC-ANI-BLUBEE-1PK","FOC-ANI-BLUBEE-1PK","1","Exact Etsy SKU matches inventory SKU; excluded from parent conversion"
"Duck Bead","focal-beads","FOC-ANI-BLUDCK-1PK","FOC-ANI-BLUDCK-1PK","1","Exact Etsy SKU matches inventory SKU; excluded from parent conversion"
"Deer Bead","charms-dangles","FOC-ANI-BLUDEER-1PK","FOC-ANI-BLUDEER-1PK","1","Exact Etsy SKU matches inventory SKU; excluded from parent conversion"
"Cow Bead","focal-beads","FOC-ANI-BLUHTCW-1PK","FOC-ANI-BLUHTCW-1PK","1","Exact Etsy SKU matches inventory SKU; excluded from parent conversion"
"Penguin Bead","focal-beads","FOC-ANI-BLUSCRFPNG-1PK","FOC-ANI-BLUSCRFPNG-1PK","1","Exact Etsy SKU matches inventory SKU; excluded from parent conversion"
"Cow Bead","focal-beads","FOC-ANI-BLUSNFLWRCW-1PK","FOC-ANI-BLUSNFLWRCW-1PK","1","Exact Etsy SKU matches inventory SKU; excluded from parent conversion"
"tetho cope Bead","focal-beads","FOC-ANI-BLUSTTHSCP-1PK","FOC-ANI-BLUSTTHSCP-1PK","1","Exact Etsy SKU matches inventory SKU; excluded from parent conversion"
"Turtle Bead","charms-dangles","FOC-ANI-BLUTRTLE-1PK","FOC-ANI-BLUTRTLE-1PK","1","Exact Etsy SKU matches inventory SKU; excluded from parent conversion"
"Deer Bead","charms-dangles","FOC-ANI-BRNDEER-1PK","FOC-ANI-BRNDEER-1PK","1","Exact Etsy SKU matches inventory SKU; excluded from parent conversion"
"Hor e Bead","focal-beads","FOC-ANI-BRNHRSHOE-1PK","FOC-ANI-BRNHRSHOE-1PK","1","Exact Etsy SKU matches inventory SKU; excluded from parent conversion"
"Cute Animal Bead","focal-beads","FOC-ANI-BSCGRFFE-1PK","FOC-ANI-BSCGRFFE-1PK","1","Exact Etsy SKU matches inventory SKU; excluded from parent conversion"
"Cute Animal Bead","focal-beads","FOC-ANI-BSCPNDA-1PK","FOC-ANI-BSCPNDA-1PK","1","Exact Etsy SKU matches inventory SKU; excluded from parent conversion"
"Cute Animal Bead","focal-beads","FOC-ANI-BSCPNGN-1PK","FOC-ANI-BSCPNGN-1PK","1","Exact Etsy SKU matches inventory SKU; excluded from parent conversion"
"Cute Animal Bead","focal-beads","FOC-ANI-BSCTRTLE-1PK","FOC-ANI-BSCTRTLE-1PK","1","Exact Etsy SKU matches inventory SKU; excluded from parent conversion"
"Butterfly Bead","focal-beads","FOC-ANI-BUTTBLU-1PK","FOC-ANI-BUTTBLU-1PK","1","Exact Etsy SKU matches inventory SKU; excluded from parent conversion"
"Butterfly Bead","focal-beads","FOC-ANI-BUTTGRN-1PK","FOC-ANI-BUTTGRN-1PK","1","Exact Etsy SKU matches inventory SKU; excluded from parent conversion"
"Butterfly Bead","focal-beads","FOC-ANI-BUTTPNK-1PK","FOC-ANI-BUTTPNK-1PK","1","Exact Etsy SKU matches inventory SKU; excluded from parent conversion"
"Butterfly Bead","focal-beads","FOC-ANI-BUTTPUR-1PK","FOC-ANI-BUTTPUR-1PK","1","Exact Etsy SKU matches inventory SKU; excluded from parent conversion"
"Butterfly Bead","focal-beads","FOC-ANI-BUTTRNBW-1PK","FOC-ANI-BUTTRNBW-1PK","1","Exact Etsy SKU matches inventory SKU; excluded from parent conversion"
"Butterfly Bead","focal-beads","FOC-ANI-BUTTYEL-1PK","FOC-ANI-BUTTYEL-1PK","1","Exact Etsy SKU matches inventory SKU; excluded from parent conversion"
"Cow Bead","focal-beads","FOC-ANI-CARHARTT-1PK","FOC-ANI-CARHARTT-1PK","1","Exact Etsy SKU matches inventory SKU; excluded from parent conversion"
"Cat Mom Bead","focal-beads","FOC-ANI-CATMOM-1PK","FOC-ANI-CATMOM-1PK","1","Exact Etsy SKU matches inventory SKU; excluded from parent conversion"
"Chicken Bead","focal-beads","FOC-ANI-CHCKN-1PK","FOC-ANI-CHCKN-1PK","1","Exact Etsy SKU matches inventory SKU; excluded from parent conversion"
"Cow Bead","focal-beads","FOC-ANI-CTBSKT-1PK","FOC-ANI-CTBSKT-1PK","1","Exact Etsy SKU matches inventory SKU; excluded from parent conversion"
"Elephant Bead","focal-beads","FOC-ANI-DASY-ELEPH-1PK","FOC-ANI-DASY-ELEPH-1PK","1","Exact Etsy SKU matches inventory SKU; excluded from parent conversion"
"Duck Bead","focal-beads","FOC-ANI-DCKTUB-1PK","FOC-ANI-DCKTUB-1PK","1","Exact Etsy SKU matches inventory SKU; excluded from parent conversion"
"Dog Grandma  ilicone Focal Bead","focal-beads","FOC-ANI-DGGRNDM-1PK","FOC-ANI-DGGRNDM-1PK","1","Exact Etsy SKU matches inventory SKU; excluded from parent conversion"
"Dog Mom Bead","focal-beads","FOC-ANI-DGMM-1PK","FOC-ANI-DGMM-1PK","1","Exact Etsy SKU matches inventory SKU; excluded from parent conversion"
"Dog Mom Bead","focal-beads","FOC-ANI-DGMMERA-1PK","FOC-ANI-DGMMERA-1PK","1","Exact Etsy SKU matches inventory SKU; excluded from parent conversion"
"Bunny Rabbit Bead","focal-beads","FOC-ANI-DKBLU-BNNY-1PK","FOC-ANI-DKBLU-BNNY-1PK","1","Exact Etsy SKU matches inventory SKU; excluded from parent conversion"
"Elephant Bead","focal-beads","FOC-ANI-DKPNK-ELEPH-1PK","FOC-ANI-DKPNK-ELEPH-1PK","1","Exact Etsy SKU matches inventory SKU; excluded from parent conversion"
"Deer Bead","charms-dangles","FOC-ANI-DKPNKDEER-1PK","FOC-ANI-DKPNKDEER-1PK","1","Exact Etsy SKU matches inventory SKU; excluded from parent conversion"
"Bee Bead","focal-beads","FOC-ANI-DMPURBEE-1PK","FOC-ANI-DMPURBEE-1PK","1","Exact Etsy SKU matches inventory SKU; excluded from parent conversion"
"Dragonfly  ilicone Focal Bead","focal-beads","FOC-ANI-DRGNFLY-BLU-1PK","FOC-ANI-DRGNFLY-BLU-1PK","1","Exact Etsy SKU matches inventory SKU; excluded from parent conversion"
"Dragonfly  ilicone Focal Bead","focal-beads","FOC-ANI-DRGNFLY-DKPNK-1PK","FOC-ANI-DRGNFLY-DKPNK-1PK","1","Exact Etsy SKU matches inventory SKU; excluded from parent conversion"
"Dragonfly  ilicone Focal Bead","focal-beads","FOC-ANI-DRGNFLY-LTPNK-1PK","FOC-ANI-DRGNFLY-LTPNK-1PK","1","Exact Etsy SKU matches inventory SKU; excluded from parent conversion"
"Dragonfly  ilicone Focal Bead","focal-beads","FOC-ANI-DRGNFLY-MIX-4PK","FOC-ANI-DRGNFLY-MIX-4PK","4","Exact Etsy SKU matches inventory SKU; excluded from parent conversion"
"Dragonfly  ilicone Focal Bead","focal-beads","FOC-ANI-DRGNFLY-TEAL-1PK","FOC-ANI-DRGNFLY-TEAL-1PK","1","Exact Etsy SKU matches inventory SKU; excluded from parent conversion"
"Cow Bead","focal-beads","FOC-ANI-ELPHNTBSKT-1PK","FOC-ANI-ELPHNTBSKT-1PK","1","Exact Etsy SKU matches inventory SKU; excluded from parent conversion"
"Cute Animal Bead","focal-beads","FOC-ANI-FROG-1PK","FOC-ANI-FROG-1PK","1","Exact Etsy SKU matches inventory SKU; excluded from parent conversion"
"Turtle Bead","charms-dangles","FOC-ANI-GRNTRTLE-1PK","FOC-ANI-GRNTRTLE-1PK","1","Exact Etsy SKU matches inventory SKU; excluded from parent conversion"
"Elephant Bead","focal-beads","FOC-ANI-GRY-BELLY-1PK","FOC-ANI-GRY-BELLY-1PK","1","Exact Etsy SKU matches inventory SKU; excluded from parent conversion"
"Deer Bead","charms-dangles","FOC-ANI-GRYDEER-1PK","FOC-ANI-GRYDEER-1PK","1","Exact Etsy SKU matches inventory SKU; excluded from parent conversion"
"Cow Bead","focal-beads","FOC-ANI-HEIFER-1PK","FOC-ANI-HEIFER-1PK","1","Exact Etsy SKU matches inventory SKU; excluded from parent conversion"
"Cow Bead","focal-beads","FOC-ANI-HGHLNDCWBSKT-1PK","FOC-ANI-HGHLNDCWBSKT-1PK","1","Exact Etsy SKU matches inventory SKU; excluded from parent conversion"
"Bee Bead","focal-beads","FOC-ANI-HNYBEE-1PK","FOC-ANI-HNYBEE-1PK","1","Exact Etsy SKU matches inventory SKU; excluded from parent conversion"
"Hor e Bead","focal-beads","FOC-ANI-HRSFCE-1PK","FOC-ANI-HRSFCE-1PK","1","Exact Etsy SKU matches inventory SKU; excluded from parent conversion"
"Hor e Bead","focal-beads","FOC-ANI-HRSRCTNGLE-1PK","FOC-ANI-HRSRCTNGLE-1PK","1","Exact Etsy SKU matches inventory SKU; excluded from parent conversion"
"Paw Print Bead","focal-beads","FOC-ANI-HRTPW-1PK","FOC-ANI-HRTPW-1PK","1","Exact Etsy SKU matches inventory SKU; excluded from parent conversion"
"Ladybug Bead","focal-beads","FOC-ANI-LDYBG-1PK","FOC-ANI-LDYBG-1PK","1","Exact Etsy SKU matches inventory SKU; excluded from parent conversion"
"Cow Bead","focal-beads","FOC-ANI-LNGHRBBYCW-1PK","FOC-ANI-LNGHRBBYCW-1PK","1","Exact Etsy SKU matches inventory SKU; excluded from parent conversion"
"Bunny Rabbit Bead","focal-beads","FOC-ANI-LTBLU-BNNY-1PK","FOC-ANI-LTBLU-BNNY-1PK","1","Exact Etsy SKU matches inventory SKU; excluded from parent conversion"
"Bee Bead","focal-beads","FOC-ANI-LTBRNBEE-1PK","FOC-ANI-LTBRNBEE-1PK","1","Exact Etsy SKU matches inventory SKU; excluded from parent conversion"
"Elephant Bead","focal-beads","FOC-ANI-LTPNK-ELEPH-1PK","FOC-ANI-LTPNK-ELEPH-1PK","1","Exact Etsy SKU matches inventory SKU; excluded from parent conversion"
"Bee Bead","focal-beads","FOC-ANI-LTPNKBEE-1PK","FOC-ANI-LTPNKBEE-1PK","1","Exact Etsy SKU matches inventory SKU; excluded from parent conversion"
"Bee Bead","focal-beads","FOC-ANI-LTYELBEE-1PK","FOC-ANI-LTYELBEE-1PK","1","Exact Etsy SKU matches inventory SKU; excluded from parent conversion"
"Bear Bead","charms-dangles","FOC-ANI-MAMABR-1PK","FOC-ANI-MAMABR-1PK","1","Exact Etsy SKU matches inventory SKU; excluded from parent conversion"
"Cat Bead","focal-beads","FOC-ANI-MEOW-1PK","FOC-ANI-MEOW-1PK","1","Exact Etsy SKU matches inventory SKU; excluded from parent conversion"
"Elephant Bead","focal-beads","FOC-ANI-MNTGRN-ELEPH-1PK","FOC-ANI-MNTGRN-ELEPH-1PK","1","Exact Etsy SKU matches inventory SKU; excluded from parent conversion"
"Bee Bead","focal-beads","FOC-ANI-MNTGRNBEE-1PK","FOC-ANI-MNTGRNBEE-1PK","1","Exact Etsy SKU matches inventory SKU; excluded from parent conversion"
"Duck Bead","focal-beads","FOC-ANI-MNTGRNDCK-1PK","FOC-ANI-MNTGRNDCK-1PK","1","Exact Etsy SKU matches inventory SKU; excluded from parent conversion"
"Deer Bead","charms-dangles","FOC-ANI-MNTGRNDEER-1PK","FOC-ANI-MNTGRNDEER-1PK","1","Exact Etsy SKU matches inventory SKU; excluded from parent conversion"
"Pig Bead","focal-beads","FOC-ANI-PIG-1PK","FOC-ANI-PIG-1PK","1","Exact Etsy SKU matches inventory SKU; excluded from parent conversion"
"Elephant Bead","focal-beads","FOC-ANI-PNK-BELLY-1PK","FOC-ANI-PNK-BELLY-1PK","1","Exact Etsy SKU matches inventory SKU; excluded from parent conversion"
"Bunny Rabbit Bead","focal-beads","FOC-ANI-PNK-BNNY-1PK","FOC-ANI-PNK-BNNY-1PK","1","Exact Etsy SKU matches inventory SKU; excluded from parent conversion"
"Cow Bead","focal-beads","FOC-ANI-PNKBWCW-1PK","FOC-ANI-PNKBWCW-1PK","1","Exact Etsy SKU matches inventory SKU; excluded from parent conversion"
"Duck Bead","focal-beads","FOC-ANI-PNKDCK-1PK","FOC-ANI-PNKDCK-1PK","1","Exact Etsy SKU matches inventory SKU; excluded from parent conversion"
"Baby Cow Bead","charms-dangles","FOC-ANI-PNKHAT-1PK","FOC-ANI-PNKHAT-1PK","1","Exact Etsy SKU matches inventory SKU; excluded from parent conversion"
"Hooded Cow Bead","focal-beads","FOC-ANI-PNKHDIECW-1PK","FOC-ANI-PNKHDIECW-1PK","1","Exact Etsy SKU matches inventory SKU; excluded from parent conversion"
"Cow Bead","focal-beads","FOC-ANI-PNKSNFLWRCW-1PK","FOC-ANI-PNKSNFLWRCW-1PK","1","Exact Etsy SKU matches inventory SKU; excluded from parent conversion"
"tetho cope Bead","focal-beads","FOC-ANI-PNKSTTHSCP-1PK","FOC-ANI-PNKSTTHSCP-1PK","1","Exact Etsy SKU matches inventory SKU; excluded from parent conversion"
"Pug Bead","focal-beads","FOC-ANI-PUG-1PK","FOC-ANI-PUG-1PK","1","Exact Etsy SKU matches inventory SKU; excluded from parent conversion"
"Duck Bead","focal-beads","FOC-ANI-PURDCK-1PK","FOC-ANI-PURDCK-1PK","1","Exact Etsy SKU matches inventory SKU; excluded from parent conversion"
"Hooded Cow Bead","focal-beads","FOC-ANI-PURHDIECW-1PK","FOC-ANI-PURHDIECW-1PK","1","Exact Etsy SKU matches inventory SKU; excluded from parent conversion"
"Baby Cow Bead","charms-dangles","FOC-ANI-REDHAT-1PK","FOC-ANI-REDHAT-1PK","1","Exact Etsy SKU matches inventory SKU; excluded from parent conversion"
"Hooded Cow Bead","focal-beads","FOC-ANI-REDHDIECW-1PK","FOC-ANI-REDHDIECW-1PK","1","Exact Etsy SKU matches inventory SKU; excluded from parent conversion"
"Penguin Bead","focal-beads","FOC-ANI-REDSCRFPNG-1PK","FOC-ANI-REDSCRFPNG-1PK","1","Exact Etsy SKU matches inventory SKU; excluded from parent conversion"
"Turtle Bead","charms-dangles","FOC-ANI-SHLLYHTURTL-1PK","FOC-ANI-SHLLYHTURTL-1PK","1","Exact Etsy SKU matches inventory SKU; excluded from parent conversion"
"Elephant Bead","focal-beads","FOC-ANI-SML-ELEPH-1PK","FOC-ANI-SML-ELEPH-1PK","1","Exact Etsy SKU matches inventory SKU; excluded from parent conversion"
"Cow Bead","focal-beads","FOC-ANI-SMPLEGRY-1PK","FOC-ANI-SMPLEGRY-1PK","1","Exact Etsy SKU matches inventory SKU; excluded from parent conversion"
"Cow Bead","focal-beads","FOC-ANI-SMPLEPNK-1PK","FOC-ANI-SMPLEPNK-1PK","1","Exact Etsy SKU matches inventory SKU; excluded from parent conversion"
"quirrel Bead","focal-beads","FOC-ANI-SQURL-1PK","FOC-ANI-SQURL-1PK","1","Exact Etsy SKU matches inventory SKU; excluded from parent conversion"
"Hooded Cow Bead","focal-beads","FOC-ANI-TEALHDIECW-1PK","FOC-ANI-TEALHDIECW-1PK","1","Exact Etsy SKU matches inventory SKU; excluded from parent conversion"
"Butterfly Bead","focal-beads","FOC-ANI-WDWNGBUTT-1PK","FOC-ANI-WDWNGBUTT-1PK","1","Exact Etsy SKU matches inventory SKU; excluded from parent conversion"
"tetho cope Bead","focal-beads","FOC-ANI-WHTSTTHSCP-1PK","FOC-ANI-WHTSTTHSCP-1PK","1","Exact Etsy SKU matches inventory SKU; excluded from parent conversion"
"Dog Bead","focal-beads","FOC-ANI-WOOF-1PK","FOC-ANI-WOOF-1PK","1","Exact Etsy SKU matches inventory SKU; excluded from parent conversion"
"Bee Bead","focal-beads","FOC-ANI-YELBEE-1PK","FOC-ANI-YELBEE-1PK","1","Exact Etsy SKU matches inventory SKU; excluded from parent conversion"
"Duck Bead","focal-beads","FOC-ANI-YELDCK-1PK","FOC-ANI-YELDCK-1PK","1","Exact Etsy SKU matches inventory SKU; excluded from parent conversion"
"Hooded Cow Bead","focal-beads","FOC-ANI-YELHDIECW-1PK","FOC-ANI-YELHDIECW-1PK","1","Exact Etsy SKU matches inventory SKU; excluded from parent conversion"
"ilicone Clam  hell  pacer Bead","spacers-accessories","FOC-CLMSHLL-LTORG-1PK","FOC-CLMSHLL-LTORG-1PK","1","Exact Etsy SKU matches inventory SKU; excluded from parent conversion"
"ilicone Clam  hell  pacer Bead","spacers-accessories","FOC-CLMSHLL-LTPNK-1PK","FOC-CLMSHLL-LTPNK-1PK","1","Exact Etsy SKU matches inventory SKU; excluded from parent conversion"
"ilicone Clam  hell  pacer Bead","spacers-accessories","FOC-CLMSHLL-LVNDR-1PK","FOC-CLMSHLL-LVNDR-1PK","1","Exact Etsy SKU matches inventory SKU; excluded from parent conversion"
"ilicone Clam  hell  pacer Bead","spacers-accessories","FOC-CLMSHLL-MIX-5PK","FOC-CLMSHLL-MIX-5PK","5","Exact Etsy SKU matches inventory SKU; excluded from parent conversion"
"ilicone Clam  hell  pacer Bead","spacers-accessories","FOC-CLMSHLL-TEAL-1PK","FOC-CLMSHLL-TEAL-1PK","1","Exact Etsy SKU matches inventory SKU; excluded from parent conversion"
"ilicone Clam  hell  pacer Bead","spacers-accessories","FOC-CLMSHLL-WHT-1PK","FOC-CLMSHLL-WHT-1PK","1","Exact Etsy SKU matches inventory SKU; excluded from parent conversion"
"Mama Bead","focal-beads","FOC-FAM-1MTHRSDAY-1PK","FOC-FAM-1MTHRSDAY-1PK","1","Exact Etsy SKU matches inventory SKU; excluded from parent conversion"
"Father  Day Bead","focal-beads","FOC-FAM-3D-DADCP-1PK","FOC-FAM-3D-DADCP-1PK","1","Exact Etsy SKU matches inventory SKU; excluded from parent conversion"
"3D Bead  ilicone Focal Bead","focal-beads","FOC-FAM-3D-LVMOM-1PK","FOC-FAM-3D-LVMOM-1PK","1","Exact Etsy SKU matches inventory SKU; excluded from parent conversion"
"3D Bead  ilicone Focal Bead","focal-beads","FOC-FAM-3D-MGNME-1PK","FOC-FAM-3D-MGNME-1PK","1","Exact Etsy SKU matches inventory SKU; excluded from parent conversion"
"Alway  with You Bead","focal-beads","FOC-FAM-ALWAYS-1PK","FOC-FAM-ALWAYS-1PK","1","Exact Etsy SKU matches inventory SKU; excluded from parent conversion"
"Auntie Bow Focal Bead","focal-beads","FOC-FAM-AUNTIE-GRN-1PK","FOC-FAM-AUNTIE-GRN-1PK","1","Exact Etsy SKU matches inventory SKU; excluded from parent conversion"
"Auntie Bow Focal Bead","focal-beads","FOC-FAM-AUNTIE-PNK-1PK","FOC-FAM-AUNTIE-PNK-1PK","1","Exact Etsy SKU matches inventory SKU; excluded from parent conversion"
"Crui e Bead","focal-beads","FOC-FAM-AWSHP-1PK","FOC-FAM-AWSHP-1PK","1","Exact Etsy SKU matches inventory SKU; excluded from parent conversion"
"Mom Life Bead","focal-beads","FOC-FAM-BDBTCHPNK-1PK","FOC-FAM-BDBTCHPNK-1PK","1","Exact Etsy SKU matches inventory SKU; excluded from parent conversion"
"Mom Life Bead","focal-beads","FOC-FAM-BDBTCHTEAL-1PK","FOC-FAM-BDBTCHTEAL-1PK","1","Exact Etsy SKU matches inventory SKU; excluded from parent conversion"
"Bonu  Mom Bead","focal-beads","FOC-FAM-BNSDAD-1PK","FOC-FAM-BNSDAD-1PK","1","Exact Etsy SKU matches inventory SKU; excluded from parent conversion"
"Bonu  Mom Bead","focal-beads","FOC-FAM-BNSMOM-1PK","FOC-FAM-BNSMOM-1PK","1","Exact Etsy SKU matches inventory SKU; excluded from parent conversion"
"Bro Bead","focal-beads","FOC-FAM-BRO-1PK","FOC-FAM-BRO-1PK","1","Exact Etsy SKU matches inventory SKU; excluded from parent conversion"
"Ba  Fi h Bead","charms-dangles","FOC-FAM-BSSFSH-1PK","FOC-FAM-BSSFSH-1PK","1","Exact Etsy SKU matches inventory SKU; excluded from parent conversion"
"Grandma Bead","focal-beads","FOC-FAM-BSTMIMI-PNK-1PK","FOC-FAM-BSTMIMI-PNK-1PK","1","Exact Etsy SKU matches inventory SKU; excluded from parent conversion"
"Grandma Bead","focal-beads","FOC-FAM-BSTMIMI-WHT-1PK","FOC-FAM-BSTMIMI-WHT-1PK","1","Exact Etsy SKU matches inventory SKU; excluded from parent conversion"
"Fi hing Bead","focal-beads","FOC-FAM-BTME-1PK","FOC-FAM-BTME-1PK","1","Exact Etsy SKU matches inventory SKU; excluded from parent conversion"
"Gaming Bead","charms-dangles","FOC-FAM-CNTHRGMNG-1PK","FOC-FAM-CNTHRGMNG-1PK","1","Exact Etsy SKU matches inventory SKU; excluded from parent conversion"
"Be t Friend Bead","focal-beads","FOC-FAM-COUSINS-1PK","FOC-FAM-COUSINS-1PK","1","Exact Etsy SKU matches inventory SKU; excluded from parent conversion"
"Mama Bead","focal-beads","FOC-FAM-CRCLMTHRSDY-1PK","FOC-FAM-CRCLMTHRSDY-1PK","1","Exact Etsy SKU matches inventory SKU; excluded from parent conversion"
"Cardinal Bead","focal-beads","FOC-FAM-CRDNL-1PK","FOC-FAM-CRDNL-1PK","1","Exact Etsy SKU matches inventory SKU; excluded from parent conversion"
"Father  Day Bead","focal-beads","FOC-FAM-DADILY-1PK","FOC-FAM-DADILY-1PK","1","Exact Etsy SKU matches inventory SKU; excluded from parent conversion"
"Father  Day Bead","focal-beads","FOC-FAM-DDWTHBRD-1PK","FOC-FAM-DDWTHBRD-1PK","1","Exact Etsy SKU matches inventory SKU; excluded from parent conversion"
"Dad Bead","focal-beads","FOC-FAM-DOPEDAD-1PK","FOC-FAM-DOPEDAD-1PK","1","Exact Etsy SKU matches inventory SKU; excluded from parent conversion"
"Funny Fi h Bead","charms-dangles","FOC-FAM-FITFSH-1PK","FOC-FAM-FITFSH-1PK","1","Exact Etsy SKU matches inventory SKU; excluded from parent conversion"
"Dad Bead","focal-beads","FOC-FAM-FTBLDAD-1PK","FOC-FAM-FTBLDAD-1PK","1","Exact Etsy SKU matches inventory SKU; excluded from parent conversion"
"Ba  Fi h Bead","charms-dangles","FOC-FAM-GNFSHNG-1PK","FOC-FAM-GNFSHNG-1PK","1","Exact Etsy SKU matches inventory SKU; excluded from parent conversion"
"Hunting Bead","charms-dangles","FOC-FAM-GNHNTNG-1PK","FOC-FAM-GNHNTNG-1PK","1","Exact Etsy SKU matches inventory SKU; excluded from parent conversion"
"Granny Bow Focal Bead","focal-beads","FOC-FAM-GRNNY-GRN-1PK","FOC-FAM-GRNNY-GRN-1PK","1","Exact Etsy SKU matches inventory SKU; excluded from parent conversion"
"Granny Bow Focal Bead","focal-beads","FOC-FAM-GRNNY-PNK-1PK","FOC-FAM-GRNNY-PNK-1PK","1","Exact Etsy SKU matches inventory SKU; excluded from parent conversion"
"Mama Bead","focal-beads","FOC-FAM-HPPYMTHRSDY-1PK","FOC-FAM-HPPYMTHRSDY-1PK","1","Exact Etsy SKU matches inventory SKU; excluded from parent conversion"
"Father  Day Bead","focal-beads","FOC-FAM-HPPYTHRSDY-1PK","FOC-FAM-HPPYTHRSDY-1PK","1","Exact Etsy SKU matches inventory SKU; excluded from parent conversion"
"Mama Bead","focal-beads","FOC-FAM-HRT1MTHRSDY-1PK","FOC-FAM-HRT1MTHRSDY-1PK","1","Exact Etsy SKU matches inventory SKU; excluded from parent conversion"
"Hu band Bead","focal-beads","FOC-FAM-HSBNDSQ-1PK","FOC-FAM-HSBNDSQ-1PK","1","Exact Etsy SKU matches inventory SKU; excluded from parent conversion"
"Mama Bead","focal-beads","FOC-FAM-ILYMOM-1PK","FOC-FAM-ILYMOM-1PK","1","Exact Etsy SKU matches inventory SKU; excluded from parent conversion"
"Love i  Love Bead","focal-beads","FOC-FAM-LVEISLVE-1PK","FOC-FAM-LVEISLVE-1PK","1","Exact Etsy SKU matches inventory SKU; excluded from parent conversion"
"Mama Bead","focal-beads","FOC-FAM-MAMAMAMA-1PK","FOC-FAM-MAMAMAMA-1PK","1","Exact Etsy SKU matches inventory SKU; excluded from parent conversion"
"Dad Bead","focal-beads","FOC-FAM-MANMYTH-1PK","FOC-FAM-MANMYTH-1PK","1","Exact Etsy SKU matches inventory SKU; excluded from parent conversion"
"Memaw Bead","focal-beads","FOC-FAM-MEMAW-1PK","FOC-FAM-MEMAW-1PK","1","Exact Etsy SKU matches inventory SKU; excluded from parent conversion"
"Mama Bead","focal-beads","FOC-FAM-MOMHPPYPLLS-1PK","FOC-FAM-MOMHPPYPLLS-1PK","1","Exact Etsy SKU matches inventory SKU; excluded from parent conversion"
"Mama Bead","focal-beads","FOC-FAM-MOMSQUR-1PK","FOC-FAM-MOMSQUR-1PK","1","Exact Etsy SKU matches inventory SKU; excluded from parent conversion"
"Dad Bead","focal-beads","FOC-FAM-MUSDAD-1PK","FOC-FAM-MUSDAD-1PK","1","Exact Etsy SKU matches inventory SKU; excluded from parent conversion"
"Grandma Bead","focal-beads","FOC-FAM-NANA-PNK-1PK","FOC-FAM-NANA-PNK-1PK","1","Exact Etsy SKU matches inventory SKU; excluded from parent conversion"
"Grandma Bead","focal-beads","FOC-FAM-NANA-TEAL-1PK","FOC-FAM-NANA-TEAL-1PK","1","Exact Etsy SKU matches inventory SKU; excluded from parent conversion"
"Ba  Fi h Bead","charms-dangles","FOC-FAM-OTHRLNE-1PK","FOC-FAM-OTHRLNE-1PK","1","Exact Etsy SKU matches inventory SKU; excluded from parent conversion"
"Mom Bead","focal-beads","FOC-FAM-OTPTINCE-1PK","FOC-FAM-OTPTINCE-1PK","1","Exact Etsy SKU matches inventory SKU; excluded from parent conversion"
"Father  Day Bead","focal-beads","FOC-FAM-PAPA-1PK","FOC-FAM-PAPA-1PK","1","Exact Etsy SKU matches inventory SKU; excluded from parent conversion"
"Mama Bead","focal-beads","FOC-FAM-PNKBWMOM-1PK","FOC-FAM-PNKBWMOM-1PK","1","Exact Etsy SKU matches inventory SKU; excluded from parent conversion"
"Mama Bead","focal-beads","FOC-FAM-PNKGLTTMOM-1PK","FOC-FAM-PNKGLTTMOM-1PK","1","Exact Etsy SKU matches inventory SKU; excluded from parent conversion"
"Paw Wing Bead","focal-beads","FOC-FAM-PWHRTWNGS-1PK","FOC-FAM-PWHRTWNGS-1PK","1","Exact Etsy SKU matches inventory SKU; excluded from parent conversion"
"Racing Focal Bead","focal-beads","FOC-FAM-RCNFLG-1PK","FOC-FAM-RCNFLG-1PK","1","Exact Etsy SKU matches inventory SKU; excluded from parent conversion"
"Racing Focal Bead","focal-beads","FOC-FAM-RCNGRL-1PK","FOC-FAM-RCNGRL-1PK","1","Exact Etsy SKU matches inventory SKU; excluded from parent conversion"
"Father  Day Bead","focal-beads","FOC-FAM-RLCLDAD-1PK","FOC-FAM-RLCLDAD-1PK","1","Exact Etsy SKU matches inventory SKU; excluded from parent conversion"
"Rainbow Bead","focal-beads","FOC-FAM-RNBWDCK-1PK","FOC-FAM-RNBWDCK-1PK","1","Exact Etsy SKU matches inventory SKU; excluded from parent conversion"
"Ble ed Mom Bead","focal-beads","FOC-FAM-TANBLSSD-1PK","FOC-FAM-TANBLSSD-1PK","1","Exact Etsy SKU matches inventory SKU; excluded from parent conversion"
"Mama Bead","focal-beads","FOC-FAM-TEALBWMOM-1PK","FOC-FAM-TEALBWMOM-1PK","1","Exact Etsy SKU matches inventory SKU; excluded from parent conversion"
"Mama Bead","focal-beads","FOC-FAM-TEALGLTTMOM-1PK","FOC-FAM-TEALGLTTMOM-1PK","1","Exact Etsy SKU matches inventory SKU; excluded from parent conversion"
"Mama Bead","focal-beads","FOC-FAM-UGLYCHLDRN-1PK","FOC-FAM-UGLYCHLDRN-1PK","1","Exact Etsy SKU matches inventory SKU; excluded from parent conversion"
"Ble ed Mom Bead","focal-beads","FOC-FAM-WHTBLSSD-1PK","FOC-FAM-WHTBLSSD-1PK","1","Exact Etsy SKU matches inventory SKU; excluded from parent conversion"
"Wifey Bow Focal Bead","focal-beads","FOC-FAM-WIFEY-GRN-1PK","FOC-FAM-WIFEY-GRN-1PK","1","Exact Etsy SKU matches inventory SKU; excluded from parent conversion"
"Wifey Bow Focal Bead","focal-beads","FOC-FAM-WIFEY-PNK-1PK","FOC-FAM-WIFEY-PNK-1PK","1","Exact Etsy SKU matches inventory SKU; excluded from parent conversion"
"Racing Bead","charms-dangles","FOC-FAM-WKNDDRT-1PK","FOC-FAM-WKNDDRT-1PK","1","Exact Etsy SKU matches inventory SKU; excluded from parent conversion"
"Your Wing  Bead","focal-beads","FOC-FAM-WNGSRDY-1PK","FOC-FAM-WNGSRDY-1PK","1","Exact Etsy SKU matches inventory SKU; excluded from parent conversion"
"Deer Bead","focal-beads","FOC-FAM-WOODS-1PK","FOC-FAM-WOODS-1PK","1","Exact Etsy SKU matches inventory SKU; excluded from parent conversion"
"3D Butter Focal Bead","focal-beads","FOC-FOD-3D-BTTR-1PK","FOC-FOD-3D-BTTR-1PK","1","Exact Etsy SKU matches inventory SKU; excluded from parent conversion"
"3D Bead Cupcake Bead","charms-dangles","FOC-FOD-3D-CPCKPNK-1PK","FOC-FOD-3D-CPCKPNK-1PK","1","Exact Etsy SKU matches inventory SKU; excluded from parent conversion"
"3D Bead Cupcake Bead","charms-dangles","FOC-FOD-3D-CPCKWHT-1PK","FOC-FOD-3D-CPCKWHT-1PK","1","Exact Etsy SKU matches inventory SKU; excluded from parent conversion"
"3D Honey","focal-beads","FOC-FOD-3D-HNYPT-1PK","FOC-FOD-3D-HNYPT-1PK","1","Exact Etsy SKU matches inventory SKU; excluded from parent conversion"
"3D Pickle  ilicone Focal Bead","charms-dangles","FOC-FOD-3D-PCKLEMIX-3PK","FOC-FOD-3D-PCKLEMIX-3PK","3","Exact Etsy SKU matches inventory SKU; excluded from parent conversion"
"3D Pickle  ilicone Focal Bead","charms-dangles","FOC-FOD-3D-SMPCKLE-1PK","FOC-FOD-3D-SMPCKLE-1PK","1","Exact Etsy SKU matches inventory SKU; excluded from parent conversion"
"3D Pickle  ilicone Focal Bead","charms-dangles","FOC-FOD-3D-SNGLSSPCKLE-1PK","FOC-FOD-3D-SNGLSSPCKLE-1PK","1","Exact Etsy SKU matches inventory SKU; excluded from parent conversion"
"3D Pickle  ilicone Focal Bead","charms-dangles","FOC-FOD-3D-YELPCKLE-1PK","FOC-FOD-3D-YELPCKLE-1PK","1","Exact Etsy SKU matches inventory SKU; excluded from parent conversion"
"3D Fruit Focal Bead","focal-beads","FOC-FOD-3DAVOCDONW-1PK","FOC-FOD-3DAVOCDONW-1PK","1","Exact Etsy SKU matches inventory SKU; excluded from parent conversion"
"3D Fruit Focal Bead","focal-beads","FOC-FOD-3DBNNA-1PK","FOC-FOD-3DBNNA-1PK","1","Exact Etsy SKU matches inventory SKU; excluded from parent conversion"
"3D Bead  ilicone Focal Bead","charms-dangles","FOC-FOD-3DCFFEECP-1PK","FOC-FOD-3DCFFEECP-1PK","1","Exact Etsy SKU matches inventory SKU; excluded from parent conversion"
"3D Fruit Focal Bead","focal-beads","FOC-FOD-3DCHRRS-1PK","FOC-FOD-3DCHRRS-1PK","1","Exact Etsy SKU matches inventory SKU; excluded from parent conversion"
"3D Coffee Cup Bead","focal-beads","FOC-FOD-3DFRSHCP-1PK","FOC-FOD-3DFRSHCP-1PK","1","Exact Etsy SKU matches inventory SKU; excluded from parent conversion"
"3D Fruit Focal Bead","focal-beads","FOC-FOD-3DFRUITMIX-7PK","FOC-FOD-3DFRUITMIX-7PK","7","Exact Etsy SKU matches inventory SKU; excluded from parent conversion"
"3D Coffee Cup Bead","charms-dangles","FOC-FOD-3DGAWAYCP-1PK","FOC-FOD-3DGAWAYCP-1PK","1","Exact Etsy SKU matches inventory SKU; excluded from parent conversion"
"3D Coffee Cup Bead","focal-beads","FOC-FOD-3DGMRNCP-1PK","FOC-FOD-3DGMRNCP-1PK","1","Exact Etsy SKU matches inventory SKU; excluded from parent conversion"
"3D Coffee Cup Bead","charms-dangles","FOC-FOD-3DGRLBSSCP-1PK","FOC-FOD-3DGRLBSSCP-1PK","1","Exact Etsy SKU matches inventory SKU; excluded from parent conversion"
"3D Fruit Focal Bead","focal-beads","FOC-FOD-3DLEMNSLC-1PK","FOC-FOD-3DLEMNSLC-1PK","1","Exact Etsy SKU matches inventory SKU; excluded from parent conversion"
"3D Fruit Focal Bead","focal-beads","FOC-FOD-3DLMESLC-1PK","FOC-FOD-3DLMESLC-1PK","1","Exact Etsy SKU matches inventory SKU; excluded from parent conversion"
"3D Coffee Cup Bead","charms-dangles","FOC-FOD-3DMOMRGHTCP-1PK","FOC-FOD-3DMOMRGHTCP-1PK","1","Exact Etsy SKU matches inventory SKU; excluded from parent conversion"
"3D Fruit Focal Bead","focal-beads","FOC-FOD-3DORGSLC-1PK","FOC-FOD-3DORGSLC-1PK","1","Exact Etsy SKU matches inventory SKU; excluded from parent conversion"
"Cupcake Bead","focal-beads","FOC-FOD-3DPNKCPCKE-1PK","FOC-FOD-3DPNKCPCKE-1PK","1","Exact Etsy SKU matches inventory SKU; excluded from parent conversion"
"Cupcake Bead","focal-beads","FOC-FOD-3DPURCPCKE-1PK","FOC-FOD-3DPURCPCKE-1PK","1","Exact Etsy SKU matches inventory SKU; excluded from parent conversion"
"3D Coffee Cup Bead","charms-dangles","FOC-FOD-3DRNJESUSCP-1PK","FOC-FOD-3DRNJESUSCP-1PK","1","Exact Etsy SKU matches inventory SKU; excluded from parent conversion"
"3D Fruit Focal Bead","focal-beads","FOC-FOD-3DSTRWBRRY-1PK","FOC-FOD-3DSTRWBRRY-1PK","1","Exact Etsy SKU matches inventory SKU; excluded from parent conversion"
"Cupcake Bead","focal-beads","FOC-FOD-3DTEALCPCKE-1PK","FOC-FOD-3DTEALCPCKE-1PK","1","Exact Etsy SKU matches inventory SKU; excluded from parent conversion"
"3D Coffee Cup Bead","focal-beads","FOC-FOD-3DUGHCP-1PK","FOC-FOD-3DUGHCP-1PK","1","Exact Etsy SKU matches inventory SKU; excluded from parent conversion"
"3D Avocado","charms-dangles","FOC-FOD-AVCDO-1PK","FOC-FOD-AVCDO-1PK","1","Exact Etsy SKU matches inventory SKU; excluded from parent conversion"
"Toa t Focal Bead","focal-beads","FOC-FOD-BEIGTOST-1PK","FOC-FOD-BEIGTOST-1PK","1","Exact Etsy SKU matches inventory SKU; excluded from parent conversion"
"3D Bead  ilicone Focal Bead","charms-dangles","FOC-FOD-BGCFFEE-1PK","FOC-FOD-BGCFFEE-1PK","1","Exact Etsy SKU matches inventory SKU; excluded from parent conversion"
"Cheetah Bead","focal-beads","FOC-FOD-BRNCHTHCP-1PK","FOC-FOD-BRNCHTHCP-1PK","1","Exact Etsy SKU matches inventory SKU; excluded from parent conversion"
"Ice Cream Bead","focal-beads","FOC-FOD-BRNCREAM-1PK","FOC-FOD-BRNCREAM-1PK","1","Exact Etsy SKU matches inventory SKU; excluded from parent conversion"
"3D Bead  ilicone Focal Bead","charms-dangles","FOC-FOD-BTFRSTCFFEE-1PK","FOC-FOD-BTFRSTCFFEE-1PK","1","Exact Etsy SKU matches inventory SKU; excluded from parent conversion"
"Coffee Bean Bead","focal-beads","FOC-FOD-CFFBN-1PK","FOC-FOD-CFFBN-1PK","1","Exact Etsy SKU matches inventory SKU; excluded from parent conversion"
"Coffee Cup Bead","focal-beads","FOC-FOD-CFFCPBGE-1PK","FOC-FOD-CFFCPBGE-1PK","1","Exact Etsy SKU matches inventory SKU; excluded from parent conversion"
"Coffee Cup Bead","focal-beads","FOC-FOD-CFFCPCHCLT-1PK","FOC-FOD-CFFCPCHCLT-1PK","1","Exact Etsy SKU matches inventory SKU; excluded from parent conversion"
"Coffee Cup Bead","focal-beads","FOC-FOD-CFFCPNVJOWHT-1PK","FOC-FOD-CFFCPNVJOWHT-1PK","1","Exact Etsy SKU matches inventory SKU; excluded from parent conversion"
"Coffee Bead","focal-beads","FOC-FOD-CFFEEBTCH-1PK","FOC-FOD-CFFEEBTCH-1PK","1","Exact Etsy SKU matches inventory SKU; excluded from parent conversion"
"3D Cookie","charms-dangles","FOC-FOD-CKIE-1PK","FOC-FOD-CKIE-1PK","1","Exact Etsy SKU matches inventory SKU; excluded from parent conversion"
"Coffee Gnome","focal-beads","FOC-FOD-COFGNME-1PK","FOC-FOD-COFGNME-1PK","1","Exact Etsy SKU matches inventory SKU; excluded from parent conversion"
"Ice Cream Bead","focal-beads","FOC-FOD-CRAMCREAM-1PK","FOC-FOD-CRAMCREAM-1PK","1","Exact Etsy SKU matches inventory SKU; excluded from parent conversion"
"Cupcake Bead","focal-beads","FOC-FOD-DBLETEALCPCKE-1PK","FOC-FOD-DBLETEALCPCKE-1PK","1","Exact Etsy SKU matches inventory SKU; excluded from parent conversion"
"Fueled by Coffee Bead","charms-dangles","FOC-FOD-FLDCFFEEBLK-1PK","FOC-FOD-FLDCFFEEBLK-1PK","1","Exact Etsy SKU matches inventory SKU; excluded from parent conversion"
"Fueled by Coffee Bead","charms-dangles","FOC-FOD-FLDCFFEEPNK-1PK","FOC-FOD-FLDCFFEEPNK-1PK","1","Exact Etsy SKU matches inventory SKU; excluded from parent conversion"
"Fueled by Coffee Bead","charms-dangles","FOC-FOD-FLDCFFEEWHT-1PK","FOC-FOD-FLDCFFEEWHT-1PK","1","Exact Etsy SKU matches inventory SKU; excluded from parent conversion"
"Iced Coffee Bead","focal-beads","FOC-FOD-ICDCFFEE-1PK","FOC-FOD-ICDCFFEE-1PK","1","Exact Etsy SKU matches inventory SKU; excluded from parent conversion"
"Tumbler Focal Bead","focal-beads","FOC-FOD-MMSSPPYCP-1PK","FOC-FOD-MMSSPPYCP-1PK","1","Exact Etsy SKU matches inventory SKU; excluded from parent conversion"
"Coffee Bead","focal-beads","FOC-FOD-NDSCFFEE-1PK","FOC-FOD-NDSCFFEE-1PK","1","Exact Etsy SKU matches inventory SKU; excluded from parent conversion"
"3D Dumpling  ilicone Focal Bead","focal-beads","FOC-FOD-NVJWHTDMPLNG-1PK","FOC-FOD-NVJWHTDMPLNG-1PK","1","Exact Etsy SKU matches inventory SKU; excluded from parent conversion"
"Pumpkin  pice Bead","focal-beads","FOC-FOD-PMPKNSPC-1PK","FOC-FOD-PMPKNSPC-1PK","1","Exact Etsy SKU matches inventory SKU; excluded from parent conversion"
"Pineapple Bead","focal-beads","FOC-FOD-PNAPPL-1PK","FOC-FOD-PNAPPL-1PK","1","Exact Etsy SKU matches inventory SKU; excluded from parent conversion"
"Ice Cream Bead","focal-beads","FOC-FOD-PNKCREAM-1PK","FOC-FOD-PNKCREAM-1PK","1","Exact Etsy SKU matches inventory SKU; excluded from parent conversion"
"Toa t Focal Bead","focal-beads","FOC-FOD-PNKTOST-1PK","FOC-FOD-PNKTOST-1PK","1","Exact Etsy SKU matches inventory SKU; excluded from parent conversion"
"3D Bead  ilicone Focal Bead","charms-dangles","FOC-FOD-PTHEAD-1PK","FOC-FOD-PTHEAD-1PK","1","Exact Etsy SKU matches inventory SKU; excluded from parent conversion"
"Ice Cream Bead","focal-beads","FOC-FOD-PURCREAM-1PK","FOC-FOD-PURCREAM-1PK","1","Exact Etsy SKU matches inventory SKU; excluded from parent conversion"
"Toa t Focal Bead","focal-beads","FOC-FOD-PURTOST-1PK","FOC-FOD-PURTOST-1PK","1","Exact Etsy SKU matches inventory SKU; excluded from parent conversion"
"Toa t Focal Bead","focal-beads","FOC-FOD-REDTOST-1PK","FOC-FOD-REDTOST-1PK","1","Exact Etsy SKU matches inventory SKU; excluded from parent conversion"
"3D  more","charms-dangles","FOC-FOD-SMRS-1PK","FOC-FOD-SMRS-1PK","1","Exact Etsy SKU matches inventory SKU; excluded from parent conversion"
"Ice Cream Bead","focal-beads","FOC-FOD-TEALCREAM-1PK","FOC-FOD-TEALCREAM-1PK","1","Exact Etsy SKU matches inventory SKU; excluded from parent conversion"
"Waffle Bead","focal-beads","FOC-FOD-WAFFLE-1PK","FOC-FOD-WAFFLE-1PK","1","Exact Etsy SKU matches inventory SKU; excluded from parent conversion"
"Cheetah Bead","focal-beads","FOC-FOD-WHTCHTHCP-1PK","FOC-FOD-WHTCHTHCP-1PK","1","Exact Etsy SKU matches inventory SKU; excluded from parent conversion"
"3D Dumpling  ilicone Focal Bead","focal-beads","FOC-FOD-WHTDMPLNG-1PK","FOC-FOD-WHTDMPLNG-1PK","1","Exact Etsy SKU matches inventory SKU; excluded from parent conversion"
"3D Makeup  ilicone Focal Bead","focal-beads","FOC-GRLY-GRLYMX-4PK","FOC-GRLY-GRLYMX-4PK","4","Exact Etsy SKU matches inventory SKU; excluded from parent conversion"
"3D Makeup  ilicone Focal Bead","focal-beads","FOC-GRLY-NLPLSHBTTL-1PK","FOC-GRLY-NLPLSHBTTL-1PK","1","Exact Etsy SKU matches inventory SKU; excluded from parent conversion"
"3D Makeup  ilicone Focal Bead","focal-beads","FOC-GRLY-PNKLPSTCK-1PK","FOC-GRLY-PNKLPSTCK-1PK","1","Exact Etsy SKU matches inventory SKU; excluded from parent conversion"
"3D Makeup  ilicone Focal Bead","focal-beads","FOC-GRLY-PNKPRSE-1PK","FOC-GRLY-PNKPRSE-1PK","1","Exact Etsy SKU matches inventory SKU; excluded from parent conversion"
"3D Makeup  ilicone Focal Bead","focal-beads","FOC-GRLY-REDLPSTCK-1PK","FOC-GRLY-REDLPSTCK-1PK","1","Exact Etsy SKU matches inventory SKU; excluded from parent conversion"
"3D Bead Bat Bead","focal-beads","FOC-HAL-3D-BAT-1PK","FOC-HAL-3D-BAT-1PK","1","Exact Etsy SKU matches inventory SKU; excluded from parent conversion"
"3D Bead Grim Reaper Bead","focal-beads","FOC-HAL-3D-BGGHST-1PK","FOC-HAL-3D-BGGHST-1PK","1","Exact Etsy SKU matches inventory SKU; excluded from parent conversion"
"3D Bead Pumpkin Bead","focal-beads","FOC-HAL-3D-BGPMPKN-1PK","FOC-HAL-3D-BGPMPKN-1PK","1","Exact Etsy SKU matches inventory SKU; excluded from parent conversion"
"3D Bead Rainbow Bead","focal-beads","FOC-HAL-3D-BGRNBW-1PK","FOC-HAL-3D-BGRNBW-1PK","1","Exact Etsy SKU matches inventory SKU; excluded from parent conversion"
"Ba ic Witch Bead","charms-dangles","FOC-HAL-3D-BLKCALDRN-1PK","FOC-HAL-3D-BLKCALDRN-1PK","1","Exact Etsy SKU matches inventory SKU; excluded from parent conversion"
"3D Bead Gho t Bead","focal-beads","FOC-HAL-3D-CNDYGHST-1PK","FOC-HAL-3D-CNDYGHST-1PK","1","Exact Etsy SKU matches inventory SKU; excluded from parent conversion"
"3D Bead Gho t Bead","focal-beads","FOC-HAL-3D-DDGHST-1PK","FOC-HAL-3D-DDGHST-1PK","1","Exact Etsy SKU matches inventory SKU; excluded from parent conversion"
"3D Bead Gho t Bead","focal-beads","FOC-HAL-3D-EYEBLL-1PK","FOC-HAL-3D-EYEBLL-1PK","1","Exact Etsy SKU matches inventory SKU; excluded from parent conversion"
"3D Bead Gho t Bead","focal-beads","FOC-HAL-3D-GHSTPNKBW-1PK","FOC-HAL-3D-GHSTPNKBW-1PK","1","Exact Etsy SKU matches inventory SKU; excluded from parent conversion"
"3D Bead Gho t Bead","focal-beads","FOC-HAL-3D-GHSTWHTBW-1PK","FOC-HAL-3D-GHSTWHTBW-1PK","1","Exact Etsy SKU matches inventory SKU; excluded from parent conversion"
"3D Bead Grim Reaper Bead","focal-beads","FOC-HAL-3D-GRIM-1PK","FOC-HAL-3D-GRIM-1PK","1","Exact Etsy SKU matches inventory SKU; excluded from parent conversion"
"3D  leeping  keleton Coffin  ilicone Focal Bead","focal-beads","FOC-HAL-3D-GRN-CFFN-1PK","FOC-HAL-3D-GRN-CFFN-1PK","1","Exact Etsy SKU matches inventory SKU; excluded from parent conversion"
"3D Bead Pumpkin Bead","focal-beads","FOC-HAL-3D-GRN-PUMP-1PK","FOC-HAL-3D-GRN-PUMP-1PK","1","Exact Etsy SKU matches inventory SKU; excluded from parent conversion"
"3D Bead Bat Bead","focal-beads","FOC-HAL-3D-HAT-1PK","FOC-HAL-3D-HAT-1PK","1","Exact Etsy SKU matches inventory SKU; excluded from parent conversion"
"3D Bead Bat Bead","focal-beads","FOC-HAL-3D-HNTDHSE-1PK","FOC-HAL-3D-HNTDHSE-1PK","1","Exact Etsy SKU matches inventory SKU; excluded from parent conversion"
"3D  leeping  keleton Coffin  ilicone Focal Bead","focal-beads","FOC-HAL-3D-MIX-CFFN-4PK","FOC-HAL-3D-MIX-CFFN-4PK","4","Exact Etsy SKU matches inventory SKU; excluded from parent conversion"
"3D Bead Grim Reaper Bead","focal-beads","FOC-HAL-3D-MMY-1PK","FOC-HAL-3D-MMY-1PK","1","Exact Etsy SKU matches inventory SKU; excluded from parent conversion"
"3D  leeping  keleton Coffin  ilicone Focal Bead","focal-beads","FOC-HAL-3D-ORG-CFFN-1PK","FOC-HAL-3D-ORG-CFFN-1PK","1","Exact Etsy SKU matches inventory SKU; excluded from parent conversion"
"3D Bead Pumpkin Bead","focal-beads","FOC-HAL-3D-ORG-PUMP-1PK","FOC-HAL-3D-ORG-PUMP-1PK","1","Exact Etsy SKU matches inventory SKU; excluded from parent conversion"
"3D  leeping  keleton Coffin  ilicone Focal Bead","focal-beads","FOC-HAL-3D-PNK-CFFN-1PK","FOC-HAL-3D-PNK-CFFN-1PK","1","Exact Etsy SKU matches inventory SKU; excluded from parent conversion"
"3D Bead Pumpkin Bead","focal-beads","FOC-HAL-3D-PNK-PUMP-1PK","FOC-HAL-3D-PNK-PUMP-1PK","1","Exact Etsy SKU matches inventory SKU; excluded from parent conversion"
"3D  leeping  keleton Coffin  ilicone Focal Bead","focal-beads","FOC-HAL-3D-PUR-CFFN-1PK","FOC-HAL-3D-PUR-CFFN-1PK","1","Exact Etsy SKU matches inventory SKU; excluded from parent conversion"
"3D Bead Pumpkin Bead","focal-beads","FOC-HAL-3D-PUR-PUMP-1PK","FOC-HAL-3D-PUR-PUMP-1PK","1","Exact Etsy SKU matches inventory SKU; excluded from parent conversion"
"3D Bead Gho t Bead","focal-beads","FOC-HAL-3D-PURGHST-1PK","FOC-HAL-3D-PURGHST-1PK","1","Exact Etsy SKU matches inventory SKU; excluded from parent conversion"
"3D Bead Pumpkin Bead","focal-beads","FOC-HAL-3D-SMPMPKN-1PK","FOC-HAL-3D-SMPMPKN-1PK","1","Exact Etsy SKU matches inventory SKU; excluded from parent conversion"
"3D Bead Gho t Bead","focal-beads","FOC-HAL-3D-SMPNKGHST-1PK","FOC-HAL-3D-SMPNKGHST-1PK","1","Exact Etsy SKU matches inventory SKU; excluded from parent conversion"
"3D Bead Gho t Bead","focal-beads","FOC-HAL-3D-SMWHTGHST-1PK","FOC-HAL-3D-SMWHTGHST-1PK","1","Exact Etsy SKU matches inventory SKU; excluded from parent conversion"
"3D Bead  pider Bead","focal-beads","FOC-HAL-3D-SPDRBLK-1PK","FOC-HAL-3D-SPDRBLK-1PK","1","Exact Etsy SKU matches inventory SKU; excluded from parent conversion"
"3D Bead  pider Bead","focal-beads","FOC-HAL-3D-SPDRGRN-1PK","FOC-HAL-3D-SPDRGRN-1PK","1","Exact Etsy SKU matches inventory SKU; excluded from parent conversion"
"3D Bead Bat Bead","focal-beads","FOC-HAL-3D-VMPRE-1PK","FOC-HAL-3D-VMPRE-1PK","1","Exact Etsy SKU matches inventory SKU; excluded from parent conversion"
"Horror Character Bead","focal-beads","FOC-HAL-ANNBLL-1PK","FOC-HAL-ANNBLL-1PK","1","Exact Etsy SKU matches inventory SKU; excluded from parent conversion"
"Bad Apple Bead","focal-beads","FOC-HAL-BDAPPL-1PK","FOC-HAL-BDAPPL-1PK","1","Exact Etsy SKU matches inventory SKU; excluded from parent conversion"
"Book Bead","focal-beads","FOC-HAL-BKGHST-1PK","FOC-HAL-BKGHST-1PK","1","Exact Etsy SKU matches inventory SKU; excluded from parent conversion"
"Black Cat Bead","focal-beads","FOC-HAL-BLKCT-1PK","FOC-HAL-BLKCT-1PK","1","Exact Etsy SKU matches inventory SKU; excluded from parent conversion"
"keleton Bead","focal-beads","FOC-HAL-BRNCFFEE-1PK","FOC-HAL-BRNCFFEE-1PK","1","Exact Etsy SKU matches inventory SKU; excluded from parent conversion"
"Ba ic Witch Bead","charms-dangles","FOC-HAL-BSCWTCH-1PK","FOC-HAL-BSCWTCH-1PK","1","Exact Etsy SKU matches inventory SKU; excluded from parent conversion"
"Funny Phra e  Bead","focal-beads","FOC-HAL-BSHT-1PK","FOC-HAL-BSHT-1PK","1","Exact Etsy SKU matches inventory SKU; excluded from parent conversion"
"Horror Character Bead","focal-beads","FOC-HAL-BTLJC-1PK","FOC-HAL-BTLJC-1PK","1","Exact Etsy SKU matches inventory SKU; excluded from parent conversion"
"Pumpkin Bead","focal-beads","FOC-HAL-BWPMPKNORG-1PK","FOC-HAL-BWPMPKNORG-1PK","1","Exact Etsy SKU matches inventory SKU; excluded from parent conversion"
"Pumpkin Bead","focal-beads","FOC-HAL-BWPMPKNPNK-1PK","FOC-HAL-BWPMPKNPNK-1PK","1","Exact Etsy SKU matches inventory SKU; excluded from parent conversion"
"Pumpkin Bead","focal-beads","FOC-HAL-BWPMPKNTEAL-1PK","FOC-HAL-BWPMPKNTEAL-1PK","1","Exact Etsy SKU matches inventory SKU; excluded from parent conversion"
"Book Bead","focal-beads","FOC-HAL-CFFEGHST-1PK","FOC-HAL-CFFEGHST-1PK","1","Exact Etsy SKU matches inventory SKU; excluded from parent conversion"
"Horror Character Bead","focal-beads","FOC-HAL-CHCKY-1PK","FOC-HAL-CHCKY-1PK","1","Exact Etsy SKU matches inventory SKU; excluded from parent conversion"
"Candy Corn Bead","focal-beads","FOC-HAL-CNDYCRN-1PK","FOC-HAL-CNDYCRN-1PK","1","Exact Etsy SKU matches inventory SKU; excluded from parent conversion"
"Corny Bead","uncategorized","FOC-HAL-CRNYBTCH-1PK","FOC-HAL-CRNYBTCH-1PK","1","Exact Etsy SKU matches inventory SKU; excluded from parent conversion"
"Cat Bead","focal-beads","FOC-HAL-CTPMKN-1PK","FOC-HAL-CTPMKN-1PK","1","Exact Etsy SKU matches inventory SKU; excluded from parent conversion"
"3D Bead Day of the Dead Bead","focal-beads","FOC-HAL-DYDEADPNK-1PK","FOC-HAL-DYDEADPNK-1PK","1","Exact Etsy SKU matches inventory SKU; excluded from parent conversion"
"3D Bead Day of the Dead Bead","focal-beads","FOC-HAL-DYDEADWHT-1PK","FOC-HAL-DYDEADWHT-1PK","1","Exact Etsy SKU matches inventory SKU; excluded from parent conversion"
"3D Bead Gho t Bead","focal-beads","FOC-HAL-EYEBLLBW-1PK","FOC-HAL-EYEBLLBW-1PK","1","Exact Etsy SKU matches inventory SKU; excluded from parent conversion"
"Cat Bead","focal-beads","FOC-HAL-FBLS-1PK","FOC-HAL-FBLS-1PK","1","Exact Etsy SKU matches inventory SKU; excluded from parent conversion"
"Funny Phra e  Bead","focal-beads","FOC-HAL-FCPSSOFF-1PK","FOC-HAL-FCPSSOFF-1PK","1","Exact Etsy SKU matches inventory SKU; excluded from parent conversion"
"Flamingo Bead","focal-beads","FOC-HAL-FLMNGHST-1PK","FOC-HAL-FLMNGHST-1PK","1","Exact Etsy SKU matches inventory SKU; excluded from parent conversion"
"Book Bead","focal-beads","FOC-HAL-FLWRGHST-1PK","FOC-HAL-FLWRGHST-1PK","1","Exact Etsy SKU matches inventory SKU; excluded from parent conversion"
"Horror Character Bead","focal-beads","FOC-HAL-FRDDY-1PK","FOC-HAL-FRDDY-1PK","1","Exact Etsy SKU matches inventory SKU; excluded from parent conversion"
"Gho t Bead","focal-beads","FOC-HAL-GHSTBK-PNK-1PK","FOC-HAL-GHSTBK-PNK-1PK","1","Exact Etsy SKU matches inventory SKU; excluded from parent conversion"
"Gho t Bead","focal-beads","FOC-HAL-GHSTBK-PUR-1PK","FOC-HAL-GHSTBK-PUR-1PK","1","Exact Etsy SKU matches inventory SKU; excluded from parent conversion"
"Gho t Bead","focal-beads","FOC-HAL-GHSTCP-1PK","FOC-HAL-GHSTCP-1PK","1","Exact Etsy SKU matches inventory SKU; excluded from parent conversion"
"Gho t Bead","focal-beads","FOC-HAL-GHSTPMPKN-1PK","FOC-HAL-GHSTPMPKN-1PK","1","Exact Etsy SKU matches inventory SKU; excluded from parent conversion"
"Gnome Bead","focal-beads","FOC-HAL-GNMHTCHT-1PK","FOC-HAL-GNMHTCHT-1PK","1","Exact Etsy SKU matches inventory SKU; excluded from parent conversion"
"Gnome Bead","focal-beads","FOC-HAL-GNMSKLLS-1PK","FOC-HAL-GNMSKLLS-1PK","1","Exact Etsy SKU matches inventory SKU; excluded from parent conversion"
"kull Bead","focal-beads","FOC-HAL-GRLSKLL-1PK","FOC-HAL-GRLSKLL-1PK","1","Exact Etsy SKU matches inventory SKU; excluded from parent conversion"
"3D Bead Bucket Bead","focal-beads","FOC-HAL-GRNBCKT-1PK","FOC-HAL-GRNBCKT-1PK","1","Exact Etsy SKU matches inventory SKU; excluded from parent conversion"
"Gnome Bead","focal-beads","FOC-HAL-GRYPMPKNGNM-1PK","FOC-HAL-GRYPMPKNGNM-1PK","1","Exact Etsy SKU matches inventory SKU; excluded from parent conversion"
"Gho t Bead","charms-dangles","FOC-HAL-GSTHAT-1PK","FOC-HAL-GSTHAT-1PK","1","Exact Etsy SKU matches inventory SKU; excluded from parent conversion"
"Gnome Bead","focal-beads","FOC-HAL-HALWNGNME-1PK","FOC-HAL-HALWNGNME-1PK","1","Exact Etsy SKU matches inventory SKU; excluded from parent conversion"
"Black Cauldron Bead","focal-beads","FOC-HAL-HCSPCS-1PK","FOC-HAL-HCSPCS-1PK","1","Exact Etsy SKU matches inventory SKU; excluded from parent conversion"
"Horror Character Bead","focal-beads","FOC-HAL-JSN-1PK","FOC-HAL-JSN-1PK","1","Exact Etsy SKU matches inventory SKU; excluded from parent conversion"
"Horror Character Bead","focal-beads","FOC-HAL-MCHLMYRS-1PK","FOC-HAL-MCHLMYRS-1PK","1","Exact Etsy SKU matches inventory SKU; excluded from parent conversion"
"3D Bead Bucket Bead","focal-beads","FOC-HAL-MIXBCKT-1PK","FOC-HAL-MIXBCKT-1PK","1","Exact Etsy SKU matches inventory SKU; excluded from parent conversion"
"3D Bead Bucket Bead","focal-beads","FOC-HAL-ORGBCKT-1PK","FOC-HAL-ORGBCKT-1PK","1","Exact Etsy SKU matches inventory SKU; excluded from parent conversion"
"keleton Bead","focal-beads","FOC-HAL-ORGCFFEE-1PK","FOC-HAL-ORGCFFEE-1PK","1","Exact Etsy SKU matches inventory SKU; excluded from parent conversion"
"Gnome Bead","focal-beads","FOC-HAL-ORGGNME-1PK","FOC-HAL-ORGGNME-1PK","1","Exact Etsy SKU matches inventory SKU; excluded from parent conversion"
"Flamingo Bead","focal-beads","FOC-HAL-PMPKNGHST-1PK","FOC-HAL-PMPKNGHST-1PK","1","Exact Etsy SKU matches inventory SKU; excluded from parent conversion"
"Horror Character Bead","focal-beads","FOC-HAL-PMPKNHRT-1PK","FOC-HAL-PMPKNHRT-1PK","1","Exact Etsy SKU matches inventory SKU; excluded from parent conversion"
"pooky Bead","focal-beads","FOC-HAL-PNKSPKY-1PK","FOC-HAL-PNKSPKY-1PK","1","Exact Etsy SKU matches inventory SKU; excluded from parent conversion"
"Horror Character Bead","focal-beads","FOC-HAL-PNNYWS-1PK","FOC-HAL-PNNYWS-1PK","1","Exact Etsy SKU matches inventory SKU; excluded from parent conversion"
"Gnome Bead","focal-beads","FOC-HAL-PSNPMKN-1PK","FOC-HAL-PSNPMKN-1PK","1","Exact Etsy SKU matches inventory SKU; excluded from parent conversion"
"Flamingo Bead","focal-beads","FOC-HAL-PTRTCGHST-1PK","FOC-HAL-PTRTCGHST-1PK","1","Exact Etsy SKU matches inventory SKU; excluded from parent conversion"
"3D Bead Bucket Bead","focal-beads","FOC-HAL-PURBCKT-1PK","FOC-HAL-PURBCKT-1PK","1","Exact Etsy SKU matches inventory SKU; excluded from parent conversion"
"Gnome Bead","focal-beads","FOC-HAL-PURGNME-1PK","FOC-HAL-PURGNME-1PK","1","Exact Etsy SKU matches inventory SKU; excluded from parent conversion"
"Gnome Bead","focal-beads","FOC-HAL-PURPMPKNGNM-1PK","FOC-HAL-PURPMPKNGNM-1PK","1","Exact Etsy SKU matches inventory SKU; excluded from parent conversion"
"pooky Bead","focal-beads","FOC-HAL-PURSPKY-1PK","FOC-HAL-PURSPKY-1PK","1","Exact Etsy SKU matches inventory SKU; excluded from parent conversion"
"keleton Bead","focal-beads","FOC-HAL-REDCFFEE-1PK","FOC-HAL-REDCFFEE-1PK","1","Exact Etsy SKU matches inventory SKU; excluded from parent conversion"
"Horror Character Bead","focal-beads","FOC-HAL-SAW-1PK","FOC-HAL-SAW-1PK","1","Exact Etsy SKU matches inventory SKU; excluded from parent conversion"
"Horror Character Bead","focal-beads","FOC-HAL-SCRM-1PK","FOC-HAL-SCRM-1PK","1","Exact Etsy SKU matches inventory SKU; excluded from parent conversion"
"Pumpkin Bead","focal-beads","FOC-HAL-SCRYPMKN-1PK","FOC-HAL-SCRYPMKN-1PK","1","Exact Etsy SKU matches inventory SKU; excluded from parent conversion"
"kull Bead","focal-beads","FOC-HAL-SKLLHLWN-1PK","FOC-HAL-SKLLHLWN-1PK","1","Exact Etsy SKU matches inventory SKU; excluded from parent conversion"
"keleton Bead","focal-beads","FOC-HAL-SLLYGRN-1PK","FOC-HAL-SLLYGRN-1PK","1","Exact Etsy SKU matches inventory SKU; excluded from parent conversion"
"keleton Bead","focal-beads","FOC-HAL-SLLYPNK-1PK","FOC-HAL-SLLYPNK-1PK","1","Exact Etsy SKU matches inventory SKU; excluded from parent conversion"
"Gho t Bead","focal-beads","FOC-HAL-SMGHSTWHT-1PK","FOC-HAL-SMGHSTWHT-1PK","1","Exact Etsy SKU matches inventory SKU; excluded from parent conversion"
"Pumpkin Bead","focal-beads","FOC-HAL-SMKNPMKN-1PK","FOC-HAL-SMKNPMKN-1PK","1","Exact Etsy SKU matches inventory SKU; excluded from parent conversion"
"Gnome Bead","focal-beads","FOC-HAL-SMLNGPMKN-1PK","FOC-HAL-SMLNGPMKN-1PK","1","Exact Etsy SKU matches inventory SKU; excluded from parent conversion"
"kull Bead","focal-beads","FOC-HAL-SPDRWB-1PK","FOC-HAL-SPDRWB-1PK","1","Exact Etsy SKU matches inventory SKU; excluded from parent conversion"
"Teacher Bead","focal-beads","FOC-HAL-SPKYTCHR-1PK","FOC-HAL-SPKYTCHR-1PK","1","Exact Etsy SKU matches inventory SKU; excluded from parent conversion"
"Teacher Bead","focal-beads","FOC-HAL-SPKYVBS-1PK","FOC-HAL-SPKYVBS-1PK","1","Exact Etsy SKU matches inventory SKU; excluded from parent conversion"
"Teacher Bead","focal-beads","FOC-HAL-STYSPKYFC-1PK","FOC-HAL-STYSPKYFC-1PK","1","Exact Etsy SKU matches inventory SKU; excluded from parent conversion"
"pooky Bead","focal-beads","FOC-HAL-TEALSPKY-1PK","FOC-HAL-TEALSPKY-1PK","1","Exact Etsy SKU matches inventory SKU; excluded from parent conversion"
"Gnome Bead","focal-beads","FOC-HAL-VMPRGNM-1PK","FOC-HAL-VMPRGNM-1PK","1","Exact Etsy SKU matches inventory SKU; excluded from parent conversion"
"Horror Character Bead","focal-beads","FOC-HAL-WED-1PK","FOC-HAL-WED-1PK","1","Exact Etsy SKU matches inventory SKU; excluded from parent conversion"
"3D Bead Bucket Bead","focal-beads","FOC-HAL-WHTBCKT-1PK","FOC-HAL-WHTBCKT-1PK","1","Exact Etsy SKU matches inventory SKU; excluded from parent conversion"
"pooky Bead","focal-beads","FOC-HAL-WHTSPKY-1PK","FOC-HAL-WHTSPKY-1PK","1","Exact Etsy SKU matches inventory SKU; excluded from parent conversion"
"Pumpkin Bead","focal-beads","FOC-HAL-WSTRNPMKN-1PK","FOC-HAL-WSTRNPMKN-1PK","1","Exact Etsy SKU matches inventory SKU; excluded from parent conversion"
"Pumpkin Bead","focal-beads","FOC-HAL-WSTRNPMKNDK-1PK","FOC-HAL-WSTRNPMKNDK-1PK","1","Exact Etsy SKU matches inventory SKU; excluded from parent conversion"
"Pumpkin Bead","focal-beads","FOC-HAL-WSTRNPMKNLT-1PK","FOC-HAL-WSTRNPMKNLT-1PK","1","Exact Etsy SKU matches inventory SKU; excluded from parent conversion"
"Pumpkin Bead","focal-beads","FOC-HAL-WSTRNPMKNTEAL-1PK","FOC-HAL-WSTRNPMKNTEAL-1PK","1","Exact Etsy SKU matches inventory SKU; excluded from parent conversion"
"3D Bead Bucket Bead","focal-beads","FOC-HAL-YELBCKT-1PK","FOC-HAL-YELBCKT-1PK","1","Exact Etsy SKU matches inventory SKU; excluded from parent conversion"
"Ea ter Bead","charms-dangles","FOC-HOL-3D-BBYCHCK-1PK","FOC-HOL-3D-BBYCHCK-1PK","1","Exact Etsy SKU matches inventory SKU; excluded from parent conversion"
"3D Bead  t. Patrick'  Day Bead","focal-beads","FOC-HOL-3D-BOOT-1PK","FOC-HOL-3D-BOOT-1PK","1","Exact Etsy SKU matches inventory SKU; excluded from parent conversion"
"3D Ea ter Bead","focal-beads","FOC-HOL-3D-CHCLTBNNY-1PK","FOC-HOL-3D-CHCLTBNNY-1PK","1","Exact Etsy SKU matches inventory SKU; excluded from parent conversion"
"3D  t. Patrick'  Day Bead","focal-beads","FOC-HOL-3D-DKGRNHT-1PK","FOC-HOL-3D-DKGRNHT-1PK","1","Exact Etsy SKU matches inventory SKU; excluded from parent conversion"
"3D Bead Thank giving Bead","focal-beads","FOC-HOL-3D-FTHRTRKY-1PK","FOC-HOL-3D-FTHRTRKY-1PK","1","Exact Etsy SKU matches inventory SKU; excluded from parent conversion"
"3D Bead  t. Patrick'  Day Bead","focal-beads","FOC-HOL-3D-GNM-1PK","FOC-HOL-3D-GNM-1PK","1","Exact Etsy SKU matches inventory SKU; excluded from parent conversion"
"3D  t. Patrick'  Day Bead","focal-beads","FOC-HOL-3D-LEPHRA-1PK","FOC-HOL-3D-LEPHRA-1PK","1","Exact Etsy SKU matches inventory SKU; excluded from parent conversion"
"3D Bead  t. Patrick'  Day Bead","focal-beads","FOC-HOL-3D-LPHRCNBRD-1PK","FOC-HOL-3D-LPHRCNBRD-1PK","1","Exact Etsy SKU matches inventory SKU; excluded from parent conversion"
"3D Bead  t. Patrick'  Day Bead","focal-beads","FOC-HOL-3D-LRGPT-1PK","FOC-HOL-3D-LRGPT-1PK","1","Exact Etsy SKU matches inventory SKU; excluded from parent conversion"
"3D  t. Patrick'  Day Bead","focal-beads","FOC-HOL-3D-LTGRNHT-1PK","FOC-HOL-3D-LTGRNHT-1PK","1","Exact Etsy SKU matches inventory SKU; excluded from parent conversion"
"3D Bead Thank giving Bead","focal-beads","FOC-HOL-3D-PLNTRKY-1PK","FOC-HOL-3D-PLNTRKY-1PK","1","Exact Etsy SKU matches inventory SKU; excluded from parent conversion"
"3D Ea ter Bead","focal-beads","FOC-HOL-3D-PURCRRT-1PK","FOC-HOL-3D-PURCRRT-1PK","1","Exact Etsy SKU matches inventory SKU; excluded from parent conversion"
"3D Ea ter Bead","focal-beads","FOC-HOL-3D-RBBT-1PK","FOC-HOL-3D-RBBT-1PK","1","Exact Etsy SKU matches inventory SKU; excluded from parent conversion"
"3D Bead  t. Patrick'  Day Bead","focal-beads","FOC-HOL-3D-SMLLPT-1PK","FOC-HOL-3D-SMLLPT-1PK","1","Exact Etsy SKU matches inventory SKU; excluded from parent conversion"
"3D Ea ter Bead","focal-beads","FOC-HOL-3D-TEALEGG-1PK","FOC-HOL-3D-TEALEGG-1PK","1","Exact Etsy SKU matches inventory SKU; excluded from parent conversion"
"3D Bead Thank giving Bead","focal-beads","FOC-HOL-3D-THNKSGNME-1PK","FOC-HOL-3D-THNKSGNME-1PK","1","Exact Etsy SKU matches inventory SKU; excluded from parent conversion"
"Fall Bead","focal-beads","FOC-HOL-ATMN-1PK","FOC-HOL-ATMN-1PK","1","Exact Etsy SKU matches inventory SKU; excluded from parent conversion"
"Autumn Vibe  Bead","focal-beads","FOC-HOL-ATMNGNME-1PK","FOC-HOL-ATMNGNME-1PK","1","Exact Etsy SKU matches inventory SKU; excluded from parent conversion"
"Autumn Vibe  Bead","focal-beads","FOC-HOL-ATMNVBS-1PK","FOC-HOL-ATMNVBS-1PK","1","Exact Etsy SKU matches inventory SKU; excluded from parent conversion"
"Mardi Gra  Bead","focal-beads","FOC-HOL-BGBDS-1PK","FOC-HOL-BGBDS-1PK","1","Exact Etsy SKU matches inventory SKU; excluded from parent conversion"
"Ea ter Bead","focal-beads","FOC-HOL-BGEGGBNNY-1PK","FOC-HOL-BGEGGBNNY-1PK","1","Exact Etsy SKU matches inventory SKU; excluded from parent conversion"
"carecrow Bead","focal-beads","FOC-HOL-BOYSCRCRW-1PK","FOC-HOL-BOYSCRCRW-1PK","1","Exact Etsy SKU matches inventory SKU; excluded from parent conversion"
"Ea ter Bead","focal-beads","FOC-HOL-BRNCHTTHBNNY-1PK","FOC-HOL-BRNCHTTHBNNY-1PK","1","Exact Etsy SKU matches inventory SKU; excluded from parent conversion"
"Ea ter Bead","focal-beads","FOC-HOL-BSKTSITTNG-1PK","FOC-HOL-BSKTSITTNG-1PK","1","Exact Etsy SKU matches inventory SKU; excluded from parent conversion"
"Ea ter Bead","focal-beads","FOC-HOL-CHCK-1PK","FOC-HOL-CHCK-1PK","1","Exact Etsy SKU matches inventory SKU; excluded from parent conversion"
"Ea ter Bead","focal-beads","FOC-HOL-CHTHBNNY-1PK","FOC-HOL-CHTHBNNY-1PK","1","Exact Etsy SKU matches inventory SKU; excluded from parent conversion"
"Ea ter Bead","charms-dangles","FOC-HOL-CHTHCHCK-1PK","FOC-HOL-CHTHCHCK-1PK","1","Exact Etsy SKU matches inventory SKU; excluded from parent conversion"
"t. Patrick'  Day Bead","focal-beads","FOC-HOL-CHTHCLVR-1PK","FOC-HOL-CHTHCLVR-1PK","1","Exact Etsy SKU matches inventory SKU; excluded from parent conversion"
"t. Patrick'  Day Bead","focal-beads","FOC-HOL-CLVRGNM-1PK","FOC-HOL-CLVRGNM-1PK","1","Exact Etsy SKU matches inventory SKU; excluded from parent conversion"
"E","charms-dangles","FOC-HOL-CTEBNNY-1PK","FOC-HOL-CTEBNNY-1PK","1","Exact Etsy SKU matches inventory SKU; excluded from parent conversion"
"Fall Bead","focal-beads","FOC-HOL-CWBYTRKY-1PK","FOC-HOL-CWBYTRKY-1PK","1","Exact Etsy SKU matches inventory SKU; excluded from parent conversion"
"Ea ter Bead","focal-beads","FOC-HOL-ESTRBSKT-1PK","FOC-HOL-ESTRBSKT-1PK","1","Exact Etsy SKU matches inventory SKU; excluded from parent conversion"
"Ea ter Bead","focal-beads","FOC-HOL-ESTRGNME-1PK","FOC-HOL-ESTRGNME-1PK","1","Exact Etsy SKU matches inventory SKU; excluded from parent conversion"
"Ea ter Bead","focal-beads","FOC-HOL-ESTRPEEPS-1PK","FOC-HOL-ESTRPEEPS-1PK","1","Exact Etsy SKU matches inventory SKU; excluded from parent conversion"
"Fall Bead","focal-beads","FOC-HOL-FLLTRCK-1PK","FOC-HOL-FLLTRCK-1PK","1","Exact Etsy SKU matches inventory SKU; excluded from parent conversion"
"Gingerbread Angel  ilicone Focal Bead","focal-beads","FOC-HOL-GNGRBRDNGL-1PK","FOC-HOL-GNGRBRDNGL-1PK","1","Exact Etsy SKU matches inventory SKU; excluded from parent conversion"
"Gnome Bead","focal-beads","FOC-HOL-GNMEPMKN-1PK","FOC-HOL-GNMEPMKN-1PK","1","Exact Etsy SKU matches inventory SKU; excluded from parent conversion"
"Gnome Bead","focal-beads","FOC-HOL-GNMETHREE-1PK","FOC-HOL-GNMETHREE-1PK","1","Exact Etsy SKU matches inventory SKU; excluded from parent conversion"
"Gnome Bead","focal-beads","FOC-HOL-GNMETURK-1PK","FOC-HOL-GNMETURK-1PK","1","Exact Etsy SKU matches inventory SKU; excluded from parent conversion"
"carecrow Bead","focal-beads","FOC-HOL-GRLSCRCRW-1PK","FOC-HOL-GRLSCRCRW-1PK","1","Exact Etsy SKU matches inventory SKU; excluded from parent conversion"
"Ea ter Bead","charms-dangles","FOC-HOL-HGHLNDCWBNNY-1PK","FOC-HOL-HGHLNDCWBNNY-1PK","1","Exact Etsy SKU matches inventory SKU; excluded from parent conversion"
"Hanukkah Bead","focal-beads","FOC-HOL-HNKKH-1PK","FOC-HOL-HNKKH-1PK","1","Exact Etsy SKU matches inventory SKU; excluded from parent conversion"
"Ea ter Bead","charms-dangles","FOC-HOL-HPPYESTR-1PK","FOC-HOL-HPPYESTR-1PK","1","Exact Etsy SKU matches inventory SKU; excluded from parent conversion"
"E","charms-dangles","FOC-HOL-HPPYESTRNW-1PK","FOC-HOL-HPPYESTRNW-1PK","1","Exact Etsy SKU matches inventory SKU; excluded from parent conversion"
"t. Patrick'  Day Bead","focal-beads","FOC-HOL-LCKYHRT-1PK","FOC-HOL-LCKYHRT-1PK","1","Exact Etsy SKU matches inventory SKU; excluded from parent conversion"
"t. Patrick'  Day Bead","focal-beads","FOC-HOL-LCKYRNBW-1PK","FOC-HOL-LCKYRNBW-1PK","1","Exact Etsy SKU matches inventory SKU; excluded from parent conversion"
"t. Patrick'  Day Bead","focal-beads","FOC-HOL-LEPHAT-1PK","FOC-HOL-LEPHAT-1PK","1","Exact Etsy SKU matches inventory SKU; excluded from parent conversion"
"Mardi Gra  Bead","focal-beads","FOC-HOL-LSNA-1PK","FOC-HOL-LSNA-1PK","1","Exact Etsy SKU matches inventory SKU; excluded from parent conversion"
"t. Patrick'  Day Bead","focal-beads","FOC-HOL-PATHGHLNDCW-1PK","FOC-HOL-PATHGHLNDCW-1PK","1","Exact Etsy SKU matches inventory SKU; excluded from parent conversion"
"Thank giving Bead","focal-beads","FOC-HOL-PCTRKY-1PK","FOC-HOL-PCTRKY-1PK","1","Exact Etsy SKU matches inventory SKU; excluded from parent conversion"
"Ea ter Bead","focal-beads","FOC-HOL-PEEPSKE-1PK","FOC-HOL-PEEPSKE-1PK","1","Exact Etsy SKU matches inventory SKU; excluded from parent conversion"
"Fall Bead","focal-beads","FOC-HOL-PMKNCPCK-1PK","FOC-HOL-PMKNCPCK-1PK","1","Exact Etsy SKU matches inventory SKU; excluded from parent conversion"
"Pumpkin  pice Bead","focal-beads","FOC-HOL-PMPKNSPCNCE-1PK","FOC-HOL-PMPKNSPCNCE-1PK","1","Exact Etsy SKU matches inventory SKU; excluded from parent conversion"
"Ea ter Bead","focal-beads","FOC-HOL-PNKCHTTHBNNY-1PK","FOC-HOL-PNKCHTTHBNNY-1PK","1","Exact Etsy SKU matches inventory SKU; excluded from parent conversion"
"Gnome Bead","focal-beads","FOC-HOL-PNKGNME-1PK","FOC-HOL-PNKGNME-1PK","1","Exact Etsy SKU matches inventory SKU; excluded from parent conversion"
"Ea ter Bead","focal-beads","FOC-HOL-PNKPEP-1PK","FOC-HOL-PNKPEP-1PK","1","Exact Etsy SKU matches inventory SKU; excluded from parent conversion"
"Ea ter Bead","focal-beads","FOC-HOL-PNKTRCK-1PK","FOC-HOL-PNKTRCK-1PK","1","Exact Etsy SKU matches inventory SKU; excluded from parent conversion"
"t. Patrick'  Day Bead","focal-beads","FOC-HOL-PTGLD-1PK","FOC-HOL-PTGLD-1PK","1","Exact Etsy SKU matches inventory SKU; excluded from parent conversion"
"t. Patrick'  Day Bead","focal-beads","FOC-HOL-PTGLDRNBW-1PK","FOC-HOL-PTGLDRNBW-1PK","1","Exact Etsy SKU matches inventory SKU; excluded from parent conversion"
"Ea ter Bead","focal-beads","FOC-HOL-PURPEP-1PK","FOC-HOL-PURPEP-1PK","1","Exact Etsy SKU matches inventory SKU; excluded from parent conversion"
"Ea ter Bead","charms-dangles","FOC-HOL-RBBTEGGS-1PK","FOC-HOL-RBBTEGGS-1PK","1","Exact Etsy SKU matches inventory SKU; excluded from parent conversion"
"Gnome Bead","focal-beads","FOC-HOL-REDGNME-1PK","FOC-HOL-REDGNME-1PK","1","Exact Etsy SKU matches inventory SKU; excluded from parent conversion"
"t. Patrick'  Day Bead","focal-beads","FOC-HOL-SHMRCKNRLL-1PK","FOC-HOL-SHMRCKNRLL-1PK","1","Exact Etsy SKU matches inventory SKU; excluded from parent conversion"
"t. Patrick'  Day Bead","focal-beads","FOC-HOL-SHMTRCK-1PK","FOC-HOL-SHMTRCK-1PK","1","Exact Etsy SKU matches inventory SKU; excluded from parent conversion"
"t. Patrick'  Day Bead","focal-beads","FOC-HOL-STGNOME-1PK","FOC-HOL-STGNOME-1PK","1","Exact Etsy SKU matches inventory SKU; excluded from parent conversion"
"Ea ter Bead","charms-dangles","FOC-HOL-STTNGEGGBNNY-1PK","FOC-HOL-STTNGEGGBNNY-1PK","1","Exact Etsy SKU matches inventory SKU; excluded from parent conversion"
"Ea ter Bead","focal-beads","FOC-HOL-TEALPEP-1PK","FOC-HOL-TEALPEP-1PK","1","Exact Etsy SKU matches inventory SKU; excluded from parent conversion"
"Ea ter Bead","focal-beads","FOC-HOL-TEALTRCK-1PK","FOC-HOL-TEALTRCK-1PK","1","Exact Etsy SKU matches inventory SKU; excluded from parent conversion"
"Fall Bead","focal-beads","FOC-HOL-THNKFL-1PK","FOC-HOL-THNKFL-1PK","1","Exact Etsy SKU matches inventory SKU; excluded from parent conversion"
"Thank giving Bead","focal-beads","FOC-HOL-THNKFLGRTFL-1PK","FOC-HOL-THNKFLGRTFL-1PK","1","Exact Etsy SKU matches inventory SKU; excluded from parent conversion"
"Thank giving Bead","focal-beads","FOC-HOL-THNKSGVNG-1PK","FOC-HOL-THNKSGVNG-1PK","1","Exact Etsy SKU matches inventory SKU; excluded from parent conversion"
"Thank giving Bead","focal-beads","FOC-HOL-THNKVBES-1PK","FOC-HOL-THNKVBES-1PK","1","Exact Etsy SKU matches inventory SKU; excluded from parent conversion"
"Mardi Gra  Bead","focal-beads","FOC-HOL-TMSRLL-1PK","FOC-HOL-TMSRLL-1PK","1","Exact Etsy SKU matches inventory SKU; excluded from parent conversion"
"Thank giving Bead","focal-beads","FOC-HOL-TRKY-1PK","FOC-HOL-TRKY-1PK","1","Exact Etsy SKU matches inventory SKU; excluded from parent conversion"
"Ea ter Bead","focal-beads","FOC-HOL-WHTCHTTHBNNY-1PK","FOC-HOL-WHTCHTTHBNNY-1PK","1","Exact Etsy SKU matches inventory SKU; excluded from parent conversion"
"Ea ter Bead","focal-beads","FOC-HOL-YELPEP-1PK","FOC-HOL-YELPEP-1PK","1","Exact Etsy SKU matches inventory SKU; excluded from parent conversion"
"E","charms-dangles","FOC-HOL3D-BNNYINEGG-1PK","FOC-HOL3D-BNNYINEGG-1PK","1","Exact Etsy SKU matches inventory SKU; excluded from parent conversion"
"E","charms-dangles","FOC-HOL3D-BNNYWCRRT-1PK","FOC-HOL3D-BNNYWCRRT-1PK","1","Exact Etsy SKU matches inventory SKU; excluded from parent conversion"
"E","charms-dangles","FOC-HOL3D-ESTRBSKT-1PK","FOC-HOL3D-ESTRBSKT-1PK","1","Exact Etsy SKU matches inventory SKU; excluded from parent conversion"
"Tool Focal Bead   et","focal-beads","FOC-MAN-DRLL-1PK","FOC-MAN-DRLL-1PK","1","Exact Etsy SKU matches inventory SKU; excluded from parent conversion"
"Tool Focal Bead   et","focal-beads","FOC-MAN-TPMSRE-1PK","FOC-MAN-TPMSRE-1PK","1","Exact Etsy SKU matches inventory SKU; excluded from parent conversion"
"Mental Health Bead","focal-beads","FOC-MEN-BLUWRLD-1PK","FOC-MEN-BLUWRLD-1PK","1","Exact Etsy SKU matches inventory SKU; excluded from parent conversion"
"H","focal-beads","FOC-MEN-DRHNTR-1PK","FOC-MEN-DRHNTR-1PK","1","Exact Etsy SKU matches inventory SKU; excluded from parent conversion"
"Mental Health Bead","focal-beads","FOC-MEN-PNKWRLD-1PK","FOC-MEN-PNKWRLD-1PK","1","Exact Etsy SKU matches inventory SKU; excluded from parent conversion"
"H","focal-beads","FOC-MEN-RTHRFSHNG-1PK","FOC-MEN-RTHRFSHNG-1PK","1","Exact Etsy SKU matches inventory SKU; excluded from parent conversion"
"3D Bead Bigfoot Bead","focal-beads","FOC-MSC-3D-BGFOOT-1PK","FOC-MSC-3D-BGFOOT-1PK","1","Exact Etsy SKU matches inventory SKU; excluded from parent conversion"
"3D Focal Bead","focal-beads","FOC-MSC-3D-BOYALEN-1PK","FOC-MSC-3D-BOYALEN-1PK","1","Exact Etsy SKU matches inventory SKU; excluded from parent conversion"
"3D Bead Bathtub Focal Bead","focal-beads","FOC-MSC-3D-BTHTB-1PK","FOC-MSC-3D-BTHTB-1PK","1","Exact Etsy SKU matches inventory SKU; excluded from parent conversion"
"3D Focal Bead","focal-beads","FOC-MSC-3D-GRLALEN-1PK","FOC-MSC-3D-GRLALEN-1PK","1","Exact Etsy SKU matches inventory SKU; excluded from parent conversion"
"3D Bead Toilet Paper Bead","focal-beads","FOC-MSC-3D-TLTPPR-1PK","FOC-MSC-3D-TLTPPR-1PK","1","Exact Etsy SKU matches inventory SKU; excluded from parent conversion"
"3D Bead Bigfoot Bead","focal-beads","FOC-MSC-3D-YETI-1PK","FOC-MSC-3D-YETI-1PK","1","Exact Etsy SKU matches inventory SKU; excluded from parent conversion"
"Be Kind Bead","focal-beads","FOC-MSC-BEKND-1PK","FOC-MSC-BEKND-1PK","1","Exact Etsy SKU matches inventory SKU; excluded from parent conversion"
"Bigfoot Bead","focal-beads","FOC-MSC-BGFOOT-1PK","FOC-MSC-BGFOOT-1PK","1","Exact Etsy SKU matches inventory SKU; excluded from parent conversion"
"Chri tian  ilicone Focal Bead","focal-beads","FOC-MSC-BIBLE-1PK","FOC-MSC-BIBLE-1PK","1","Exact Etsy SKU matches inventory SKU; excluded from parent conversion"
"Chri tian  ilicone Focal Bead","focal-beads","FOC-MSC-BLKJESUS-1PK","FOC-MSC-BLKJESUS-1PK","1","Exact Etsy SKU matches inventory SKU; excluded from parent conversion"
"Cro  Bead","focal-beads","FOC-MSC-BLKSNFLWCRSS-1PK","FOC-MSC-BLKSNFLWCRSS-1PK","1","Exact Etsy SKU matches inventory SKU; excluded from parent conversion"
"Flower Bloom Bead","focal-beads","FOC-MSC-BLMASUR-1PK","FOC-MSC-BLMASUR-1PK","1","Exact Etsy SKU matches inventory SKU; excluded from parent conversion"
"Unicorn Bead","focal-beads","FOC-MSC-BLUUNCRN-1PK","FOC-MSC-BLUUNCRN-1PK","1","Exact Etsy SKU matches inventory SKU; excluded from parent conversion"
"Butterfly Bead","focal-beads","FOC-MSC-BUTTOKAY-1PK","FOC-MSC-BUTTOKAY-1PK","1","Exact Etsy SKU matches inventory SKU; excluded from parent conversion"
"Cro  Bead","focal-beads","FOC-MSC-CAMOCRSS-1PK","FOC-MSC-CAMOCRSS-1PK","1","Exact Etsy SKU matches inventory SKU; excluded from parent conversion"
"Pink Ribbon Bead","charms-dangles","FOC-MSC-CHTHHRT-1PK","FOC-MSC-CHTHHRT-1PK","1","Exact Etsy SKU matches inventory SKU; excluded from parent conversion"
"Be Kind Bead","focal-beads","FOC-MSC-CRCLBLUKND-1PK","FOC-MSC-CRCLBLUKND-1PK","1","Exact Etsy SKU matches inventory SKU; excluded from parent conversion"
"Be Kind Bead","focal-beads","FOC-MSC-CRCLCLRFLKND-1PK","FOC-MSC-CRCLCLRFLKND-1PK","1","Exact Etsy SKU matches inventory SKU; excluded from parent conversion"
"3D Bead Robot Bead","focal-beads","FOC-MSC-DKBLURBT-1PK","FOC-MSC-DKBLURBT-1PK","1","Exact Etsy SKU matches inventory SKU; excluded from parent conversion"
"3D Poop Emoji Bead","focal-beads","FOC-MSC-DKBRNPOOP-1PK","FOC-MSC-DKBRNPOOP-1PK","1","Exact Etsy SKU matches inventory SKU; excluded from parent conversion"
"Energy Bead","focal-beads","FOC-MSC-ENERGY-1PK","FOC-MSC-ENERGY-1PK","1","Exact Etsy SKU matches inventory SKU; excluded from parent conversion"
"Chri tian  ilicone Focal Bead","focal-beads","FOC-MSC-FAITH-1PK","FOC-MSC-FAITH-1PK","1","Exact Etsy SKU matches inventory SKU; excluded from parent conversion"
"Pink Ribbon Bead","focal-beads","FOC-MSC-FCKCNCRBBN-1PK","FOC-MSC-FCKCNCRBBN-1PK","1","Exact Etsy SKU matches inventory SKU; excluded from parent conversion"
"Mental Health Bead","focal-beads","FOC-MSC-FLLYRCP-1PK","FOC-MSC-FLLYRCP-1PK","1","Exact Etsy SKU matches inventory SKU; excluded from parent conversion"
"Good Vibe  Bead","focal-beads","FOC-MSC-GDVBS-1PK","FOC-MSC-GDVBS-1PK","1","Exact Etsy SKU matches inventory SKU; excluded from parent conversion"
"God Bead","focal-beads","FOC-MSC-GOD-1PK","FOC-MSC-GOD-1PK","1","Exact Etsy SKU matches inventory SKU; excluded from parent conversion"
"3D Bead Robot Bead","focal-beads","FOC-MSC-HRTRBT-1PK","FOC-MSC-HRTRBT-1PK","1","Exact Etsy SKU matches inventory SKU; excluded from parent conversion"
"Cro  Bead","focal-beads","FOC-MSC-HTPNKFLWRCRSS-1PK","FOC-MSC-HTPNKFLWRCRSS-1PK","1","Exact Etsy SKU matches inventory SKU; excluded from parent conversion"
"3D Bead Robot Bead","focal-beads","FOC-MSC-LTBLURBT-1PK","FOC-MSC-LTBLURBT-1PK","1","Exact Etsy SKU matches inventory SKU; excluded from parent conversion"
"3D Poop Emoji Bead","focal-beads","FOC-MSC-LTBRNPOOP-1PK","FOC-MSC-LTBRNPOOP-1PK","1","Exact Etsy SKU matches inventory SKU; excluded from parent conversion"
"Mental Health Bead","focal-beads","FOC-MSC-MNTLHLTHAWNS-1PK","FOC-MSC-MNTLHLTHAWNS-1PK","1","Exact Etsy SKU matches inventory SKU; excluded from parent conversion"
"Kitchen Mixer Bead","charms-dangles","FOC-MSC-MXR-PNK-1PK","FOC-MSC-MXR-PNK-1PK","1","Exact Etsy SKU matches inventory SKU; excluded from parent conversion"
"Kitchen Mixer Bead","charms-dangles","FOC-MSC-MXR-TEAL-1PK","FOC-MSC-MXR-TEAL-1PK","1","Exact Etsy SKU matches inventory SKU; excluded from parent conversion"
"Chri tian  ilicone Focal Bead","focal-beads","FOC-MSC-NEWRELMIX-5PK","FOC-MSC-NEWRELMIX-5PK","5","Exact Etsy SKU matches inventory SKU; excluded from parent conversion"
"Never Give Up Bead","focal-beads","FOC-MSC-NVRGVUP-1PK","FOC-MSC-NVRGVUP-1PK","1","Exact Etsy SKU matches inventory SKU; excluded from parent conversion"
"Cro  Bead","focal-beads","FOC-MSC-PNKCRSS-1PK","FOC-MSC-PNKCRSS-1PK","1","Exact Etsy SKU matches inventory SKU; excluded from parent conversion"
"Cro  Bead","focal-beads","FOC-MSC-PNKFLWRCRSS-1PK","FOC-MSC-PNKFLWRCRSS-1PK","1","Exact Etsy SKU matches inventory SKU; excluded from parent conversion"
"Mermaid Bead","focal-beads","FOC-MSC-PNKMRMD-1PK","FOC-MSC-PNKMRMD-1PK","1","Exact Etsy SKU matches inventory SKU; excluded from parent conversion"
"miley Bead","focal-beads","FOC-MSC-PNKSMLY-1PK","FOC-MSC-PNKSMLY-1PK","1","Exact Etsy SKU matches inventory SKU; excluded from parent conversion"
"Unicorn Bead","focal-beads","FOC-MSC-PNKUNCRN-1PK","FOC-MSC-PNKUNCRN-1PK","1","Exact Etsy SKU matches inventory SKU; excluded from parent conversion"
"Po itivity Bead","focal-beads","FOC-MSC-PRGRSSPRFCT-1PK","FOC-MSC-PRGRSSPRFCT-1PK","1","Exact Etsy SKU matches inventory SKU; excluded from parent conversion"
"Cro  Bead","focal-beads","FOC-MSC-PURCRSS-1PK","FOC-MSC-PURCRSS-1PK","1","Exact Etsy SKU matches inventory SKU; excluded from parent conversion"
"Cro  Bead","focal-beads","FOC-MSC-PURFLWRCRSS-1PK","FOC-MSC-PURFLWRCRSS-1PK","1","Exact Etsy SKU matches inventory SKU; excluded from parent conversion"
"Purple Bead","focal-beads","FOC-MSC-PURMRMD-1PK","FOC-MSC-PURMRMD-1PK","1","Exact Etsy SKU matches inventory SKU; excluded from parent conversion"
"miley Bead","focal-beads","FOC-MSC-PURSMLY-1PK","FOC-MSC-PURSMLY-1PK","1","Exact Etsy SKU matches inventory SKU; excluded from parent conversion"
"Cancer Awarene  Bead","focal-beads","FOC-MSC-RBBNBLU-1PK","FOC-MSC-RBBNBLU-1PK","1","Exact Etsy SKU matches inventory SKU; excluded from parent conversion"
"Cancer Awarene  Bead","focal-beads","FOC-MSC-RBBNGRN-1PK","FOC-MSC-RBBNGRN-1PK","1","Exact Etsy SKU matches inventory SKU; excluded from parent conversion"
"Cancer Awarene  Bead","focal-beads","FOC-MSC-RBBNLTBLU-1PK","FOC-MSC-RBBNLTBLU-1PK","1","Exact Etsy SKU matches inventory SKU; excluded from parent conversion"
"Cancer Awarene  Bead","focal-beads","FOC-MSC-RBBNORG-1PK","FOC-MSC-RBBNORG-1PK","1","Exact Etsy SKU matches inventory SKU; excluded from parent conversion"
"Cancer Awarene  Bead","focal-beads","FOC-MSC-RBBNPNK-1PK","FOC-MSC-RBBNPNK-1PK","1","Exact Etsy SKU matches inventory SKU; excluded from parent conversion"
"Cancer Awarene  Bead","focal-beads","FOC-MSC-RBBNPUR-1PK","FOC-MSC-RBBNPUR-1PK","1","Exact Etsy SKU matches inventory SKU; excluded from parent conversion"
"Be Kind Bead","focal-beads","FOC-MSC-RCTNGLKND-1PK","FOC-MSC-RCTNGLKND-1PK","1","Exact Etsy SKU matches inventory SKU; excluded from parent conversion"
"Po itive Energy Bead","focal-beads","FOC-MSC-RDTPSTVE-1PK","FOC-MSC-RDTPSTVE-1PK","1","Exact Etsy SKU matches inventory SKU; excluded from parent conversion"
"Cro  Bead","focal-beads","FOC-MSC-RSSCRSS-1PK","FOC-MSC-RSSCRSS-1PK","1","Exact Etsy SKU matches inventory SKU; excluded from parent conversion"
"Chri tian  ilicone Focal Bead","focal-beads","FOC-MSC-SCNCRSS-1PK","FOC-MSC-SCNCRSS-1PK","1","Exact Etsy SKU matches inventory SKU; excluded from parent conversion"
"Cro  Bead","focal-beads","FOC-MSC-SKLLCRSS-1PK","FOC-MSC-SKLLCRSS-1PK","1","Exact Etsy SKU matches inventory SKU; excluded from parent conversion"
"Mental Health Bead","focal-beads","FOC-MSC-SLFLV-1PK","FOC-MSC-SLFLV-1PK","1","Exact Etsy SKU matches inventory SKU; excluded from parent conversion"
"mile Heart Bead","focal-beads","FOC-MSC-SMLYHT-1PK","FOC-MSC-SMLYHT-1PK","1","Exact Etsy SKU matches inventory SKU; excluded from parent conversion"
"Cro  Bead","focal-beads","FOC-MSC-TEALFLWRCRSS-1PK","FOC-MSC-TEALFLWRCRSS-1PK","1","Exact Etsy SKU matches inventory SKU; excluded from parent conversion"
"Chri tian  ilicone Focal Bead","focal-beads","FOC-MSC-TEALJESUS-1PK","FOC-MSC-TEALJESUS-1PK","1","Exact Etsy SKU matches inventory SKU; excluded from parent conversion"
"miley Bead","focal-beads","FOC-MSC-TEALSMLY-1PK","FOC-MSC-TEALSMLY-1PK","1","Exact Etsy SKU matches inventory SKU; excluded from parent conversion"
"Wear Pink Bead","focal-beads","FOC-MSC-WHREPNK-1PK","FOC-MSC-WHREPNK-1PK","1","Exact Etsy SKU matches inventory SKU; excluded from parent conversion"
"Wear Pink Bead","focal-beads","FOC-MSC-WHREWHT-1PK","FOC-MSC-WHREWHT-1PK","1","Exact Etsy SKU matches inventory SKU; excluded from parent conversion"
"Cro  Bead","focal-beads","FOC-MSC-WHTCRSS-1PK","FOC-MSC-WHTCRSS-1PK","1","Exact Etsy SKU matches inventory SKU; excluded from parent conversion"
"Cro  Bead","focal-beads","FOC-MSC-WHTSNFLWCRSS-1PK","FOC-MSC-WHTSNFLWCRSS-1PK","1","Exact Etsy SKU matches inventory SKU; excluded from parent conversion"
"Unicorn Bead","focal-beads","FOC-MSC-WHTUNCRN-1PK","FOC-MSC-WHTUNCRN-1PK","1","Exact Etsy SKU matches inventory SKU; excluded from parent conversion"
"3D Bead Robot Bead","focal-beads","FOC-MSC-YELRBT-1PK","FOC-MSC-YELRBT-1PK","1","Exact Etsy SKU matches inventory SKU; excluded from parent conversion"
"Ying Yang Bead","charms-dangles","FOC-MSC-YNGYNG-1PK","FOC-MSC-YNGYNG-1PK","1","Exact Etsy SKU matches inventory SKU; excluded from parent conversion"
"You Matter Bead","focal-beads","FOC-MSC-YOUMTTR-1PK","FOC-MSC-YOUMTTR-1PK","1","Exact Etsy SKU matches inventory SKU; excluded from parent conversion"
"My tery  coop","focal-beads","FOC-MYSTRY-LG","FOC-MYSTRY-LG","1","Exact Etsy SKU matches inventory SKU; excluded from parent conversion"
"My tery  coop","focal-beads","FOC-MYSTRY-MED","FOC-MYSTRY-MED","1","Exact Etsy SKU matches inventory SKU; excluded from parent conversion"
"My tery  coop","focal-beads","FOC-MYSTRY-SM","FOC-MYSTRY-SM","1","Exact Etsy SKU matches inventory SKU; excluded from parent conversion"
"3D Police Focal Bead","charms-dangles","FOC-OCC-3D-BLKNFRM-1PK","FOC-OCC-3D-BLKNFRM-1PK","1","Exact Etsy SKU matches inventory SKU; excluded from parent conversion"
"3D Police Focal Bead","charms-dangles","FOC-OCC-3D-BLKPLCAR-1PK","FOC-OCC-3D-BLKPLCAR-1PK","1","Exact Etsy SKU matches inventory SKU; excluded from parent conversion"
"3D Police Focal Bead","charms-dangles","FOC-OCC-3D-BLUNFRM-1PK","FOC-OCC-3D-BLUNFRM-1PK","1","Exact Etsy SKU matches inventory SKU; excluded from parent conversion"
"3D Police Focal Bead","charms-dangles","FOC-OCC-3D-BLUPLCAR-1PK","FOC-OCC-3D-BLUPLCAR-1PK","1","Exact Etsy SKU matches inventory SKU; excluded from parent conversion"
"3D Police Focal Bead","charms-dangles","FOC-OCC-3D-PLCMIX-5PK","FOC-OCC-3D-PLCMIX-5PK","5","Exact Etsy SKU matches inventory SKU; excluded from parent conversion"
"3D Police Focal Bead","charms-dangles","FOC-OCC-3D-YELVST-1PK","FOC-OCC-3D-YELVST-1PK","1","Exact Etsy SKU matches inventory SKU; excluded from parent conversion"
"Nur e Bead","focal-beads","FOC-OCC-CFFEENRSE-1PK","FOC-OCC-CFFEENRSE-1PK","1","Exact Etsy SKU matches inventory SKU; excluded from parent conversion"
"Chill Pill Bead","focal-beads","FOC-OCC-CHLLPLL-1PK","FOC-OCC-CHLLPLL-1PK","1","Exact Etsy SKU matches inventory SKU; excluded from parent conversion"
"Cardiology Bead","focal-beads","FOC-OCC-CHTHHRT-1PK","FOC-OCC-CHTHHRT-1PK","1","Exact Etsy SKU matches inventory SKU; excluded from parent conversion"
"Cardiology Bead","focal-beads","FOC-OCC-CRDLGY-1PK","FOC-OCC-CRDLGY-1PK","1","Exact Etsy SKU matches inventory SKU; excluded from parent conversion"
"Dental  quad Focal  ilicone Bead","focal-beads","FOC-OCC-DNTLSQD-1PK","FOC-OCC-DNTLSQD-1PK","1","Exact Etsy SKU matches inventory SKU; excluded from parent conversion"
"arca tic  ilicone Focal Bead","focal-beads","FOC-OCC-DRGDLER-1PK","FOC-OCC-DRGDLER-1PK","1","Exact Etsy SKU matches inventory SKU; excluded from parent conversion"
"Dental Hygieni t Bead","charms-dangles","FOC-OCC-FLLNGFRYO-1PK","FOC-OCC-FLLNGFRYO-1PK","1","Exact Etsy SKU matches inventory SKU; excluded from parent conversion"
"Nur e Bead","focal-beads","FOC-OCC-HALFNURSE-1PK","FOC-OCC-HALFNURSE-1PK","1","Exact Etsy SKU matches inventory SKU; excluded from parent conversion"
"Ho pice Bead","focal-beads","FOC-OCC-HSPCNRSE-1PK","FOC-OCC-HSPCNRSE-1PK","1","Exact Etsy SKU matches inventory SKU; excluded from parent conversion"
"Dental Hygieni t Bead","charms-dangles","FOC-OCC-HYGNTST-1PK","FOC-OCC-HYGNTST-1PK","1","Exact Etsy SKU matches inventory SKU; excluded from parent conversion"
"Mechanic Bead","charms-dangles","FOC-OCC-MCHNC-1PK","FOC-OCC-MCHNC-1PK","1","Exact Etsy SKU matches inventory SKU; excluded from parent conversion"
"Cardiology Bead","focal-beads","FOC-OCC-NRSCW-1PK","FOC-OCC-NRSCW-1PK","1","Exact Etsy SKU matches inventory SKU; excluded from parent conversion"
"Medical Pill Bead","charms-dangles","FOC-OCC-PILL-1PK","FOC-OCC-PILL-1PK","1","Exact Etsy SKU matches inventory SKU; excluded from parent conversion"
"Medicine Focal  ilicone Bead","focal-beads","FOC-OCC-PLLBTTLE-1PK","FOC-OCC-PLLBTTLE-1PK","1","Exact Etsy SKU matches inventory SKU; excluded from parent conversion"
"Medical 3D  ilicone Focal Bead","focal-beads","FOC-OCC-PLLCPSL-1PK","FOC-OCC-PLLCPSL-1PK","1","Exact Etsy SKU matches inventory SKU; excluded from parent conversion"
"Radiology Bead","focal-beads","FOC-OCC-RDLGYTCH-1PK","FOC-OCC-RDLGYTCH-1PK","1","Exact Etsy SKU matches inventory SKU; excluded from parent conversion"
"Retired Bead","focal-beads","FOC-OCC-RETIRED-1PK","FOC-OCC-RETIRED-1PK","1","Exact Etsy SKU matches inventory SKU; excluded from parent conversion"
"Cardiology Bead","focal-beads","FOC-OCC-SCRBLFE-1PK","FOC-OCC-SCRBLFE-1PK","1","Exact Etsy SKU matches inventory SKU; excluded from parent conversion"
"tetho cope Bead","focal-beads","FOC-OCC-STTHSCPE-1PK","FOC-OCC-STTHSCPE-1PK","1","Exact Etsy SKU matches inventory SKU; excluded from parent conversion"
"yringe Bead","focal-beads","FOC-OCC-SYRINGE-1PK","FOC-OCC-SYRINGE-1PK","1","Exact Etsy SKU matches inventory SKU; excluded from parent conversion"
"Tooth Bead","focal-beads","FOC-OCC-TOOTH-1PK","FOC-OCC-TOOTH-1PK","1","Exact Etsy SKU matches inventory SKU; excluded from parent conversion"
"Vet Tech Bead","focal-beads","FOC-OCC-VTTECH-1PK","FOC-OCC-VTTECH-1PK","1","Exact Etsy SKU matches inventory SKU; excluded from parent conversion"
"Patriotic Focal Bead","focal-beads","FOC-PAT-250EGLE-1PK","FOC-PAT-250EGLE-1PK","1","Exact Etsy SKU matches inventory SKU; excluded from parent conversion"
"Patriotic Focal Bead","focal-beads","FOC-PAT-250MRCNMIX-4PK","FOC-PAT-250MRCNMIX-4PK","4","Exact Etsy SKU matches inventory SKU; excluded from parent conversion"
"Patriotic Focal Bead","focal-beads","FOC-PAT-250SHLD-1PK","FOC-PAT-250SHLD-1PK","1","Exact Etsy SKU matches inventory SKU; excluded from parent conversion"
"3D Bead Patriotic Gnome","focal-beads","FOC-PAT-3D-BLUGNME-1PK","FOC-PAT-3D-BLUGNME-1PK","1","Exact Etsy SKU matches inventory SKU; excluded from parent conversion"
"3D Bead Doctor Bead","focal-beads","FOC-PAT-3D-DCTRJCKT-1PK","FOC-PAT-3D-DCTRJCKT-1PK","1","Exact Etsy SKU matches inventory SKU; excluded from parent conversion"
"3D Bead Doctor Bead","focal-beads","FOC-PAT-3D-FREJCKT-1PK","FOC-PAT-3D-FREJCKT-1PK","1","Exact Etsy SKU matches inventory SKU; excluded from parent conversion"
"3D Bead Gnome Bead","focal-beads","FOC-PAT-3D-GNOME-EMS-1PK","FOC-PAT-3D-GNOME-EMS-1PK","1","Exact Etsy SKU matches inventory SKU; excluded from parent conversion"
"3D Bead Gnome Bead","focal-beads","FOC-PAT-3D-GNOME-FIRE-1PK","FOC-PAT-3D-GNOME-FIRE-1PK","1","Exact Etsy SKU matches inventory SKU; excluded from parent conversion"
"3D Bead Gnome Bead","focal-beads","FOC-PAT-3D-GNOME-PLCE-1PK","FOC-PAT-3D-GNOME-PLCE-1PK","1","Exact Etsy SKU matches inventory SKU; excluded from parent conversion"
"Patriotic Bead","charms-dangles","FOC-PAT-3D-MRCNFLG-1PK","FOC-PAT-3D-MRCNFLG-1PK","1","Exact Etsy SKU matches inventory SKU; excluded from parent conversion"
"3D Bead Doctor Bead","focal-beads","FOC-PAT-3D-PLCVST-1PK","FOC-PAT-3D-PLCVST-1PK","1","Exact Etsy SKU matches inventory SKU; excluded from parent conversion"
"3D Bead Patriotic Gnome","focal-beads","FOC-PAT-3D-REDGNME-1PK","FOC-PAT-3D-REDGNME-1PK","1","Exact Etsy SKU matches inventory SKU; excluded from parent conversion"
"Medical  ymbol Bead","focal-beads","FOC-PAT-911-1PK","FOC-PAT-911-1PK","1","Exact Etsy SKU matches inventory SKU; excluded from parent conversion"
"Patriotic Gnome","focal-beads","FOC-PAT-BLUGNME-1PK","FOC-PAT-BLUGNME-1PK","1","Exact Etsy SKU matches inventory SKU; excluded from parent conversion"
"P","focal-beads","FOC-PAT-CRCLBRTY-1PK","FOC-PAT-CRCLBRTY-1PK","1","Exact Etsy SKU matches inventory SKU; excluded from parent conversion"
"P","focal-beads","FOC-PAT-CRCLEAGLE-1PK","FOC-PAT-CRCLEAGLE-1PK","1","Exact Etsy SKU matches inventory SKU; excluded from parent conversion"
"Patriotic Bead","focal-beads","FOC-PAT-DGTG-1PK","FOC-PAT-DGTG-1PK","1","Exact Etsy SKU matches inventory SKU; excluded from parent conversion"
"Patriotic Bead","charms-dangles","FOC-PAT-DOG-1PK","FOC-PAT-DOG-1PK","1","Exact Etsy SKU matches inventory SKU; excluded from parent conversion"
"Medical  ymbol Bead","focal-beads","FOC-PAT-EMS-1PK","FOC-PAT-EMS-1PK","1","Exact Etsy SKU matches inventory SKU; excluded from parent conversion"
"Medical  ymbol Bead","focal-beads","FOC-PAT-FRDPT-1PK","FOC-PAT-FRDPT-1PK","1","Exact Etsy SKU matches inventory SKU; excluded from parent conversion"
"Fire Truck Bead","focal-beads","FOC-PAT-FRETRCK-1PK","FOC-PAT-FRETRCK-1PK","1","Exact Etsy SKU matches inventory SKU; excluded from parent conversion"
"Fire Helmet Bead","focal-beads","FOC-PAT-FRHLMT-RED-1PK","FOC-PAT-FRHLMT-RED-1PK","1","Exact Etsy SKU matches inventory SKU; excluded from parent conversion"
"Fire Helmet Bead","focal-beads","FOC-PAT-FRHLMT-WHT-1PK","FOC-PAT-FRHLMT-WHT-1PK","1","Exact Etsy SKU matches inventory SKU; excluded from parent conversion"
"Patriotic Bead","charms-dangles","FOC-PAT-HGHLNDCW-1PK","FOC-PAT-HGHLNDCW-1PK","1","Exact Etsy SKU matches inventory SKU; excluded from parent conversion"
"American Flag Bead","focal-beads","FOC-PAT-HRTFLG-1PK","FOC-PAT-HRTFLG-1PK","1","Exact Etsy SKU matches inventory SKU; excluded from parent conversion"
"Patriotic Bead","charms-dangles","FOC-PAT-MLTRYLV-1PK","FOC-PAT-MLTRYLV-1PK","1","Exact Etsy SKU matches inventory SKU; excluded from parent conversion"
"P","focal-beads","FOC-PAT-MRCAGLTTBOW-1PK","FOC-PAT-MRCAGLTTBOW-1PK","1","Exact Etsy SKU matches inventory SKU; excluded from parent conversion"
"Patriotic Bead","focal-beads","FOC-PAT-MRCANHT-1PK","FOC-PAT-MRCANHT-1PK","1","Exact Etsy SKU matches inventory SKU; excluded from parent conversion"
"P","focal-beads","FOC-PAT-MRCASODA-1PK","FOC-PAT-MRCASODA-1PK","1","Exact Etsy SKU matches inventory SKU; excluded from parent conversion"
"Patriotic Highland Cow Focal Bead","focal-beads","FOC-PAT-MRCN250CW-1PK","FOC-PAT-MRCN250CW-1PK","1","Exact Etsy SKU matches inventory SKU; excluded from parent conversion"
"Patriotic Bead","focal-beads","FOC-PAT-MRCNBLL-1PK","FOC-PAT-MRCNBLL-1PK","1","Exact Etsy SKU matches inventory SKU; excluded from parent conversion"
"Patriotic Bead","focal-beads","FOC-PAT-MRCNBTS-1PK","FOC-PAT-MRCNBTS-1PK","1","Exact Etsy SKU matches inventory SKU; excluded from parent conversion"
"Patriotic Bead","focal-beads","FOC-PAT-MRCNBW-1PK","FOC-PAT-MRCNBW-1PK","1","Exact Etsy SKU matches inventory SKU; excluded from parent conversion"
"Patriotic Highland Cow Focal Bead","focal-beads","FOC-PAT-MRCNDKBRN-1PK","FOC-PAT-MRCNDKBRN-1PK","1","Exact Etsy SKU matches inventory SKU; excluded from parent conversion"
"Patriotic Bead","focal-beads","FOC-PAT-MRCNFLP-1PK","FOC-PAT-MRCNFLP-1PK","1","Exact Etsy SKU matches inventory SKU; excluded from parent conversion"
"Patriotic Bead","focal-beads","FOC-PAT-MRCNGLSS-1PK","FOC-PAT-MRCNGLSS-1PK","1","Exact Etsy SKU matches inventory SKU; excluded from parent conversion"
"Patriotic Bead","focal-beads","FOC-PAT-MRCNHRTS-1PK","FOC-PAT-MRCNHRTS-1PK","1","Exact Etsy SKU matches inventory SKU; excluded from parent conversion"
"Patriotic Highland Cow Focal Bead","focal-beads","FOC-PAT-MRCNLTBRN-1PK","FOC-PAT-MRCNLTBRN-1PK","1","Exact Etsy SKU matches inventory SKU; excluded from parent conversion"
"Patriotic Highland Cow Focal Bead","focal-beads","FOC-PAT-MRCNMIX-3PK","FOC-PAT-MRCNMIX-3PK","3","Exact Etsy SKU matches inventory SKU; excluded from parent conversion"
"Patriotic Bead","focal-beads","FOC-PAT-MRCNUNCRN-1PK","FOC-PAT-MRCNUNCRN-1PK","1","Exact Etsy SKU matches inventory SKU; excluded from parent conversion"
"Patriotic Bead","charms-dangles","FOC-PAT-NWEGLE-1PK","FOC-PAT-NWEGLE-1PK","1","Exact Etsy SKU matches inventory SKU; excluded from parent conversion"
"Patriotic Eagle Bead","focal-beads","FOC-PAT-OGEAGLE-1PK","FOC-PAT-OGEAGLE-1PK","1","Exact Etsy SKU matches inventory SKU; excluded from parent conversion"
"Patriotic Focal Bead","focal-beads","FOC-PAT-PATCRSS-1PK","FOC-PAT-PATCRSS-1PK","1","Exact Etsy SKU matches inventory SKU; excluded from parent conversion"
"P","focal-beads","FOC-PAT-PATEAGLEOLDFSHND-1PK","FOC-PAT-PATEAGLEOLDFSHND-1PK","1","Exact Etsy SKU matches inventory SKU; excluded from parent conversion"
"P","focal-beads","FOC-PAT-PATHAND-1PK","FOC-PAT-PATHAND-1PK","1","Exact Etsy SKU matches inventory SKU; excluded from parent conversion"
"Patriotic Focal Bead","focal-beads","FOC-PAT-PATRSSTR-1PK","FOC-PAT-PATRSSTR-1PK","1","Exact Etsy SKU matches inventory SKU; excluded from parent conversion"
"Medical  ymbol Bead","focal-beads","FOC-PAT-PLCE-1PK","FOC-PAT-PLCE-1PK","1","Exact Etsy SKU matches inventory SKU; excluded from parent conversion"
"American Flag Bead","focal-beads","FOC-PAT-RCTNGLFLG-1PK","FOC-PAT-RCTNGLFLG-1PK","1","Exact Etsy SKU matches inventory SKU; excluded from parent conversion"
"Patriotic Bead","charms-dangles","FOC-PAT-SLDRHRT-1PK","FOC-PAT-SLDRHRT-1PK","1","Exact Etsy SKU matches inventory SKU; excluded from parent conversion"
"Patriotic Bead","charms-dangles","FOC-PAT-SNGLSSCW-1PK","FOC-PAT-SNGLSSCW-1PK","1","Exact Etsy SKU matches inventory SKU; excluded from parent conversion"
"Patriotic Gnome","focal-beads","FOC-PAT-STRGNME-1PK","FOC-PAT-STRGNME-1PK","1","Exact Etsy SKU matches inventory SKU; excluded from parent conversion"
"Patriotic Bead","focal-beads","FOC-PAT-THNKVET-1PK","FOC-PAT-THNKVET-1PK","1","Exact Etsy SKU matches inventory SKU; excluded from parent conversion"
"Patriotic Bead","focal-beads","FOC-PAT-UNCLSM-1PK","FOC-PAT-UNCLSM-1PK","1","Exact Etsy SKU matches inventory SKU; excluded from parent conversion"
"P","focal-beads","FOC-PAT-USAFLAG-1PK","FOC-PAT-USAFLAG-1PK","1","Exact Etsy SKU matches inventory SKU; excluded from parent conversion"
"Patriotic Gnome","focal-beads","FOC-PAT-USAGNME-1PK","FOC-PAT-USAGNME-1PK","1","Exact Etsy SKU matches inventory SKU; excluded from parent conversion"
"Pearl Bow Focal Bead","focal-beads","FOC-PRLBOW-BLK-1PK","FOC-PRLBOW-BLK-1PK","1","Exact Etsy SKU matches inventory SKU; excluded from parent conversion"
"Pearl Bow Focal Bead","focal-beads","FOC-PRLBOW-GRN-1PK","FOC-PRLBOW-GRN-1PK","1","Exact Etsy SKU matches inventory SKU; excluded from parent conversion"
"Pearl Bow Focal Bead","focal-beads","FOC-PRLBOW-HTPNK-1PK","FOC-PRLBOW-HTPNK-1PK","1","Exact Etsy SKU matches inventory SKU; excluded from parent conversion"
"Pearl Bow Focal Bead","focal-beads","FOC-PRLBOW-LTPNK-1PK","FOC-PRLBOW-LTPNK-1PK","1","Exact Etsy SKU matches inventory SKU; excluded from parent conversion"
"Pearl Bow Focal Bead","focal-beads","FOC-PRLBOW-MIX-9PK","FOC-PRLBOW-MIX-9PK","9","Exact Etsy SKU matches inventory SKU; excluded from parent conversion"
"Pearl Bow Focal Bead","focal-beads","FOC-PRLBOW-ORG-1PK","FOC-PRLBOW-ORG-1PK","1","Exact Etsy SKU matches inventory SKU; excluded from parent conversion"
"Pearl Bow Focal Bead","focal-beads","FOC-PRLBOW-PUR-1PK","FOC-PRLBOW-PUR-1PK","1","Exact Etsy SKU matches inventory SKU; excluded from parent conversion"
"Pearl Bow Focal Bead","focal-beads","FOC-PRLBOW-RED-1PK","FOC-PRLBOW-RED-1PK","1","Exact Etsy SKU matches inventory SKU; excluded from parent conversion"
"Pearl Bow Focal Bead","focal-beads","FOC-PRLBOW-TEAL-1PK","FOC-PRLBOW-TEAL-1PK","1","Exact Etsy SKU matches inventory SKU; excluded from parent conversion"
"Pearl Bow Focal Bead","focal-beads","FOC-PRLBOW-WHT-1PK","FOC-PRLBOW-WHT-1PK","1","Exact Etsy SKU matches inventory SKU; excluded from parent conversion"
"8-Ball Bead","focal-beads","FOC-REC-3D-8BLL-1PK","FOC-REC-3D-8BLL-1PK","1","Exact Etsy SKU matches inventory SKU; excluded from parent conversion"
"3D Book Bead","focal-beads","FOC-REC-3D-CTBKSHF-1PK","FOC-REC-3D-CTBKSHF-1PK","1","Exact Etsy SKU matches inventory SKU; excluded from parent conversion"
"Arti t Bead","focal-beads","FOC-REC-ARTPLLT-1PK","FOC-REC-ARTPLLT-1PK","1","Exact Etsy SKU matches inventory SKU; excluded from parent conversion"
"Book Bead","focal-beads","FOC-REC-BKSHLFDK-1PK","FOC-REC-BKSHLFDK-1PK","1","Exact Etsy SKU matches inventory SKU; excluded from parent conversion"
"Book Bead","charms-dangles","FOC-REC-BKSHLFLT-1PK","FOC-REC-BKSHLFLT-1PK","1","Exact Etsy SKU matches inventory SKU; excluded from parent conversion"
"Bowling Bead","focal-beads","FOC-REC-BWLNG-1PK","FOC-REC-BWLNG-1PK","1","Exact Etsy SKU matches inventory SKU; excluded from parent conversion"
"Book Bead","charms-dangles","FOC-REC-CHPTRBLK-1PK","FOC-REC-CHPTRBLK-1PK","1","Exact Etsy SKU matches inventory SKU; excluded from parent conversion"
"Book Bead","charms-dangles","FOC-REC-CHPTRPNK-1PK","FOC-REC-CHPTRPNK-1PK","1","Exact Etsy SKU matches inventory SKU; excluded from parent conversion"
"Bingo Focal  ilicone Bead","focal-beads","FOC-REC-CLRFLBNGO-1PK","FOC-REC-CLRFLBNGO-1PK","1","Exact Etsy SKU matches inventory SKU; excluded from parent conversion"
"Campfire Bead","focal-beads","FOC-REC-CMPNG-1PK","FOC-REC-CMPNG-1PK","1","Exact Etsy SKU matches inventory SKU; excluded from parent conversion"
"Ca ino  ilicone Bead","focal-beads","FOC-REC-CRDSACES-1PK","FOC-REC-CRDSACES-1PK","1","Exact Etsy SKU matches inventory SKU; excluded from parent conversion"
"Ca ino  ilicone Bead","focal-beads","FOC-REC-CRDSALLIN-1PK","FOC-REC-CRDSALLIN-1PK","1","Exact Etsy SKU matches inventory SKU; excluded from parent conversion"
"Ca ino  ilicone Bead","focal-beads","FOC-REC-CRDSFLSHRT-1PK","FOC-REC-CRDSFLSHRT-1PK","1","Exact Etsy SKU matches inventory SKU; excluded from parent conversion"
"Ca ino  ilicone Bead","focal-beads","FOC-REC-CRDSFLSPD-1PK","FOC-REC-CRDSFLSPD-1PK","1","Exact Etsy SKU matches inventory SKU; excluded from parent conversion"
"Crochet Bead","focal-beads","FOC-REC-CROCHTPNK-1PK","FOC-REC-CROCHTPNK-1PK","1","Exact Etsy SKU matches inventory SKU; excluded from parent conversion"
"Crochet Bead","focal-beads","FOC-REC-CROCHTPUR-1PK","FOC-REC-CROCHTPUR-1PK","1","Exact Etsy SKU matches inventory SKU; excluded from parent conversion"
"Crazy Collector Bead","focal-beads","FOC-REC-CRZYCLLCTR-1PK","FOC-REC-CRZYCLLCTR-1PK","1","Exact Etsy SKU matches inventory SKU; excluded from parent conversion"
"Dart Board Bead","focal-beads","FOC-REC-DRTBRD-1PK","FOC-REC-DRTBRD-1PK","1","Exact Etsy SKU matches inventory SKU; excluded from parent conversion"
"Crochet Bead","focal-beads","FOC-REC-HNDMDLVE-1PK","FOC-REC-HNDMDLVE-1PK","1","Exact Etsy SKU matches inventory SKU; excluded from parent conversion"
"Bingo Focal  ilicone Bead","focal-beads","FOC-REC-LCKYLDY-1PK","FOC-REC-LCKYLDY-1PK","1","Exact Etsy SKU matches inventory SKU; excluded from parent conversion"
"Girlie Bead","focal-beads","FOC-REC-MKEUPJNK-1PK","FOC-REC-MKEUPJNK-1PK","1","Exact Etsy SKU matches inventory SKU; excluded from parent conversion"
"Mu ic Bead","charms-dangles","FOC-REC-MSCHPPYPLCE-1PK","FOC-REC-MSCHPPYPLCE-1PK","1","Exact Etsy SKU matches inventory SKU; excluded from parent conversion"
"Mu ic Note Bead","focal-beads","FOC-REC-MSCNOTE-1PK","FOC-REC-MSCNOTE-1PK","1","Exact Etsy SKU matches inventory SKU; excluded from parent conversion"
"Girlie Bead","focal-beads","FOC-REC-NLTECH-1PK","FOC-REC-NLTECH-1PK","1","Exact Etsy SKU matches inventory SKU; excluded from parent conversion"
"Bingo Focal  ilicone Bead","focal-beads","FOC-REC-REDBNGO-1PK","FOC-REC-REDBNGO-1PK","1","Exact Etsy SKU matches inventory SKU; excluded from parent conversion"
"Bingo Focal  ilicone Bead","focal-beads","FOC-REC-YLLSBNG-1PK","FOC-REC-YLLSBNG-1PK","1","Exact Etsy SKU matches inventory SKU; excluded from parent conversion"
"99 Problem  Bead","focal-beads","FOC-SAR-99PRBLMS-1PK","FOC-SAR-99PRBLMS-1PK","1","Exact Etsy SKU matches inventory SKU; excluded from parent conversion"
"arca tic Bead","focal-beads","FOC-SAR-ANXTYKCK-1PK","FOC-SAR-ANXTYKCK-1PK","1","Exact Etsy SKU matches inventory SKU; excluded from parent conversion"
"Boujee Heifer Bead","focal-beads","FOC-SAR-BGHEIFR-1PK","FOC-SAR-BGHEIFR-1PK","1","Exact Etsy SKU matches inventory SKU; excluded from parent conversion"
"Chao  Coordinator Bead","focal-beads","FOC-SAR-CHAOS-1PK","FOC-SAR-CHAOS-1PK","1","Exact Etsy SKU matches inventory SKU; excluded from parent conversion"
"Common  en e Bead","focal-beads","FOC-SAR-CMMNSNSE-1PK","FOC-SAR-CMMNSNSE-1PK","1","Exact Etsy SKU matches inventory SKU; excluded from parent conversion"
"Crazy Train Bead","focal-beads","FOC-SAR-CRZYTRN-1PK","FOC-SAR-CRZYTRN-1PK","1","Exact Etsy SKU matches inventory SKU; excluded from parent conversion"
"arca tic Bead","focal-beads","FOC-SAR-DYDSRV-1PK","FOC-SAR-DYDSRV-1PK","1","Exact Etsy SKU matches inventory SKU; excluded from parent conversion"
"Funny Phra e  Bead","focal-beads","FOC-SAR-FLTSBOAT-1PK","FOC-SAR-FLTSBOAT-1PK","1","Exact Etsy SKU matches inventory SKU; excluded from parent conversion"
"arca tic Focal Bead","focal-beads","FOC-SAR-FRZNGSSN-1PK","FOC-SAR-FRZNGSSN-1PK","1","Exact Etsy SKU matches inventory SKU; excluded from parent conversion"
"arca tic Focal Bead","focal-beads","FOC-SAR-FXSTPD-1PK","FOC-SAR-FXSTPD-1PK","1","Exact Etsy SKU matches inventory SKU; excluded from parent conversion"
"F","focal-beads","FOC-SAR-GVSASHT-1PK","FOC-SAR-GVSASHT-1PK","1","Exact Etsy SKU matches inventory SKU; excluded from parent conversion"
"We Li ten Bead","focal-beads","FOC-SAR-JDGEBLK-1PK","FOC-SAR-JDGEBLK-1PK","1","Exact Etsy SKU matches inventory SKU; excluded from parent conversion"
"We Li ten Bead","focal-beads","FOC-SAR-JDGEWHT-1PK","FOC-SAR-JDGEWHT-1PK","1","Exact Etsy SKU matches inventory SKU; excluded from parent conversion"
"Funny  aying  Bead","charms-dangles","FOC-SAR-LTTHNUGLY-1PK","FOC-SAR-LTTHNUGLY-1PK","1","Exact Etsy SKU matches inventory SKU; excluded from parent conversion"
"Mental Breakdown Bead","focal-beads","FOC-SAR-MENTAL-1PK","FOC-SAR-MENTAL-1PK","1","Exact Etsy SKU matches inventory SKU; excluded from parent conversion"
"arca tic Focal  ilicone Bead","focal-beads","FOC-SAR-MNFST-1PK","FOC-SAR-MNFST-1PK","1","Exact Etsy SKU matches inventory SKU; excluded from parent conversion"
"arca tic Focal  ilicone Bead","focal-beads","FOC-SAR-OVRTHNK-1PK","FOC-SAR-OVRTHNK-1PK","1","Exact Etsy SKU matches inventory SKU; excluded from parent conversion"
"arca tic Bead","focal-beads","FOC-SAR-PNTBTTR-1PK","FOC-SAR-PNTBTTR-1PK","1","Exact Etsy SKU matches inventory SKU; excluded from parent conversion"
"arca tic Focal  ilicone Bead","focal-beads","FOC-SAR-PRCRSTNTIN-1PK","FOC-SAR-PRCRSTNTIN-1PK","1","Exact Etsy SKU matches inventory SKU; excluded from parent conversion"
"Funny Phra e  Bead","focal-beads","FOC-SAR-RLLEYES-1PK","FOC-SAR-RLLEYES-1PK","1","Exact Etsy SKU matches inventory SKU; excluded from parent conversion"
"F","focal-beads","FOC-SAR-SHTHPPNS-1PK","FOC-SAR-SHTHPPNS-1PK","1","Exact Etsy SKU matches inventory SKU; excluded from parent conversion"
"Work Here Bead","focal-beads","FOC-SAR-WRKHERE-1PK","FOC-SAR-WRKHERE-1PK","1","Exact Etsy SKU matches inventory SKU; excluded from parent conversion"
"3D Bead","charms-dangles","FOC-SCH-3D-GRDUTNCP-1PK","FOC-SCH-3D-GRDUTNCP-1PK","1","Exact Etsy SKU matches inventory SKU; excluded from parent conversion"
"Bead  for Teacher","focal-beads","FOC-SCH-APPLRED-1PK","FOC-SCH-APPLRED-1PK","1","Exact Etsy SKU matches inventory SKU; excluded from parent conversion"
"Bead  for Teacher","focal-beads","FOC-SCH-APPLWHT-1PK","FOC-SCH-APPLWHT-1PK","1","Exact Etsy SKU matches inventory SKU; excluded from parent conversion"
"arca tic Bead","focal-beads","FOC-SCH-BKFR-1PK","FOC-SCH-BKFR-1PK","1","Exact Etsy SKU matches inventory SKU; excluded from parent conversion"
"Book Bead","focal-beads","FOC-SCH-BLKBOOK-1PK","FOC-SCH-BLKBOOK-1PK","1","Exact Etsy SKU matches inventory SKU; excluded from parent conversion"
"Book Bead","focal-beads","FOC-SCH-BLUBOOK-1PK","FOC-SCH-BLUBOOK-1PK","1","Exact Etsy SKU matches inventory SKU; excluded from parent conversion"
"Book Bead","focal-beads","FOC-SCH-BRWBOOK-1PK","FOC-SCH-BRWBOOK-1PK","1","Exact Etsy SKU matches inventory SKU; excluded from parent conversion"
"Coloring Bead","charms-dangles","FOC-SCH-CRYN-1PK","FOC-SCH-CRYN-1PK","1","Exact Etsy SKU matches inventory SKU; excluded from parent conversion"
"3D Bead Book Worm Bead","focal-beads","FOC-SCH-DKPNKBKWRM-1PK","FOC-SCH-DKPNKBKWRM-1PK","1","Exact Etsy SKU matches inventory SKU; excluded from parent conversion"
"Book Bead","focal-beads","FOC-SCH-DKPNKBOOK-1PK","FOC-SCH-DKPNKBOOK-1PK","1","Exact Etsy SKU matches inventory SKU; excluded from parent conversion"
"enior Bead","charms-dangles","FOC-SCH-GRDSQD-1PK","FOC-SCH-GRDSQD-1PK","1","Exact Etsy SKU matches inventory SKU; excluded from parent conversion"
"Graduation Cap Bead","charms-dangles","FOC-SCH-GRDUTNCP-1PK","FOC-SCH-GRDUTNCP-1PK","1","Exact Etsy SKU matches inventory SKU; excluded from parent conversion"
"Book Bead","focal-beads","FOC-SCH-GRYBOOK-1PK","FOC-SCH-GRYBOOK-1PK","1","Exact Etsy SKU matches inventory SKU; excluded from parent conversion"
"Book Bead","focal-beads","FOC-SCH-LTPCHBOOK-1PK","FOC-SCH-LTPCHBOOK-1PK","1","Exact Etsy SKU matches inventory SKU; excluded from parent conversion"
"3D Bead Book Worm Bead","focal-beads","FOC-SCH-LTPNKBKWRM-1PK","FOC-SCH-LTPNKBKWRM-1PK","1","Exact Etsy SKU matches inventory SKU; excluded from parent conversion"
"Book Bead","focal-beads","FOC-SCH-LTPNKBOOK-1PK","FOC-SCH-LTPNKBOOK-1PK","1","Exact Etsy SKU matches inventory SKU; excluded from parent conversion"
"Book Bead","focal-beads","FOC-SCH-LTPURBOOK-1PK","FOC-SCH-LTPURBOOK-1PK","1","Exact Etsy SKU matches inventory SKU; excluded from parent conversion"
"Book Bead","focal-beads","FOC-SCH-NAVWHTBOOK-1PK","FOC-SCH-NAVWHTBOOK-1PK","1","Exact Etsy SKU matches inventory SKU; excluded from parent conversion"
"Book Bead","focal-beads","FOC-SCH-ORGBOOK-1PK","FOC-SCH-ORGBOOK-1PK","1","Exact Etsy SKU matches inventory SKU; excluded from parent conversion"
"Pencil Bead","focal-beads","FOC-SCH-PNCL-BSTTCHR-1PK","FOC-SCH-PNCL-BSTTCHR-1PK","1","Exact Etsy SKU matches inventory SKU; excluded from parent conversion"
"Pencil Bead","focal-beads","FOC-SCH-PNCL-FFTH-1PK","FOC-SCH-PNCL-FFTH-1PK","1","Exact Etsy SKU matches inventory SKU; excluded from parent conversion"
"Pencil Bead","focal-beads","FOC-SCH-PNCL-FRST-1PK","FOC-SCH-PNCL-FRST-1PK","1","Exact Etsy SKU matches inventory SKU; excluded from parent conversion"
"Pencil Bead","focal-beads","FOC-SCH-PNCL-FRTH-1PK","FOC-SCH-PNCL-FRTH-1PK","1","Exact Etsy SKU matches inventory SKU; excluded from parent conversion"
"Pencil Bead","focal-beads","FOC-SCH-PNCL-KNDR-1PK","FOC-SCH-PNCL-KNDR-1PK","1","Exact Etsy SKU matches inventory SKU; excluded from parent conversion"
"Pencil Bead","focal-beads","FOC-SCH-PNCL-PREK-1PK","FOC-SCH-PNCL-PREK-1PK","1","Exact Etsy SKU matches inventory SKU; excluded from parent conversion"
"Pencil Bead","focal-beads","FOC-SCH-PNCL-SCND-1PK","FOC-SCH-PNCL-SCND-1PK","1","Exact Etsy SKU matches inventory SKU; excluded from parent conversion"
"Pencil Bead","focal-beads","FOC-SCH-PNCL-SXTH-1PK","FOC-SCH-PNCL-SXTH-1PK","1","Exact Etsy SKU matches inventory SKU; excluded from parent conversion"
"Pencil Bead","focal-beads","FOC-SCH-PNCL-THRD-1PK","FOC-SCH-PNCL-THRD-1PK","1","Exact Etsy SKU matches inventory SKU; excluded from parent conversion"
"Pencil Bead","focal-beads","FOC-SCH-PNCLBWHTPNK-1PK","FOC-SCH-PNCLBWHTPNK-1PK","1","Exact Etsy SKU matches inventory SKU; excluded from parent conversion"
"Pencil Bead","focal-beads","FOC-SCH-PNCLBWLTPNK-1PK","FOC-SCH-PNCLBWLTPNK-1PK","1","Exact Etsy SKU matches inventory SKU; excluded from parent conversion"
"Pencil Bead","focal-beads","FOC-SCH-PNCLBWTEAL-1PK","FOC-SCH-PNCLBWTEAL-1PK","1","Exact Etsy SKU matches inventory SKU; excluded from parent conversion"
"Pencil Bead","focal-beads","FOC-SCH-PNCLBWYEL-1PK","FOC-SCH-PNCLBWYEL-1PK","1","Exact Etsy SKU matches inventory SKU; excluded from parent conversion"
"Book Bead","focal-beads","FOC-SCH-PNKBOOK-1PK","FOC-SCH-PNKBOOK-1PK","1","Exact Etsy SKU matches inventory SKU; excluded from parent conversion"
"Funny Teacher Focal Bead","focal-beads","FOC-SCH-PRPRFSSNALERA-1PK","FOC-SCH-PRPRFSSNALERA-1PK","1","Exact Etsy SKU matches inventory SKU; excluded from parent conversion"
"Paraprofe ional Focal Bead","focal-beads","FOC-SCH-PRPRFSSNL-1PK","FOC-SCH-PRPRFSSNL-1PK","1","Exact Etsy SKU matches inventory SKU; excluded from parent conversion"
"Book Bead","focal-beads","FOC-SCH-PURBOOK-1PK","FOC-SCH-PURBOOK-1PK","1","Exact Etsy SKU matches inventory SKU; excluded from parent conversion"
"Book Bead","focal-beads","FOC-SCH-REDBOOK-1PK","FOC-SCH-REDBOOK-1PK","1","Exact Etsy SKU matches inventory SKU; excluded from parent conversion"
"Teacher Focal Bead","focal-beads","FOC-SCH-RNBWTCHR-1PK","FOC-SCH-RNBWTCHR-1PK","1","Exact Etsy SKU matches inventory SKU; excluded from parent conversion"
"chool Bu  Bead","focal-beads","FOC-SCH-SCHLBS-1PK","FOC-SCH-SCHLBS-1PK","1","Exact Etsy SKU matches inventory SKU; excluded from parent conversion"
"enior Focal Bead","focal-beads","FOC-SCH-SENIOR-1PK","FOC-SCH-SENIOR-1PK","1","Exact Etsy SKU matches inventory SKU; excluded from parent conversion"
"chool Bu  Bead","focal-beads","FOC-SCH-SMBUS-1PK","FOC-SCH-SMBUS-1PK","1","Exact Etsy SKU matches inventory SKU; excluded from parent conversion"
"Teach Love In pire Focal Bead","focal-beads","FOC-SCH-TCHLFE-1PK","FOC-SCH-TCHLFE-1PK","1","Exact Etsy SKU matches inventory SKU; excluded from parent conversion"
"Teach Love In pire Focal Bead","focal-beads","FOC-SCH-TCHLVINSP-1PK","FOC-SCH-TCHLVINSP-1PK","1","Exact Etsy SKU matches inventory SKU; excluded from parent conversion"
"Teacher Power  Focal Bead","focal-beads","FOC-SCH-TCHNGPWRS-1PK","FOC-SCH-TCHNGPWRS-1PK","1","Exact Etsy SKU matches inventory SKU; excluded from parent conversion"
"3D Bead Book Worm Bead","focal-beads","FOC-SCH-TEALBKWRM-1PK","FOC-SCH-TEALBKWRM-1PK","1","Exact Etsy SKU matches inventory SKU; excluded from parent conversion"
"Book Bead","focal-beads","FOC-SCH-TEALBOOK-1PK","FOC-SCH-TEALBOOK-1PK","1","Exact Etsy SKU matches inventory SKU; excluded from parent conversion"
"Pencil Bead","focal-beads","FOC-SCH-TSTSCRE-1PK","FOC-SCH-TSTSCRE-1PK","1","Exact Etsy SKU matches inventory SKU; excluded from parent conversion"
"Book Bead","focal-beads","FOC-SCH-WHTBOOK-1PK","FOC-SCH-WHTBOOK-1PK","1","Exact Etsy SKU matches inventory SKU; excluded from parent conversion"
"Book Bead","focal-beads","FOC-SCH-YELBOOK-1PK","FOC-SCH-YELBOOK-1PK","1","Exact Etsy SKU matches inventory SKU; excluded from parent conversion"
"3D Plant Focal  ilicone Bead","focal-beads","FOC-SPR-3D-BKPLNT-1PK","FOC-SPR-3D-BKPLNT-1PK","1","Exact Etsy SKU matches inventory SKU; excluded from parent conversion"
"3D Bead  ilicone Focal Bead","charms-dangles","FOC-SPR-3D-MOON-1PK","FOC-SPR-3D-MOON-1PK","1","Exact Etsy SKU matches inventory SKU; excluded from parent conversion"
"3D Bead Ro e Bead","charms-dangles","FOC-SPR-3D-PNKRS-1PK","FOC-SPR-3D-PNKRS-1PK","1","Exact Etsy SKU matches inventory SKU; excluded from parent conversion"
"3D Bead Ro e Bead","charms-dangles","FOC-SPR-3D-PURRS-1PK","FOC-SPR-3D-PURRS-1PK","1","Exact Etsy SKU matches inventory SKU; excluded from parent conversion"
"3D Bead Ro e Bead","charms-dangles","FOC-SPR-3D-REDRS-1PK","FOC-SPR-3D-REDRS-1PK","1","Exact Etsy SKU matches inventory SKU; excluded from parent conversion"
"3D Bead  ilicone Focal Bead","charms-dangles","FOC-SPR-3D-STAR-1PK","FOC-SPR-3D-STAR-1PK","1","Exact Etsy SKU matches inventory SKU; excluded from parent conversion"
"3D Bead  ilicone Focal Bead","charms-dangles","FOC-SPR-3D-SUN-1PK","FOC-SPR-3D-SUN-1PK","1","Exact Etsy SKU matches inventory SKU; excluded from parent conversion"
"3D Bead Ro e Bead","charms-dangles","FOC-SPR-3D-YELRS-1PK","FOC-SPR-3D-YELRS-1PK","1","Exact Etsy SKU matches inventory SKU; excluded from parent conversion"
"Big Flower Bead","focal-beads","FOC-SPR-BGBLUFLWR-1PK","FOC-SPR-BGBLUFLWR-1PK","1","Exact Etsy SKU matches inventory SKU; excluded from parent conversion"
"Big Flower Bead","focal-beads","FOC-SPR-BGBRWFLWR-1PK","FOC-SPR-BGBRWFLWR-1PK","1","Exact Etsy SKU matches inventory SKU; excluded from parent conversion"
"Big Flower Bead","focal-beads","FOC-SPR-BGGRNFLWR-1PK","FOC-SPR-BGGRNFLWR-1PK","1","Exact Etsy SKU matches inventory SKU; excluded from parent conversion"
"Big Flower Bead","focal-beads","FOC-SPR-BGLTPNKFLWR-1PK","FOC-SPR-BGLTPNKFLWR-1PK","1","Exact Etsy SKU matches inventory SKU; excluded from parent conversion"
"Big Flower Bead","focal-beads","FOC-SPR-BGMAVEFLWR-1PK","FOC-SPR-BGMAVEFLWR-1PK","1","Exact Etsy SKU matches inventory SKU; excluded from parent conversion"
"Big Flower Bead","focal-beads","FOC-SPR-BGPCHFLWR-1PK","FOC-SPR-BGPCHFLWR-1PK","1","Exact Etsy SKU matches inventory SKU; excluded from parent conversion"
"Big Flower Bead","focal-beads","FOC-SPR-BGPURFLWR-1PK","FOC-SPR-BGPURFLWR-1PK","1","Exact Etsy SKU matches inventory SKU; excluded from parent conversion"
"Big Flower Bead","focal-beads","FOC-SPR-BGWHTDSY-1PK","FOC-SPR-BGWHTDSY-1PK","1","Exact Etsy SKU matches inventory SKU; excluded from parent conversion"
"Big Flower Bead","focal-beads","FOC-SPR-BGYLWSNFLWR-1PK","FOC-SPR-BGYLWSNFLWR-1PK","1","Exact Etsy SKU matches inventory SKU; excluded from parent conversion"
"3D Bead","focal-beads","FOC-SPR-BLK-PLNT-1PK","FOC-SPR-BLK-PLNT-1PK","1","Exact Etsy SKU matches inventory SKU; excluded from parent conversion"
"Rainbow Bead","focal-beads","FOC-SPR-BLURNBW-1PK","FOC-SPR-BLURNBW-1PK","1","Exact Etsy SKU matches inventory SKU; excluded from parent conversion"
"Bird Bead","focal-beads","FOC-SPR-BRDHSE-BLU-1PK","FOC-SPR-BRDHSE-BLU-1PK","1","Exact Etsy SKU matches inventory SKU; excluded from parent conversion"
"Bird Bead","focal-beads","FOC-SPR-BRDHSE-DKTEAL-1PK","FOC-SPR-BRDHSE-DKTEAL-1PK","1","Exact Etsy SKU matches inventory SKU; excluded from parent conversion"
"Bird Bead","focal-beads","FOC-SPR-BRDHSE-GRN-1PK","FOC-SPR-BRDHSE-GRN-1PK","1","Exact Etsy SKU matches inventory SKU; excluded from parent conversion"
"Bird Bead","focal-beads","FOC-SPR-BRDHSE-PNK-1PK","FOC-SPR-BRDHSE-PNK-1PK","1","Exact Etsy SKU matches inventory SKU; excluded from parent conversion"
"Bird Bead","focal-beads","FOC-SPR-BRDHSE-YEL-1PK","FOC-SPR-BRDHSE-YEL-1PK","1","Exact Etsy SKU matches inventory SKU; excluded from parent conversion"
"3D Bead","focal-beads","FOC-SPR-BRN-PLNT-1PK","FOC-SPR-BRN-PLNT-1PK","1","Exact Etsy SKU matches inventory SKU; excluded from parent conversion"
"Rainbow Bead","focal-beads","FOC-SPR-DKPNKRNBW-1PK","FOC-SPR-DKPNKRNBW-1PK","1","Exact Etsy SKU matches inventory SKU; excluded from parent conversion"
"Mu hroom Bead","focal-beads","FOC-SPR-GRNMSHRM-1PK","FOC-SPR-GRNMSHRM-1PK","1","Exact Etsy SKU matches inventory SKU; excluded from parent conversion"
"Flower Bead","focal-beads","FOC-SPR-MNTGRNFLWR-1PK","FOC-SPR-MNTGRNFLWR-1PK","1","Exact Etsy SKU matches inventory SKU; excluded from parent conversion"
"Mu hroom Bead","focal-beads","FOC-SPR-ORGMSHRM-1PK","FOC-SPR-ORGMSHRM-1PK","1","Exact Etsy SKU matches inventory SKU; excluded from parent conversion"
"Flower Bead","focal-beads","FOC-SPR-PCHFLWR-1PK","FOC-SPR-PCHFLWR-1PK","1","Exact Etsy SKU matches inventory SKU; excluded from parent conversion"
"Palm Tree Focal Bead","focal-beads","FOC-SPR-PLMTREE-1PK","FOC-SPR-PLMTREE-1PK","1","Exact Etsy SKU matches inventory SKU; excluded from parent conversion"
"Flower Bead","focal-beads","FOC-SPR-PNKFLWR-1PK","FOC-SPR-PNKFLWR-1PK","1","Exact Etsy SKU matches inventory SKU; excluded from parent conversion"
"Rainbow Bead","focal-beads","FOC-SPR-PNKRNBW-1PK","FOC-SPR-PNKRNBW-1PK","1","Exact Etsy SKU matches inventory SKU; excluded from parent conversion"
"Mu hroom Bead","focal-beads","FOC-SPR-PURMSHRM-1PK","FOC-SPR-PURMSHRM-1PK","1","Exact Etsy SKU matches inventory SKU; excluded from parent conversion"
"Rainbow Bead","focal-beads","FOC-SPR-PURRNBW-1PK","FOC-SPR-PURRNBW-1PK","1","Exact Etsy SKU matches inventory SKU; excluded from parent conversion"
"Flower Bead","focal-beads","FOC-SPR-REDFLWR-1PK","FOC-SPR-REDFLWR-1PK","1","Exact Etsy SKU matches inventory SKU; excluded from parent conversion"
"Mu hroom Bead","focal-beads","FOC-SPR-REDMSHRM-1PK","FOC-SPR-REDMSHRM-1PK","1","Exact Etsy SKU matches inventory SKU; excluded from parent conversion"
"Rainbow Bead","focal-beads","FOC-SPR-REDRNBW-1PK","FOC-SPR-REDRNBW-1PK","1","Exact Etsy SKU matches inventory SKU; excluded from parent conversion"
"mall Flower Bead","focal-beads","FOC-SPR-SMBLUFLWR-1PK","FOC-SPR-SMBLUFLWR-1PK","1","Exact Etsy SKU matches inventory SKU; excluded from parent conversion"
"mall Flower Bead","focal-beads","FOC-SPR-SMBRWFLWR-1PK","FOC-SPR-SMBRWFLWR-1PK","1","Exact Etsy SKU matches inventory SKU; excluded from parent conversion"
"mall Flower Bead","focal-beads","FOC-SPR-SMGRNFLWR-1PK","FOC-SPR-SMGRNFLWR-1PK","1","Exact Etsy SKU matches inventory SKU; excluded from parent conversion"
"mall Flower Bead","focal-beads","FOC-SPR-SMLTPNKFLWR-1PK","FOC-SPR-SMLTPNKFLWR-1PK","1","Exact Etsy SKU matches inventory SKU; excluded from parent conversion"
"mall Flower Bead","focal-beads","FOC-SPR-SMMVEFLWR-1PK","FOC-SPR-SMMVEFLWR-1PK","1","Exact Etsy SKU matches inventory SKU; excluded from parent conversion"
"mall Flower Bead","focal-beads","FOC-SPR-SMPCHFLWR-1PK","FOC-SPR-SMPCHFLWR-1PK","1","Exact Etsy SKU matches inventory SKU; excluded from parent conversion"
"mall Flower Bead","focal-beads","FOC-SPR-SMPURFLWR-1PK","FOC-SPR-SMPURFLWR-1PK","1","Exact Etsy SKU matches inventory SKU; excluded from parent conversion"
"mall Ro e Bead","focal-beads","FOC-SPR-SMRSE-1PK","FOC-SPR-SMRSE-1PK","1","Exact Etsy SKU matches inventory SKU; excluded from parent conversion"
"mall Flower Bead","focal-beads","FOC-SPR-SMSNFLWR-1PK","FOC-SPR-SMSNFLWR-1PK","1","Exact Etsy SKU matches inventory SKU; excluded from parent conversion"
"mall Flower Bead","focal-beads","FOC-SPR-SMWHTDSY-1PK","FOC-SPR-SMWHTDSY-1PK","1","Exact Etsy SKU matches inventory SKU; excluded from parent conversion"
"Gnome Bead","focal-beads","FOC-SPR-SNFLWRGNM-1PK","FOC-SPR-SNFLWRGNM-1PK","1","Exact Etsy SKU matches inventory SKU; excluded from parent conversion"
"3D  unflower Bead","focal-beads","FOC-SPR-SNFLWRPT-BLU-1PK","FOC-SPR-SNFLWRPT-BLU-1PK","1","Exact Etsy SKU matches inventory SKU; excluded from parent conversion"
"3D  unflower Bead","focal-beads","FOC-SPR-SNFLWRPT-BRN-1PK","FOC-SPR-SNFLWRPT-BRN-1PK","1","Exact Etsy SKU matches inventory SKU; excluded from parent conversion"
"3D  unflower Bead","focal-beads","FOC-SPR-SNFLWRPT-PNK-1PK","FOC-SPR-SNFLWRPT-PNK-1PK","1","Exact Etsy SKU matches inventory SKU; excluded from parent conversion"
"3D  unflower Bead","focal-beads","FOC-SPR-SNFLWRPT-PUR-1PK","FOC-SPR-SNFLWRPT-PUR-1PK","1","Exact Etsy SKU matches inventory SKU; excluded from parent conversion"
"unflower Truck Bead","focal-beads","FOC-SPR-SNFLWRTRCK-1PK","FOC-SPR-SNFLWRTRCK-1PK","1","Exact Etsy SKU matches inventory SKU; excluded from parent conversion"
"Mu hroom Bead","focal-beads","FOC-SPR-TEALMSHRM-1PK","FOC-SPR-TEALMSHRM-1PK","1","Exact Etsy SKU matches inventory SKU; excluded from parent conversion"
"Rainbow Bead","focal-beads","FOC-SPR-TRQRNBW-1PK","FOC-SPR-TRQRNBW-1PK","1","Exact Etsy SKU matches inventory SKU; excluded from parent conversion"
"3D Unicorn Plant","focal-beads","FOC-SPR-UNCRNPLNT-1PK","FOC-SPR-UNCRNPLNT-1PK","1","Exact Etsy SKU matches inventory SKU; excluded from parent conversion"
"3D Bead","focal-beads","FOC-SPR-WHT-PLNT-1PK","FOC-SPR-WHT-PLNT-1PK","1","Exact Etsy SKU matches inventory SKU; excluded from parent conversion"
"Flower Bead","focal-beads","FOC-SPR-YELFLWR-1PK","FOC-SPR-YELFLWR-1PK","1","Exact Etsy SKU matches inventory SKU; excluded from parent conversion"
"Flip Flop Focal Bead","focal-beads","FOC-SPRNG-FLPFLP-BLU-1PK","FOC-SPRNG-FLPFLP-BLU-1PK","1","Exact Etsy SKU matches inventory SKU; excluded from parent conversion"
"Flip Flop Focal Bead","focal-beads","FOC-SPRNG-FLPFLP-MIX-1PK","FOC-SPRNG-FLPFLP-MIX-1PK","1","Exact Etsy SKU matches inventory SKU; excluded from parent conversion"
"Flip Flop Focal Bead","focal-beads","FOC-SPRNG-FLPFLP-ORG-1PK","FOC-SPRNG-FLPFLP-ORG-1PK","1","Exact Etsy SKU matches inventory SKU; excluded from parent conversion"
"Flip Flop Focal Bead","focal-beads","FOC-SPRNG-FLPFLP-RED-1PK","FOC-SPRNG-FLPFLP-RED-1PK","1","Exact Etsy SKU matches inventory SKU; excluded from parent conversion"
"Flip Flop Focal Bead","focal-beads","FOC-SPRNG-FLPFLP-WHT-1PK","FOC-SPRNG-FLPFLP-WHT-1PK","1","Exact Etsy SKU matches inventory SKU; excluded from parent conversion"
"3D Ba eball Cheer Focal Bead","focal-beads","FOC-SPT-3D-BSBLLGNME-1PK","FOC-SPT-3D-BSBLLGNME-1PK","1","Exact Etsy SKU matches inventory SKU; excluded from parent conversion"
"3D Ba eball Cheer Focal Bead","focal-beads","FOC-SPT-3D-BSBLLJRSY-1PK","FOC-SPT-3D-BSBLLJRSY-1PK","1","Exact Etsy SKU matches inventory SKU; excluded from parent conversion"
"3D Ba eball Cheer Focal Bead","focal-beads","FOC-SPT-3D-BSBLLMIX-3PK","FOC-SPT-3D-BSBLLMIX-3PK","3","Exact Etsy SKU matches inventory SKU; excluded from parent conversion"
"3D Ba eball Cheer Focal Bead","focal-beads","FOC-SPT-3D-CHEERUNFRM-1PK","FOC-SPT-3D-CHEERUNFRM-1PK","1","Exact Etsy SKU matches inventory SKU; excluded from parent conversion"
"PVC Focal Bead","focal-beads","FOC-SPT-3D-LIONS-1PK","FOC-SPT-3D-LIONS-1PK","1","Exact Etsy SKU matches inventory SKU; excluded from parent conversion"
"3D  occer Focal Bead","focal-beads","FOC-SPT-3D-MVPTRPHY-1PK","FOC-SPT-3D-MVPTRPHY-1PK","1","Exact Etsy SKU matches inventory SKU; excluded from parent conversion"
"3D  occer Focal Bead","focal-beads","FOC-SPT-3D-SCCRGNME-1PK","FOC-SPT-3D-SCCRGNME-1PK","1","Exact Etsy SKU matches inventory SKU; excluded from parent conversion"
"3D  occer Focal Bead","focal-beads","FOC-SPT-3D-SCCRHRT-1PK","FOC-SPT-3D-SCCRHRT-1PK","1","Exact Etsy SKU matches inventory SKU; excluded from parent conversion"
"3D  occer Focal Bead","focal-beads","FOC-SPT-3D-SCCRMIX-3PK","FOC-SPT-3D-SCCRMIX-3PK","3","Exact Etsy SKU matches inventory SKU; excluded from parent conversion"
"3D Trophy Bead","focal-beads","FOC-SPT-3D-TRPHY-1PK","FOC-SPT-3D-TRPHY-1PK","1","Exact Etsy SKU matches inventory SKU; excluded from parent conversion"
"Gym  ilicone Focal Bead","charms-dangles","FOC-SPT-BELLMIX-3PK","FOC-SPT-BELLMIX-3PK","3","Exact Etsy SKU matches inventory SKU; excluded from parent conversion"
"port  Bead","focal-beads","FOC-SPT-BLKBXNG-1PK","FOC-SPT-BLKBXNG-1PK","1","Exact Etsy SKU matches inventory SKU; excluded from parent conversion"
"Gym  ilicone Focal Bead","charms-dangles","FOC-SPT-BLKDMBLL-1PK","FOC-SPT-BLKDMBLL-1PK","1","Exact Etsy SKU matches inventory SKU; excluded from parent conversion"
"Dance  ilicone Focal Bead","focal-beads","FOC-SPT-BLLRNBW-1PK","FOC-SPT-BLLRNBW-1PK","1","Exact Etsy SKU matches inventory SKU; excluded from parent conversion"
"Dance  ilicone Focal Bead","focal-beads","FOC-SPT-BLLRNSHS-1PK","FOC-SPT-BLLRNSHS-1PK","1","Exact Etsy SKU matches inventory SKU; excluded from parent conversion"
"PVC Focal Bead","focal-beads","FOC-SPT-BLLS-1PK","FOC-SPT-BLLS-1PK","1","Exact Etsy SKU matches inventory SKU; excluded from parent conversion"
"port  Bead","focal-beads","FOC-SPT-BNDMOM-1PK","FOC-SPT-BNDMOM-1PK","1","Exact Etsy SKU matches inventory SKU; excluded from parent conversion"
"PVC Focal Bead","focal-beads","FOC-SPT-BNGLS-1PK","FOC-SPT-BNGLS-1PK","1","Exact Etsy SKU matches inventory SKU; excluded from parent conversion"
"Cheer Bead","focal-beads","FOC-SPT-BRNTMBLE-1PK","FOC-SPT-BRNTMBLE-1PK","1","Exact Etsy SKU matches inventory SKU; excluded from parent conversion"
"PVC Focal Bead","focal-beads","FOC-SPT-BRS-1PK","FOC-SPT-BRS-1PK","1","Exact Etsy SKU matches inventory SKU; excluded from parent conversion"
"port  Bow  ilicone Focal Bead","focal-beads","FOC-SPT-BSBLLBGBW-1PK","FOC-SPT-BSBLLBGBW-1PK","1","Exact Etsy SKU matches inventory SKU; excluded from parent conversion"
"port  Bead","focal-beads","FOC-SPT-BSBLLBOW-1PK","FOC-SPT-BSBLLBOW-1PK","1","Exact Etsy SKU matches inventory SKU; excluded from parent conversion"
"port  Bead","focal-beads","FOC-SPT-BSBLLBTHT-1PK","FOC-SPT-BSBLLBTHT-1PK","1","Exact Etsy SKU matches inventory SKU; excluded from parent conversion"
"Coach  ilicone Focal Bead","focal-beads","FOC-SPT-BSBLLCCH-1PK","FOC-SPT-BSBLLCCH-1PK","1","Exact Etsy SKU matches inventory SKU; excluded from parent conversion"
"port  Bead","charms-dangles","FOC-SPT-BSBLLHRT-1PK","FOC-SPT-BSBLLHRT-1PK","1","Exact Etsy SKU matches inventory SKU; excluded from parent conversion"
"port  Bead","focal-beads","FOC-SPT-BSBLLMM-1PK","FOC-SPT-BSBLLMM-1PK","1","Exact Etsy SKU matches inventory SKU; excluded from parent conversion"
"port  Bead","focal-beads","FOC-SPT-BSBLLMT-1PK","FOC-SPT-BSBLLMT-1PK","1","Exact Etsy SKU matches inventory SKU; excluded from parent conversion"
"Ba eball Mom Bead","focal-beads","FOC-SPT-BSBLMOMERA-1PK","FOC-SPT-BSBLMOMERA-1PK","1","Exact Etsy SKU matches inventory SKU; excluded from parent conversion"
"port  Bow  ilicone Focal Bead","focal-beads","FOC-SPT-BSKTBLLBGBW-1PK","FOC-SPT-BSKTBLLBGBW-1PK","1","Exact Etsy SKU matches inventory SKU; excluded from parent conversion"
"port  Bead","focal-beads","FOC-SPT-BSKTBLLBW-1PK","FOC-SPT-BSKTBLLBW-1PK","1","Exact Etsy SKU matches inventory SKU; excluded from parent conversion"
"Coach  ilicone Focal Bead","focal-beads","FOC-SPT-BSKTBLLCCH-1PK","FOC-SPT-BSKTBLLCCH-1PK","1","Exact Etsy SKU matches inventory SKU; excluded from parent conversion"
"port  Bead","charms-dangles","FOC-SPT-BSKTBLLHRT-1PK","FOC-SPT-BSKTBLLHRT-1PK","1","Exact Etsy SKU matches inventory SKU; excluded from parent conversion"
"port  Bead","focal-beads","FOC-SPT-BSKTBLLMOM-1PK","FOC-SPT-BSKTBLLMOM-1PK","1","Exact Etsy SKU matches inventory SKU; excluded from parent conversion"
"PVC Focal Bead","focal-beads","FOC-SPT-CHCGO-1PK","FOC-SPT-CHCGO-1PK","1","Exact Etsy SKU matches inventory SKU; excluded from parent conversion"
"Cheer Bead","focal-beads","FOC-SPT-CHEER-1PK","FOC-SPT-CHEER-1PK","1","Exact Etsy SKU matches inventory SKU; excluded from parent conversion"
"Cheer Bead","focal-beads","FOC-SPT-CHEERLEADER-1PK","FOC-SPT-CHEERLEADER-1PK","1","Exact Etsy SKU matches inventory SKU; excluded from parent conversion"
"PVC Focal Bead","focal-beads","FOC-SPT-CHFS-1PK","FOC-SPT-CHFS-1PK","1","Exact Etsy SKU matches inventory SKU; excluded from parent conversion"
"PVC Focal Bead","focal-beads","FOC-SPT-CLTCS-1PK","FOC-SPT-CLTCS-1PK","1","Exact Etsy SKU matches inventory SKU; excluded from parent conversion"
"PVC Focal Bead","focal-beads","FOC-SPT-CLVLNDHLMT-1PK","FOC-SPT-CLVLNDHLMT-1PK","1","Exact Etsy SKU matches inventory SKU; excluded from parent conversion"
"PVC Focal Bead","focal-beads","FOC-SPT-CWBYS-1PK","FOC-SPT-CWBYS-1PK","1","Exact Etsy SKU matches inventory SKU; excluded from parent conversion"
"Dance  ilicone Focal Bead","focal-beads","FOC-SPT-DANCEMIX-5PK","FOC-SPT-DANCEMIX-5PK","5","Exact Etsy SKU matches inventory SKU; excluded from parent conversion"
"Hockey Focal Bead","charms-dangles","FOC-SPT-DBLICESKTE-1PK","FOC-SPT-DBLICESKTE-1PK","1","Exact Etsy SKU matches inventory SKU; excluded from parent conversion"
"PVC Focal Bead","focal-beads","FOC-SPT-DLPHNS-1PK","FOC-SPT-DLPHNS-1PK","1","Exact Etsy SKU matches inventory SKU; excluded from parent conversion"
"Dance  ilicone Focal Bead","focal-beads","FOC-SPT-DNCEHRT-1PK","FOC-SPT-DNCEHRT-1PK","1","Exact Etsy SKU matches inventory SKU; excluded from parent conversion"
"port  Bead","focal-beads","FOC-SPT-DNCEMOM-1PK","FOC-SPT-DNCEMOM-1PK","1","Exact Etsy SKU matches inventory SKU; excluded from parent conversion"
"PVC Focal Bead","focal-beads","FOC-SPT-DNVR-1PK","FOC-SPT-DNVR-1PK","1","Exact Etsy SKU matches inventory SKU; excluded from parent conversion"
"PVC Focal Bead","focal-beads","FOC-SPT-DTRTLN-1PK","FOC-SPT-DTRTLN-1PK","1","Exact Etsy SKU matches inventory SKU; excluded from parent conversion"
"Football Bead","focal-beads","FOC-SPT-FTBL-1PK","FOC-SPT-FTBL-1PK","1","Exact Etsy SKU matches inventory SKU; excluded from parent conversion"
"Football Bead","charms-dangles","FOC-SPT-FTBL-GNOME-1PK","FOC-SPT-FTBL-GNOME-1PK","1","Exact Etsy SKU matches inventory SKU; excluded from parent conversion"
"port  Bow  ilicone Focal Bead","focal-beads","FOC-SPT-FTBLLBGBW-1PK","FOC-SPT-FTBLLBGBW-1PK","1","Exact Etsy SKU matches inventory SKU; excluded from parent conversion"
"port  Bead","focal-beads","FOC-SPT-FTBLLBW-1PK","FOC-SPT-FTBLLBW-1PK","1","Exact Etsy SKU matches inventory SKU; excluded from parent conversion"
"Coach  ilicone Focal Bead","focal-beads","FOC-SPT-FTBLLCCH-1PK","FOC-SPT-FTBLLCCH-1PK","1","Exact Etsy SKU matches inventory SKU; excluded from parent conversion"
"port  Bead","charms-dangles","FOC-SPT-FTBLLHRT-1PK","FOC-SPT-FTBLLHRT-1PK","1","Exact Etsy SKU matches inventory SKU; excluded from parent conversion"
"Football Bead","focal-beads","FOC-SPT-FTBLLMMFTBLL-1PK","FOC-SPT-FTBLLMMFTBLL-1PK","1","Exact Etsy SKU matches inventory SKU; excluded from parent conversion"
"port  Bead","focal-beads","FOC-SPT-FTBLLMOM-1PK","FOC-SPT-FTBLLMOM-1PK","1","Exact Etsy SKU matches inventory SKU; excluded from parent conversion"
"PVC Focal Bead","focal-beads","FOC-SPT-GLES-1PK","FOC-SPT-GLES-1PK","1","Exact Etsy SKU matches inventory SKU; excluded from parent conversion"
"Dance  ilicone Focal Bead","focal-beads","FOC-SPT-GRLLVSDNC-1PK","FOC-SPT-GRLLVSDNC-1PK","1","Exact Etsy SKU matches inventory SKU; excluded from parent conversion"
"PVC Focal Bead","focal-beads","FOC-SPT-GRNBY-1PK","FOC-SPT-GRNBY-1PK","1","Exact Etsy SKU matches inventory SKU; excluded from parent conversion"
"Hockey Focal Bead","charms-dangles","FOC-SPT-HCKYCCH-1PK","FOC-SPT-HCKYCCH-1PK","1","Exact Etsy SKU matches inventory SKU; excluded from parent conversion"
"Hockey Focal Bead","charms-dangles","FOC-SPT-HCKYGLE-1PK","FOC-SPT-HCKYGLE-1PK","1","Exact Etsy SKU matches inventory SKU; excluded from parent conversion"
"Hockey Focal Bead","charms-dangles","FOC-SPT-HCKYMOM-1PK","FOC-SPT-HCKYMOM-1PK","1","Exact Etsy SKU matches inventory SKU; excluded from parent conversion"
"port  Bead","focal-beads","FOC-SPT-HCKYMOMPCK-1PK","FOC-SPT-HCKYMOMPCK-1PK","1","Exact Etsy SKU matches inventory SKU; excluded from parent conversion"
"Hockey Focal Bead","charms-dangles","FOC-SPT-HCKYPLYR-1PK","FOC-SPT-HCKYPLYR-1PK","1","Exact Etsy SKU matches inventory SKU; excluded from parent conversion"
"Hockey Focal Bead","charms-dangles","FOC-SPT-HCKYSTCK-1PK","FOC-SPT-HCKYSTCK-1PK","1","Exact Etsy SKU matches inventory SKU; excluded from parent conversion"
"Hockey Focal Bead","charms-dangles","FOC-SPT-ICESKTE-1PK","FOC-SPT-ICESKTE-1PK","1","Exact Etsy SKU matches inventory SKU; excluded from parent conversion"
"Hockey Focal Bead","charms-dangles","FOC-SPT-ILVHCKY-1PK","FOC-SPT-ILVHCKY-1PK","1","Exact Etsy SKU matches inventory SKU; excluded from parent conversion"
"port  Bead","focal-beads","FOC-SPT-KRTEMOM-1PK","FOC-SPT-KRTEMOM-1PK","1","Exact Etsy SKU matches inventory SKU; excluded from parent conversion"
"Gym  ilicone Focal Bead","charms-dangles","FOC-SPT-KTTLBLL-1PK","FOC-SPT-KTTLBLL-1PK","1","Exact Etsy SKU matches inventory SKU; excluded from parent conversion"
"PVC Focal Bead","focal-beads","FOC-SPT-LION-1PK","FOC-SPT-LION-1PK","1","Exact Etsy SKU matches inventory SKU; excluded from parent conversion"
"PVC Focal Bead","focal-beads","FOC-SPT-MCHGN-1PK","FOC-SPT-MCHGN-1PK","1","Exact Etsy SKU matches inventory SKU; excluded from parent conversion"
"Gym Bead","focal-beads","FOC-SPT-NODYSOFF-1PK","FOC-SPT-NODYSOFF-1PK","1","Exact Etsy SKU matches inventory SKU; excluded from parent conversion"
"PVC Focal Bead","focal-beads","FOC-SPT-NTR-1PK","FOC-SPT-NTR-1PK","1","Exact Etsy SKU matches inventory SKU; excluded from parent conversion"
"PVC Focal Bead","focal-beads","FOC-SPT-OHIO-1PK","FOC-SPT-OHIO-1PK","1","Exact Etsy SKU matches inventory SKU; excluded from parent conversion"
"Dance  ilicone Focal Bead","focal-beads","FOC-SPT-PNTYRFT-1PK","FOC-SPT-PNTYRFT-1PK","1","Exact Etsy SKU matches inventory SKU; excluded from parent conversion"
"Rock n' Roll Bead","focal-beads","FOC-SPT-RCKTLEND-1PK","FOC-SPT-RCKTLEND-1PK","1","Exact Etsy SKU matches inventory SKU; excluded from parent conversion"
"PVC Focal Bead","focal-beads","FOC-SPT-RDRS-1PK","FOC-SPT-RDRS-1PK","1","Exact Etsy SKU matches inventory SKU; excluded from parent conversion"
"port  Bead","focal-beads","FOC-SPT-REDBXNG-1PK","FOC-SPT-REDBXNG-1PK","1","Exact Etsy SKU matches inventory SKU; excluded from parent conversion"
"Gym  ilicone Focal Bead","charms-dangles","FOC-SPT-REDDMBLL-1PK","FOC-SPT-REDDMBLL-1PK","1","Exact Etsy SKU matches inventory SKU; excluded from parent conversion"
"port  Bead","focal-beads","FOC-SPT-RTRBSBLL-1PK","FOC-SPT-RTRBSBLL-1PK","1","Exact Etsy SKU matches inventory SKU; excluded from parent conversion"
"port  Bow  ilicone Focal Bead","focal-beads","FOC-SPT-SCCRBGBW-1PK","FOC-SPT-SCCRBGBW-1PK","1","Exact Etsy SKU matches inventory SKU; excluded from parent conversion"
"Coach  ilicone Focal Bead","focal-beads","FOC-SPT-SCCRCCH-1PK","FOC-SPT-SCCRCCH-1PK","1","Exact Etsy SKU matches inventory SKU; excluded from parent conversion"
"port  Bead","charms-dangles","FOC-SPT-SCCRHRT-1PK","FOC-SPT-SCCRHRT-1PK","1","Exact Etsy SKU matches inventory SKU; excluded from parent conversion"
"port  Bead","focal-beads","FOC-SPT-SCCRMOM-1PK","FOC-SPT-SCCRMOM-1PK","1","Exact Etsy SKU matches inventory SKU; excluded from parent conversion"
"port  Bow  ilicone Focal Bead","focal-beads","FOC-SPT-SFBLLBGBW-1PK","FOC-SPT-SFBLLBGBW-1PK","1","Exact Etsy SKU matches inventory SKU; excluded from parent conversion"
"port  Bead","focal-beads","FOC-SPT-SFBLMOM-1PK","FOC-SPT-SFBLMOM-1PK","1","Exact Etsy SKU matches inventory SKU; excluded from parent conversion"
"Coach  ilicone Focal Bead","focal-beads","FOC-SPT-SFTBLLCCH-1PK","FOC-SPT-SFTBLLCCH-1PK","1","Exact Etsy SKU matches inventory SKU; excluded from parent conversion"
"port  Bead","charms-dangles","FOC-SPT-SFTBLLHRT-1PK","FOC-SPT-SFTBLLHRT-1PK","1","Exact Etsy SKU matches inventory SKU; excluded from parent conversion"
"port  Bead","focal-beads","FOC-SPT-SFTBLLMT-1PK","FOC-SPT-SFTBLLMT-1PK","1","Exact Etsy SKU matches inventory SKU; excluded from parent conversion"
"PVC Focal Bead","focal-beads","FOC-SPT-SPRTNS-1PK","FOC-SPT-SPRTNS-1PK","1","Exact Etsy SKU matches inventory SKU; excluded from parent conversion"
"PVC Focal Bead","focal-beads","FOC-SPT-STLRS-1PK","FOC-SPT-STLRS-1PK","1","Exact Etsy SKU matches inventory SKU; excluded from parent conversion"
"port  Bead","focal-beads","FOC-SPT-TRCKMOM-1PK","FOC-SPT-TRCKMOM-1PK","1","Exact Etsy SKU matches inventory SKU; excluded from parent conversion"
"port  Bead","focal-beads","FOC-SPT-VLBLMOM-1PK","FOC-SPT-VLBLMOM-1PK","1","Exact Etsy SKU matches inventory SKU; excluded from parent conversion"
"port  Bow  ilicone Focal Bead","focal-beads","FOC-SPT-VLLYBLLBGBW-1PK","FOC-SPT-VLLYBLLBGBW-1PK","1","Exact Etsy SKU matches inventory SKU; excluded from parent conversion"
"port  Bead","focal-beads","FOC-SPT-VLLYBLLBW-1PK","FOC-SPT-VLLYBLLBW-1PK","1","Exact Etsy SKU matches inventory SKU; excluded from parent conversion"
"Coach  ilicone Focal Bead","focal-beads","FOC-SPT-VLLYBLLCCH-1PK","FOC-SPT-VLLYBLLCCH-1PK","1","Exact Etsy SKU matches inventory SKU; excluded from parent conversion"
"port  Bead","charms-dangles","FOC-SPT-VLLYBLLHRT-1PK","FOC-SPT-VLLYBLLHRT-1PK","1","Exact Etsy SKU matches inventory SKU; excluded from parent conversion"
"port  Bead","focal-beads","FOC-SPT-WRSTMOM-1PK","FOC-SPT-WRSTMOM-1PK","1","Exact Etsy SKU matches inventory SKU; excluded from parent conversion"
"3D Large Bow  ilicone Focal Bead","focal-beads","FOC-TAILBW-GLITBLK-1PK","FOC-TAILBW-GLITBLK-1PK","1","Exact Etsy SKU matches inventory SKU; excluded from parent conversion"
"3D Large Bow  ilicone Focal Bead","focal-beads","FOC-TAILBW-GLITTEAL-1PK","FOC-TAILBW-GLITTEAL-1PK","1","Exact Etsy SKU matches inventory SKU; excluded from parent conversion"
"3D Large Bow  ilicone Focal Bead","focal-beads","FOC-TAILBW-HTPNK-1PK","FOC-TAILBW-HTPNK-1PK","1","Exact Etsy SKU matches inventory SKU; excluded from parent conversion"
"3D Large Bow  ilicone Focal Bead","focal-beads","FOC-TAILBW-LTPNK-1PK","FOC-TAILBW-LTPNK-1PK","1","Exact Etsy SKU matches inventory SKU; excluded from parent conversion"
"3D Large Bow  ilicone Focal Bead","focal-beads","FOC-TAILBW-MIX-8PK","FOC-TAILBW-MIX-8PK","8","Exact Etsy SKU matches inventory SKU; excluded from parent conversion"
"3D Large Bow  ilicone Focal Bead","focal-beads","FOC-TAILBW-OMBRPUR-1PK","FOC-TAILBW-OMBRPUR-1PK","1","Exact Etsy SKU matches inventory SKU; excluded from parent conversion"
"3D Large Bow  ilicone Focal Bead","focal-beads","FOC-TAILBW-TEALWHTPNK-1PK","FOC-TAILBW-TEALWHTPNK-1PK","1","Exact Etsy SKU matches inventory SKU; excluded from parent conversion"
"3D Large Bow  ilicone Focal Bead","focal-beads","FOC-TAILBW-WHT-1PK","FOC-TAILBW-WHT-1PK","1","Exact Etsy SKU matches inventory SKU; excluded from parent conversion"
"3D Large Bow  ilicone Focal Bead","focal-beads","FOC-TAILBW-WHTSGESTRPE-1PK","FOC-TAILBW-WHTSGESTRPE-1PK","1","Exact Etsy SKU matches inventory SKU; excluded from parent conversion"
"Retro Van Bead","focal-beads","FOC-VEH-ALIEN-1PK","FOC-VEH-ALIEN-1PK","1","Exact Etsy SKU matches inventory SKU; excluded from parent conversion"
"3D Airplane Focal Bead","focal-beads","FOC-VEH-ARPLN-BLU-1PK","FOC-VEH-ARPLN-BLU-1PK","1","Exact Etsy SKU matches inventory SKU; excluded from parent conversion"
"3D Airplane Focal Bead","focal-beads","FOC-VEH-ARPLN-PNK-1PK","FOC-VEH-ARPLN-PNK-1PK","1","Exact Etsy SKU matches inventory SKU; excluded from parent conversion"
"3D Airplane Focal Bead","focal-beads","FOC-VEH-ARPLN-PUR-1PK","FOC-VEH-ARPLN-PUR-1PK","1","Exact Etsy SKU matches inventory SKU; excluded from parent conversion"
"3D Airplane Focal Bead","focal-beads","FOC-VEH-ARPLN-RED-1PK","FOC-VEH-ARPLN-RED-1PK","1","Exact Etsy SKU matches inventory SKU; excluded from parent conversion"
"Motorcycle Bead","focal-beads","FOC-VEH-BLUMTRCYCL-1PK","FOC-VEH-BLUMTRCYCL-1PK","1","Exact Etsy SKU matches inventory SKU; excluded from parent conversion"
"Camper Bead","focal-beads","FOC-VEH-CMPR-BLK-1PK","FOC-VEH-CMPR-BLK-1PK","1","Exact Etsy SKU matches inventory SKU; excluded from parent conversion"
"Camper Bead","focal-beads","FOC-VEH-CMPR-PNK-1PK","FOC-VEH-CMPR-PNK-1PK","1","Exact Etsy SKU matches inventory SKU; excluded from parent conversion"
"Camper Bead","focal-beads","FOC-VEH-CMPR-RED-1PK","FOC-VEH-CMPR-RED-1PK","1","Exact Etsy SKU matches inventory SKU; excluded from parent conversion"
"Camper Bead","focal-beads","FOC-VEH-CMPR-TEAL-1PK","FOC-VEH-CMPR-TEAL-1PK","1","Exact Etsy SKU matches inventory SKU; excluded from parent conversion"
"Dump Truck Bead","focal-beads","FOC-VEH-DUMP-GRN-1PK","FOC-VEH-DUMP-GRN-1PK","1","Exact Etsy SKU matches inventory SKU; excluded from parent conversion"
"Dump Truck Bead","focal-beads","FOC-VEH-DUMP-PNK-1PK","FOC-VEH-DUMP-PNK-1PK","1","Exact Etsy SKU matches inventory SKU; excluded from parent conversion"
"Dump Truck Bead","focal-beads","FOC-VEH-DUMP-RED-1PK","FOC-VEH-DUMP-RED-1PK","1","Exact Etsy SKU matches inventory SKU; excluded from parent conversion"
"Dump Truck Bead","focal-beads","FOC-VEH-DUMP-YEL-1PK","FOC-VEH-DUMP-YEL-1PK","1","Exact Etsy SKU matches inventory SKU; excluded from parent conversion"
"emi Truck Bead","focal-beads","FOC-VEH-GRN-SEMI-1PK","FOC-VEH-GRN-SEMI-1PK","1","Exact Etsy SKU matches inventory SKU; excluded from parent conversion"
"Motorcycle Bead","focal-beads","FOC-VEH-GRYMTRCYCL-1PK","FOC-VEH-GRYMTRCYCL-1PK","1","Exact Etsy SKU matches inventory SKU; excluded from parent conversion"
"Motorcycle Bead","focal-beads","FOC-VEH-LTBLUMTRCYCL-1PK","FOC-VEH-LTBLUMTRCYCL-1PK","1","Exact Etsy SKU matches inventory SKU; excluded from parent conversion"
"Motorcycle Bead","focal-beads","FOC-VEH-MTRCYCLMIX-5PK","FOC-VEH-MTRCYCLMIX-5PK","5","Exact Etsy SKU matches inventory SKU; excluded from parent conversion"
"emi Truck Bead","focal-beads","FOC-VEH-PNK-SEMI-1PK","FOC-VEH-PNK-SEMI-1PK","1","Exact Etsy SKU matches inventory SKU; excluded from parent conversion"
"emi Truck Bead","focal-beads","FOC-VEH-RED-SEMI-1PK","FOC-VEH-RED-SEMI-1PK","1","Exact Etsy SKU matches inventory SKU; excluded from parent conversion"
"Motorcycle Bead","focal-beads","FOC-VEH-REDMTRCYCL-1PK","FOC-VEH-REDMTRCYCL-1PK","1","Exact Etsy SKU matches inventory SKU; excluded from parent conversion"
"Excavator Truck Bead","focal-beads","FOC-VEH-XCVTR-GRN-1PK","FOC-VEH-XCVTR-GRN-1PK","1","Exact Etsy SKU matches inventory SKU; excluded from parent conversion"
"Excavator Truck Bead","focal-beads","FOC-VEH-XCVTR-PNK-1PK","FOC-VEH-XCVTR-PNK-1PK","1","Exact Etsy SKU matches inventory SKU; excluded from parent conversion"
"Excavator Truck Bead","focal-beads","FOC-VEH-XCVTR-RED-1PK","FOC-VEH-XCVTR-RED-1PK","1","Exact Etsy SKU matches inventory SKU; excluded from parent conversion"
"Excavator Truck Bead","focal-beads","FOC-VEH-XCVTR-YEL-1PK","FOC-VEH-XCVTR-YEL-1PK","1","Exact Etsy SKU matches inventory SKU; excluded from parent conversion"
"emi Truck Bead","focal-beads","FOC-VEH-YEL-SEMI-1PK","FOC-VEH-YEL-SEMI-1PK","1","Exact Etsy SKU matches inventory SKU; excluded from parent conversion"
"Motorcycle Bead","focal-beads","FOC-VEH-YELMTRCYCL-1PK","FOC-VEH-YELMTRCYCL-1PK","1","Exact Etsy SKU matches inventory SKU; excluded from parent conversion"
"We tern  ilicone Focal Bead","focal-beads","FOC-WES-3DBLLBTTMS-1PK","FOC-WES-3DBLLBTTMS-1PK","1","Exact Etsy SKU matches inventory SKU; excluded from parent conversion"
"We tern  ilicone Focal Bead","focal-beads","FOC-WES-3DBLLSKLL-1PK","FOC-WES-3DBLLSKLL-1PK","1","Exact Etsy SKU matches inventory SKU; excluded from parent conversion"
"We tern  ilicone Focal Bead","focal-beads","FOC-WES-3DCWBYBTS-1PK","FOC-WES-3DCWBYBTS-1PK","1","Exact Etsy SKU matches inventory SKU; excluded from parent conversion"
"We tern  ilicone Focal Bead","focal-beads","FOC-WES-3DFRNGJCKT-1PK","FOC-WES-3DFRNGJCKT-1PK","1","Exact Etsy SKU matches inventory SKU; excluded from parent conversion"
"We tern  ilicone Focal Bead","focal-beads","FOC-WES-3DHRSSHEGNME-1PK","FOC-WES-3DHRSSHEGNME-1PK","1","Exact Etsy SKU matches inventory SKU; excluded from parent conversion"
"We tern  ilicone Focal Bead","focal-beads","FOC-WES-3DHWDYHRT-1PK","FOC-WES-3DHWDYHRT-1PK","1","Exact Etsy SKU matches inventory SKU; excluded from parent conversion"
"We tern  ilicone Focal Bead","focal-beads","FOC-WES-3DMIX-10PK","FOC-WES-3DMIX-10PK","10","Exact Etsy SKU matches inventory SKU; excluded from parent conversion"
"We tern  ilicone Focal Bead","focal-beads","FOC-WES-3DMNYGNME-1PK","FOC-WES-3DMNYGNME-1PK","1","Exact Etsy SKU matches inventory SKU; excluded from parent conversion"
"We tern  ilicone Focal Bead","focal-beads","FOC-WES-3DOVRLLS-1PK","FOC-WES-3DOVRLLS-1PK","1","Exact Etsy SKU matches inventory SKU; excluded from parent conversion"
"We tern  ilicone Focal Bead","focal-beads","FOC-WES-3DSHRFGNME-1PK","FOC-WES-3DSHRFGNME-1PK","1","Exact Etsy SKU matches inventory SKU; excluded from parent conversion"
"We tern  ilicone Focal Bead","focal-beads","FOC-WES-3DTURQBW-1PK","FOC-WES-3DTURQBW-1PK","1","Exact Etsy SKU matches inventory SKU; excluded from parent conversion"
"Cowboy Hat Bead","charms-dangles","FOC-WES-BLKSPKHT-1PK","FOC-WES-BLKSPKHT-1PK","1","Exact Etsy SKU matches inventory SKU; excluded from parent conversion"
"Cowboy Hat Bead","charms-dangles","FOC-WES-BRNSPKHT-1PK","FOC-WES-BRNSPKHT-1PK","1","Exact Etsy SKU matches inventory SKU; excluded from parent conversion"
"3D Cactu  Bead","charms-dangles","FOC-WES-CTCCTUS-1PK","FOC-WES-CTCCTUS-1PK","1","Exact Etsy SKU matches inventory SKU; excluded from parent conversion"
"3D Cactu  Bead","charms-dangles","FOC-WES-DKGRNCTCCTUS-1PK","FOC-WES-DKGRNCTCCTUS-1PK","1","Exact Etsy SKU matches inventory SKU; excluded from parent conversion"
"Cactu  Bead","charms-dangles","FOC-WES-GRNCCTS-1PK","FOC-WES-GRNCCTS-1PK","1","Exact Etsy SKU matches inventory SKU; excluded from parent conversion"
"Cowboy Hat Bead","charms-dangles","FOC-WES-LTBRNSPKHT-1PK","FOC-WES-LTBRNSPKHT-1PK","1","Exact Etsy SKU matches inventory SKU; excluded from parent conversion"
"Cowboy Boot Bead","focal-beads","FOC-WES-OLDBLKBT-1PK","FOC-WES-OLDBLKBT-1PK","1","Exact Etsy SKU matches inventory SKU; excluded from parent conversion"
"Cowboy Hat Bead","charms-dangles","FOC-WES-OLDBLKHT-1PK","FOC-WES-OLDBLKHT-1PK","1","Exact Etsy SKU matches inventory SKU; excluded from parent conversion"
"Cowboy Boot Bead","focal-beads","FOC-WES-OLDBLUBT-1PK","FOC-WES-OLDBLUBT-1PK","1","Exact Etsy SKU matches inventory SKU; excluded from parent conversion"
"Cowboy Hat Bead","charms-dangles","FOC-WES-OLDBLUHT-1PK","FOC-WES-OLDBLUHT-1PK","1","Exact Etsy SKU matches inventory SKU; excluded from parent conversion"
"Cowboy Boot Bead","focal-beads","FOC-WES-OLDBRNBT-1PK","FOC-WES-OLDBRNBT-1PK","1","Exact Etsy SKU matches inventory SKU; excluded from parent conversion"
"Cowboy Hat Bead","charms-dangles","FOC-WES-OLDGLDHT-1PK","FOC-WES-OLDGLDHT-1PK","1","Exact Etsy SKU matches inventory SKU; excluded from parent conversion"
"Cowboy Hat Bead","charms-dangles","FOC-WES-OLDGRYHT-1PK","FOC-WES-OLDGRYHT-1PK","1","Exact Etsy SKU matches inventory SKU; excluded from parent conversion"
"Cowboy Boot Bead","focal-beads","FOC-WES-OLDPNKBT-1PK","FOC-WES-OLDPNKBT-1PK","1","Exact Etsy SKU matches inventory SKU; excluded from parent conversion"
"Cowboy Hat Bead","charms-dangles","FOC-WES-OLDPNKHT-1PK","FOC-WES-OLDPNKHT-1PK","1","Exact Etsy SKU matches inventory SKU; excluded from parent conversion"
"Cowboy Hat Bead","charms-dangles","FOC-WES-OLDTANHT-1PK","FOC-WES-OLDTANHT-1PK","1","Exact Etsy SKU matches inventory SKU; excluded from parent conversion"
"Cowboy Boot Bead","focal-beads","FOC-WES-PNKCWBYBTS-1PK","FOC-WES-PNKCWBYBTS-1PK","1","Exact Etsy SKU matches inventory SKU; excluded from parent conversion"
"Cowboy Hat Bead","charms-dangles","FOC-WES-PNKSMLYFC-1PK","FOC-WES-PNKSMLYFC-1PK","1","Exact Etsy SKU matches inventory SKU; excluded from parent conversion"
"Cowboy Hat Bead","charms-dangles","FOC-WES-PNKSPKHT-1PK","FOC-WES-PNKSPKHT-1PK","1","Exact Etsy SKU matches inventory SKU; excluded from parent conversion"
"Cowboy Boot Bead","focal-beads","FOC-WES-PURCWBYBTS-1PK","FOC-WES-PURCWBYBTS-1PK","1","Exact Etsy SKU matches inventory SKU; excluded from parent conversion"
"mall Town Bead","charms-dangles","FOC-WES-SMTWN-1PK","FOC-WES-SMTWN-1PK","1","Exact Etsy SKU matches inventory SKU; excluded from parent conversion"
"Cowboy Boot Bead","focal-beads","FOC-WES-TEALCWBYBTS-1PK","FOC-WES-TEALCWBYBTS-1PK","1","Exact Etsy SKU matches inventory SKU; excluded from parent conversion"
"Cowboy Hat Bead","charms-dangles","FOC-WES-YELSMLYFC-1PK","FOC-WES-YELSMLYFC-1PK","1","Exact Etsy SKU matches inventory SKU; excluded from parent conversion"
"3D Bead Bow Bead","charms-dangles","FOC-XMS-3D-BOWGLBE-1PK","FOC-XMS-3D-BOWGLBE-1PK","1","Exact Etsy SKU matches inventory SKU; excluded from parent conversion"
"3D Bead  now Globe Bead","charms-dangles","FOC-XMS-3D-GLOBE-1PK","FOC-XMS-3D-GLOBE-1PK","1","Exact Etsy SKU matches inventory SKU; excluded from parent conversion"
"3D Bead Penguin Bead","charms-dangles","FOC-XMS-3D-GNGRBRD-1PK","FOC-XMS-3D-GNGRBRD-1PK","1","Exact Etsy SKU matches inventory SKU; excluded from parent conversion"
"3D Bead Bow Bead","charms-dangles","FOC-XMS-3D-GRNBOW-1PK","FOC-XMS-3D-GRNBOW-1PK","1","Exact Etsy SKU matches inventory SKU; excluded from parent conversion"
"3D Bead Gnome Bead","charms-dangles","FOC-XMS-3D-GRNGNME-1PK","FOC-XMS-3D-GRNGNME-1PK","1","Exact Etsy SKU matches inventory SKU; excluded from parent conversion"
"3D Bead","charms-dangles","FOC-XMS-3D-GRNTREE-1PK","FOC-XMS-3D-GRNTREE-1PK","1","Exact Etsy SKU matches inventory SKU; excluded from parent conversion"
"3D Bead","charms-dangles","FOC-XMS-3D-GRNTREE2-1PK","FOC-XMS-3D-GRNTREE2-1PK","1","Exact Etsy SKU matches inventory SKU; excluded from parent conversion"
"3D Bead Penguin Bead","charms-dangles","FOC-XMS-3D-PNGUIN-1PK","FOC-XMS-3D-PNGUIN-1PK","1","Exact Etsy SKU matches inventory SKU; excluded from parent conversion"
"3D Bead  nowman Bead","charms-dangles","FOC-XMS-3D-PNKSNWMN-1PK","FOC-XMS-3D-PNKSNWMN-1PK","1","Exact Etsy SKU matches inventory SKU; excluded from parent conversion"
"3D Bead","charms-dangles","FOC-XMS-3D-PNKTREE-1PK","FOC-XMS-3D-PNKTREE-1PK","1","Exact Etsy SKU matches inventory SKU; excluded from parent conversion"
"3D Bead Bow Bead","charms-dangles","FOC-XMS-3D-REDBOW-1PK","FOC-XMS-3D-REDBOW-1PK","1","Exact Etsy SKU matches inventory SKU; excluded from parent conversion"
"3D Bead Reindeer Bead","charms-dangles","FOC-XMS-3D-RNDEER-1PK","FOC-XMS-3D-RNDEER-1PK","1","Exact Etsy SKU matches inventory SKU; excluded from parent conversion"
"3D Bead Reindeer Bead","charms-dangles","FOC-XMS-3D-RNDEERCP-1PK","FOC-XMS-3D-RNDEERCP-1PK","1","Exact Etsy SKU matches inventory SKU; excluded from parent conversion"
"3D Bead Penguin Bead","charms-dangles","FOC-XMS-3D-SNOWMN-1PK","FOC-XMS-3D-SNOWMN-1PK","1","Exact Etsy SKU matches inventory SKU; excluded from parent conversion"
"3D Bead  anta Bead","charms-dangles","FOC-XMS-3D-SNTABODY-1PK","FOC-XMS-3D-SNTABODY-1PK","1","Exact Etsy SKU matches inventory SKU; excluded from parent conversion"
"3D Bead Reindeer Bead","charms-dangles","FOC-XMS-3D-SNTACP-1PK","FOC-XMS-3D-SNTACP-1PK","1","Exact Etsy SKU matches inventory SKU; excluded from parent conversion"
"3D Bead  anta Bead","charms-dangles","FOC-XMS-3D-SNTAFACE-1PK","FOC-XMS-3D-SNTAFACE-1PK","1","Exact Etsy SKU matches inventory SKU; excluded from parent conversion"
"3D Bead","charms-dangles","FOC-XMS-3D-WHTTREE-1PK","FOC-XMS-3D-WHTTREE-1PK","1","Exact Etsy SKU matches inventory SKU; excluded from parent conversion"
"Funny Bead","charms-dangles","FOC-XMS-BETHELT-1PK","FOC-XMS-BETHELT-1PK","1","Exact Etsy SKU matches inventory SKU; excluded from parent conversion"
"Candy Bead","focal-beads","FOC-XMS-BLKCNDY-1PK","FOC-XMS-BLKCNDY-1PK","1","Exact Etsy SKU matches inventory SKU; excluded from parent conversion"
"Candy Cane Bead","focal-beads","FOC-XMS-BLKCNDYCNE-1PK","FOC-XMS-BLKCNDYCNE-1PK","1","Exact Etsy SKU matches inventory SKU; excluded from parent conversion"
"Candy Cane Bead","focal-beads","FOC-XMS-BLKHAT-1PK","FOC-XMS-BLKHAT-1PK","1","Exact Etsy SKU matches inventory SKU; excluded from parent conversion"
"Candy Bead","focal-beads","FOC-XMS-BLUCNDY-1PK","FOC-XMS-BLUCNDY-1PK","1","Exact Etsy SKU matches inventory SKU; excluded from parent conversion"
"nowflake Bead","focal-beads","FOC-XMS-BLUSNWFLKE-1PK","FOC-XMS-BLUSNWFLKE-1PK","1","Exact Etsy SKU matches inventory SKU; excluded from parent conversion"
"Gnome Bead","focal-beads","FOC-XMS-BLUSNWFLKGNM-1PK","FOC-XMS-BLUSNWFLKGNM-1PK","1","Exact Etsy SKU matches inventory SKU; excluded from parent conversion"
"Tree Bead","focal-beads","FOC-XMS-CHTHTREE-1PK","FOC-XMS-CHTHTREE-1PK","1","Exact Etsy SKU matches inventory SKU; excluded from parent conversion"
"Gingerbread Bead","focal-beads","FOC-XMS-CKKSMLK-1PK","FOC-XMS-CKKSMLK-1PK","1","Exact Etsy SKU matches inventory SKU; excluded from parent conversion"
"anta Bead","focal-beads","FOC-XMS-CLSSCSNTA-1PK","FOC-XMS-CLSSCSNTA-1PK","1","Exact Etsy SKU matches inventory SKU; excluded from parent conversion"
"Tree Bead","focal-beads","FOC-XMS-CRYNTREE-1PK","FOC-XMS-CRYNTREE-1PK","1","Exact Etsy SKU matches inventory SKU; excluded from parent conversion"
"Highland Cow Bead","focal-beads","FOC-XMS-CWBYTREE-1PK","FOC-XMS-CWBYTREE-1PK","1","Exact Etsy SKU matches inventory SKU; excluded from parent conversion"
"ock Bead","focal-beads","FOC-XMS-CZYSCKS-1PK","FOC-XMS-CZYSCKS-1PK","1","Exact Etsy SKU matches inventory SKU; excluded from parent conversion"
"Elf Bead","focal-beads","FOC-XMS-DABELF-1PK","FOC-XMS-DABELF-1PK","1","Exact Etsy SKU matches inventory SKU; excluded from parent conversion"
"Elf Bead","focal-beads","FOC-XMS-DABSNTA-1PK","FOC-XMS-DABSNTA-1PK","1","Exact Etsy SKU matches inventory SKU; excluded from parent conversion"
"Gingerbread Bead","focal-beads","FOC-XMS-DKGNGRBRD-1PK","FOC-XMS-DKGNGRBRD-1PK","1","Exact Etsy SKU matches inventory SKU; excluded from parent conversion"
"Cla ic Elf Bead","focal-beads","FOC-XMS-ELF-1PK","FOC-XMS-ELF-1PK","1","Exact Etsy SKU matches inventory SKU; excluded from parent conversion"
"Gingerbread Bead","focal-beads","FOC-XMS-GNGRBRD-DKBRW-1PK","FOC-XMS-GNGRBRD-DKBRW-1PK","1","Exact Etsy SKU matches inventory SKU; excluded from parent conversion"
"Gingerbread Bead","focal-beads","FOC-XMS-GNGRBRDGNM-1PK","FOC-XMS-GNGRBRDGNM-1PK","1","Exact Etsy SKU matches inventory SKU; excluded from parent conversion"
"Ugly  weater Bead","charms-dangles","FOC-XMS-GNGRSWTR-1PK","FOC-XMS-GNGRSWTR-1PK","1","Exact Etsy SKU matches inventory SKU; excluded from parent conversion"
"Candy Bead","focal-beads","FOC-XMS-GRNCNDY-1PK","FOC-XMS-GRNCNDY-1PK","1","Exact Etsy SKU matches inventory SKU; excluded from parent conversion"
"Chri tma  Bead","focal-beads","FOC-XMS-GRNTREE-1PK","FOC-XMS-GRNTREE-1PK","1","Exact Etsy SKU matches inventory SKU; excluded from parent conversion"
"nowflake Bead","focal-beads","FOC-XMS-GRYSNWFLKE-1PK","FOC-XMS-GRYSNWFLKE-1PK","1","Exact Etsy SKU matches inventory SKU; excluded from parent conversion"
"Highland Cow Bead","focal-beads","FOC-XMS-HEFRBCKT-1PK","FOC-XMS-HEFRBCKT-1PK","1","Exact Etsy SKU matches inventory SKU; excluded from parent conversion"
"Highland Cow Bead","charms-dangles","FOC-XMS-HGHLNDCWDK-1PK","FOC-XMS-HGHLNDCWDK-1PK","1","Exact Etsy SKU matches inventory SKU; excluded from parent conversion"
"Highland Cow Bead","charms-dangles","FOC-XMS-HGHLNDCWLT-1PK","FOC-XMS-HGHLNDCWLT-1PK","1","Exact Etsy SKU matches inventory SKU; excluded from parent conversion"
"Buffalo Plaid Bead","focal-beads","FOC-XMS-HTCHCLTMG-1PK","FOC-XMS-HTCHCLTMG-1PK","1","Exact Etsy SKU matches inventory SKU; excluded from parent conversion"
"Vintage  anta Bead","focal-beads","FOC-XMS-LGHTSNTA-1PK","FOC-XMS-LGHTSNTA-1PK","1","Exact Etsy SKU matches inventory SKU; excluded from parent conversion"
"Chri tma  Bead","focal-beads","FOC-XMS-LTPNKTREE-1PK","FOC-XMS-LTPNKTREE-1PK","1","Exact Etsy SKU matches inventory SKU; excluded from parent conversion"
"Chri tma  Bead","focal-beads","FOC-XMS-MRNGPRSN-1PK","FOC-XMS-MRNGPRSN-1PK","1","Exact Etsy SKU matches inventory SKU; excluded from parent conversion"
"Tree Bead","focal-beads","FOC-XMS-NRSTREE-1PK","FOC-XMS-NRSTREE-1PK","1","Exact Etsy SKU matches inventory SKU; excluded from parent conversion"
"Funny Bead","charms-dangles","FOC-XMS-ODEER-1PK","FOC-XMS-ODEER-1PK","1","Exact Etsy SKU matches inventory SKU; excluded from parent conversion"
"Funny Bead","charms-dangles","FOC-XMS-OSNP-1PK","FOC-XMS-OSNP-1PK","1","Exact Etsy SKU matches inventory SKU; excluded from parent conversion"
"Candy Bead","focal-beads","FOC-XMS-PNKCNDY-1PK","FOC-XMS-PNKCNDY-1PK","1","Exact Etsy SKU matches inventory SKU; excluded from parent conversion"
"nowflake Bead","focal-beads","FOC-XMS-PNKSNWFLKE-1PK","FOC-XMS-PNKSNWFLKE-1PK","1","Exact Etsy SKU matches inventory SKU; excluded from parent conversion"
"Chri tma  Bead","focal-beads","FOC-XMS-PNKTREE-1PK","FOC-XMS-PNKTREE-1PK","1","Exact Etsy SKU matches inventory SKU; excluded from parent conversion"
"ilicone Focal Bead","focal-beads","FOC-XMS-PRSNT-1PK","FOC-XMS-PRSNT-1PK","1","Exact Etsy SKU matches inventory SKU; excluded from parent conversion"
"Gnome Bead","focal-beads","FOC-XMS-PRSNTGNME-1PK","FOC-XMS-PRSNTGNME-1PK","1","Exact Etsy SKU matches inventory SKU; excluded from parent conversion"
"Candy Bead","focal-beads","FOC-XMS-PURCNDY-1PK","FOC-XMS-PURCNDY-1PK","1","Exact Etsy SKU matches inventory SKU; excluded from parent conversion"
"Tree Bead","focal-beads","FOC-XMS-PWPRNTTREE-1PK","FOC-XMS-PWPRNTTREE-1PK","1","Exact Etsy SKU matches inventory SKU; excluded from parent conversion"
"Candy Bead","focal-beads","FOC-XMS-REDCNDY-1PK","FOC-XMS-REDCNDY-1PK","1","Exact Etsy SKU matches inventory SKU; excluded from parent conversion"
"ilicone Focal Bead","focal-beads","FOC-XMS-REINDR-1PK","FOC-XMS-REINDR-1PK","1","Exact Etsy SKU matches inventory SKU; excluded from parent conversion"
"Bow Bead","focal-beads","FOC-XMS-RNDERBOW-1PK","FOC-XMS-RNDERBOW-1PK","1","Exact Etsy SKU matches inventory SKU; excluded from parent conversion"
"Bow Bead","focal-beads","FOC-XMS-SNTABOW-1PK","FOC-XMS-SNTABOW-1PK","1","Exact Etsy SKU matches inventory SKU; excluded from parent conversion"
"Vintage  anta Bead","focal-beads","FOC-XMS-SNTAMUG-1PK","FOC-XMS-SNTAMUG-1PK","1","Exact Etsy SKU matches inventory SKU; excluded from parent conversion"
"3D Bead","charms-dangles","FOC-XMS-TISSEASN-1PK","FOC-XMS-TISSEASN-1PK","1","Exact Etsy SKU matches inventory SKU; excluded from parent conversion"
"Ugly  weater Bead","charms-dangles","FOC-XMS-TREESWTR-1PK","FOC-XMS-TREESWTR-1PK","1","Exact Etsy SKU matches inventory SKU; excluded from parent conversion"
"Ugly  weater Bead","focal-beads","FOC-XMS-UGLYSWTR-1PK","FOC-XMS-UGLYSWTR-1PK","1","Exact Etsy SKU matches inventory SKU; excluded from parent conversion"
"Vintage  anta Bead","focal-beads","FOC-XMS-VNTGPNKSNTA-1PK","FOC-XMS-VNTGPNKSNTA-1PK","1","Exact Etsy SKU matches inventory SKU; excluded from parent conversion"
"Vintage  anta Bead","focal-beads","FOC-XMS-VNTGSNTA-1PK","FOC-XMS-VNTGSNTA-1PK","1","Exact Etsy SKU matches inventory SKU; excluded from parent conversion"
"Elf Bead","focal-beads","FOC-XMS-WHTHELF-1PK","FOC-XMS-WHTHELF-1PK","1","Exact Etsy SKU matches inventory SKU; excluded from parent conversion"
"Tree Bead","focal-beads","FOC-XMS-WHTPLKDT-1PK","FOC-XMS-WHTPLKDT-1PK","1","Exact Etsy SKU matches inventory SKU; excluded from parent conversion"
"nowflake Bead","focal-beads","FOC-XMS-WHTSNWFLKE-1PK","FOC-XMS-WHTSNWFLKE-1PK","1","Exact Etsy SKU matches inventory SKU; excluded from parent conversion"
"Chri tma  Bead","focal-beads","FOC-XMS-WHTTREE-1PK","FOC-XMS-WHTTREE-1PK","1","Exact Etsy SKU matches inventory SKU; excluded from parent conversion"
"Candy Bead","focal-beads","FOC-XMS-YELCNDY-1PK","FOC-XMS-YELCNDY-1PK","1","Exact Etsy SKU matches inventory SKU; excluded from parent conversion"
"Dental Focal Bead","charms-dangles","FOL-OCC-DENTALMIX-5PK","FOL-OCC-DENTALMIX-5PK","5","Exact Etsy SKU matches inventory SKU; excluded from parent conversion"
"Dental Focal Bead","charms-dangles","FOL-OCC-DNTLBLUSCRB-1PK","FOL-OCC-DNTLBLUSCRB-1PK","1","Exact Etsy SKU matches inventory SKU; excluded from parent conversion"
"Dental Focal Bead","charms-dangles","FOL-OCC-DNTLMNTSCRB-1PK","FOL-OCC-DNTLMNTSCRB-1PK","1","Exact Etsy SKU matches inventory SKU; excluded from parent conversion"
"Dental Focal Bead","charms-dangles","FOL-OCC-MTHWSH-1PK","FOL-OCC-MTHWSH-1PK","1","Exact Etsy SKU matches inventory SKU; excluded from parent conversion"
"Dental Focal Bead","charms-dangles","FOL-OCC-TTHBLUBWTIE-1PK","FOL-OCC-TTHBLUBWTIE-1PK","1","Exact Etsy SKU matches inventory SKU; excluded from parent conversion"
"Dental Focal Bead","charms-dangles","FOL-OCC-TTHPNKBW-1PK","FOL-OCC-TTHPNKBW-1PK","1","Exact Etsy SKU matches inventory SKU; excluded from parent conversion"
"Gem  pacer","rhinestone-beads","GEM-BNDL-10MM","GEM-BNDL-10MM","1","Exact Etsy SKU matches inventory SKU; excluded from parent conversion"
"Gem  pacer","rhinestone-beads","GEM-BNDL-12MM","GEM-BNDL-12MM","1","Exact Etsy SKU matches inventory SKU; excluded from parent conversion"
"Beadable Garden Tool  et","beadable-products","GRDN-BLK-1PK","GRDN-BLK-1PK","1","Exact Etsy SKU matches inventory SKU; excluded from parent conversion"
"Beadable Garden Tool  et","beadable-products","GRDN-BLU-1PK","GRDN-BLU-1PK","1","Exact Etsy SKU matches inventory SKU; excluded from parent conversion"
"Beadable Garden Tool  et","beadable-products","GRDN-DKPNK-1PK","GRDN-DKPNK-1PK","1","Exact Etsy SKU matches inventory SKU; excluded from parent conversion"
"Beadable Garden Tool  et","beadable-products","GRDN-LTPNK-1PK","GRDN-LTPNK-1PK","1","Exact Etsy SKU matches inventory SKU; excluded from parent conversion"
"Beadable Garden Tool  et","beadable-products","GRDN-PUR-1PK","GRDN-PUR-1PK","1","Exact Etsy SKU matches inventory SKU; excluded from parent conversion"
"Beadable Garden Tool  et","beadable-products","GRDN-RED-1PK","GRDN-RED-1PK","1","Exact Etsy SKU matches inventory SKU; excluded from parent conversion"
"Beadable Garden Tool  et","beadable-products","GRDN-TEAL-1PK","GRDN-TEAL-1PK","1","Exact Etsy SKU matches inventory SKU; excluded from parent conversion"
"Beadable Garden Tool  et","beadable-products","GRDN-YEL-1PK","GRDN-YEL-1PK","1","Exact Etsy SKU matches inventory SKU; excluded from parent conversion"
"3","focal-beads","HAL-3D-JR-BLKSPDR-1PK","HAL-3D-JR-BLKSPDR-1PK","1","Exact Etsy SKU matches inventory SKU; excluded from parent conversion"
"Chri tma   ilicone Jar Focal Bead","focal-beads","HAL-3D-JR-BLUSNWFLKE-1PK","HAL-3D-JR-BLUSNWFLKE-1PK","1","Exact Etsy SKU matches inventory SKU; excluded from parent conversion"
"3","focal-beads","HAL-3D-JR-CNDYCRN-1PK","HAL-3D-JR-CNDYCRN-1PK","1","Exact Etsy SKU matches inventory SKU; excluded from parent conversion"
"Chri tma   ilicone Jar Focal Bead","focal-beads","HAL-3D-JR-GNGRBRD-1PK","HAL-3D-JR-GNGRBRD-1PK","1","Exact Etsy SKU matches inventory SKU; excluded from parent conversion"
"Chri tma   ilicone Jar Focal Bead","focal-beads","HAL-3D-JR-GRNPPRMNT-1PK","HAL-3D-JR-GRNPPRMNT-1PK","1","Exact Etsy SKU matches inventory SKU; excluded from parent conversion"
"3","focal-beads","HAL-3D-JR-GRNSPDR-1PK","HAL-3D-JR-GRNSPDR-1PK","1","Exact Etsy SKU matches inventory SKU; excluded from parent conversion"
"3","focal-beads","HAL-3D-JR-ORGSPDR-1PK","HAL-3D-JR-ORGSPDR-1PK","1","Exact Etsy SKU matches inventory SKU; excluded from parent conversion"
"3","focal-beads","HAL-3D-JR-PMPKIN-1PK","HAL-3D-JR-PMPKIN-1PK","1","Exact Etsy SKU matches inventory SKU; excluded from parent conversion"
"3","focal-beads","HAL-3D-JR-PNKGHST-1PK","HAL-3D-JR-PNKGHST-1PK","1","Exact Etsy SKU matches inventory SKU; excluded from parent conversion"
"3","focal-beads","HAL-3D-JR-PURSPDR-1PK","HAL-3D-JR-PURSPDR-1PK","1","Exact Etsy SKU matches inventory SKU; excluded from parent conversion"
"Chri tma   ilicone Jar Focal Bead","focal-beads","HAL-3D-JR-REDPPRMNT-1PK","HAL-3D-JR-REDPPRMNT-1PK","1","Exact Etsy SKU matches inventory SKU; excluded from parent conversion"
"Chri tma   ilicone Jar Focal Bead","focal-beads","HAL-3D-JR-SNWMAN-1PK","HAL-3D-JR-SNWMAN-1PK","1","Exact Etsy SKU matches inventory SKU; excluded from parent conversion"
"3","focal-beads","HAL-3D-JR-WHTGHST-1PK","HAL-3D-JR-WHTGHST-1PK","1","Exact Etsy SKU matches inventory SKU; excluded from parent conversion"
"Chri tma   ilicone Jar Focal Bead","focal-beads","HAL-3D-JR-WHTSNWFLKE-1PK","HAL-3D-JR-WHTSNWFLKE-1PK","1","Exact Etsy SKU matches inventory SKU; excluded from parent conversion"
"Chri tma   ilicone Jar Focal Bead","focal-beads","HAL-3D-JR-XMASMIX-6PK","HAL-3D-JR-XMASMIX-6PK","6","Exact Etsy SKU matches inventory SKU; excluded from parent conversion"
"Pen Ink Refill","beadable-products","INK-COMBO-8PK","INK-COMBO-8PK","8","Exact Etsy SKU matches inventory SKU; excluded from parent conversion"
"American Flag Pen Bundle Pack","mixes-bundles-kits","PEN-BNDL-AMFLAG-5PK","PEN-BNDL-AMFLAG-5PK","5","Exact Etsy SKU matches inventory SKU; excluded from parent conversion"
"Cow Print Pen Bundle Pack","mixes-bundles-kits","PEN-BNDL-COW-5PK","PEN-BNDL-COW-5PK","5","Exact Etsy SKU matches inventory SKU; excluded from parent conversion"
"Fluffy Bead Pen Blank","beadable-pen-blanks","PEN-BNDL-FLUFFY-10PK","PEN-BNDL-FLUFFY-10PK","10","Exact Etsy SKU matches inventory SKU; excluded from parent conversion"
"Neon Pen","mixes-bundles-kits","PEN-BNDL-NEON-5PK","PEN-BNDL-NEON-5PK","5","Exact Etsy SKU matches inventory SKU; excluded from parent conversion"
"Paw Print Pen Bundle Pack","mixes-bundles-kits","PEN-BNDL-PAW-5PK","PEN-BNDL-PAW-5PK","5","Exact Etsy SKU matches inventory SKU; excluded from parent conversion"
"Pack of Pencil","beadable-products","PEN-BNDL-PNCLS-9PK","PEN-BNDL-PNCLS-9PK","9","Exact Etsy SKU matches inventory SKU; excluded from parent conversion"
"Pink Ribbon Pen Bundle Pack","mixes-bundles-kits","PEN-BNDL-PNKRIB-5PK","PEN-BNDL-PNKRIB-5PK","5","Exact Etsy SKU matches inventory SKU; excluded from parent conversion"
"Rhine tone Pen","rhinestone-beads","PEN-BNDL-RHNST-13PK","PEN-BNDL-RHNST-13PK","13","Exact Etsy SKU matches inventory SKU; excluded from parent conversion"
"Rainbow Pen","mixes-bundles-kits","PEN-BNDL-RNBW-7PK","PEN-BNDL-RNBW-7PK","7","Exact Etsy SKU matches inventory SKU; excluded from parent conversion"
"kull Pen Bundle Pack","mixes-bundles-kits","PEN-BNDL-SKLL-5PK","PEN-BNDL-SKLL-5PK","5","Exact Etsy SKU matches inventory SKU; excluded from parent conversion"
"t. Patrick’  Day Beadable Pen  et of 4","mixes-bundles-kits","PEN-BNDL-STPTRCKDY-4PK","PEN-BNDL-STPTRCKDY-4PK","4","Exact Etsy SKU matches inventory SKU; excluded from parent conversion"
"unflower Pen Bundle Pack","mixes-bundles-kits","PEN-BNDL-SUN-5PK","PEN-BNDL-SUN-5PK","5","Exact Etsy SKU matches inventory SKU; excluded from parent conversion"
"unflower Pen","mixes-bundles-kits","PEN-BNDL-SUNCOW-4PK","PEN-BNDL-SUNCOW-4PK","4","Exact Etsy SKU matches inventory SKU; excluded from parent conversion"
"Chri tma  Mix Pen Bundle Pack","mixes-bundles-kits","PEN-BNDL-XMAS-5PK","PEN-BNDL-XMAS-5PK","5","Exact Etsy SKU matches inventory SKU; excluded from parent conversion"
"Chri tma  Plaid Pen Bundle Pack","mixes-bundles-kits","PEN-BNDL-XMASPLD-5PK","PEN-BNDL-XMASPLD-5PK","5","Exact Etsy SKU matches inventory SKU; excluded from parent conversion"
"Beaded Pen Blank","beadable-pen-blanks","PEN-CHR-BLU-1PK","PEN-CHR-BLU-1PK","1","Exact Etsy SKU matches inventory SKU; excluded from parent conversion"
"Beaded Pen Blank","beadable-pen-blanks","PEN-CHR-BLUCHR-1PK","PEN-CHR-BLUCHR-1PK","1","Exact Etsy SKU matches inventory SKU; excluded from parent conversion"
"Beaded Pen Blank","beadable-pen-blanks","PEN-CHR-GLD-1PK","PEN-CHR-GLD-1PK","1","Exact Etsy SKU matches inventory SKU; excluded from parent conversion"
"Beaded Pen Blank","beadable-pen-blanks","PEN-CHR-GLDCHR-1PK","PEN-CHR-GLDCHR-1PK","1","Exact Etsy SKU matches inventory SKU; excluded from parent conversion"
"Beaded Pen Blank","beadable-pen-blanks","PEN-CHR-GRNCHR-1PK","PEN-CHR-GRNCHR-1PK","1","Exact Etsy SKU matches inventory SKU; excluded from parent conversion"
"Beaded Pen Blank","beadable-pen-blanks","PEN-CHR-LTBLU-1PK","PEN-CHR-LTBLU-1PK","1","Exact Etsy SKU matches inventory SKU; excluded from parent conversion"
"Beaded Pen Blank","beadable-pen-blanks","PEN-CHR-LTPNK-1PK","PEN-CHR-LTPNK-1PK","1","Exact Etsy SKU matches inventory SKU; excluded from parent conversion"
"Beaded Pen Blank","beadable-pen-blanks","PEN-CHR-PNK-1PK","PEN-CHR-PNK-1PK","1","Exact Etsy SKU matches inventory SKU; excluded from parent conversion"
"Beaded Pen Blank","beadable-pen-blanks","PEN-CHR-PNKCHR-1PK","PEN-CHR-PNKCHR-1PK","1","Exact Etsy SKU matches inventory SKU; excluded from parent conversion"
"Beaded Pen Blank","beadable-pen-blanks","PEN-CHR-SLV-1PK","PEN-CHR-SLV-1PK","1","Exact Etsy SKU matches inventory SKU; excluded from parent conversion"
"Fluffy Bead Pen Blank","beadable-pen-blanks","PEN-FLUFF-BLK-1PK","PEN-FLUFF-BLK-1PK","1","Exact Etsy SKU matches inventory SKU; excluded from parent conversion"
"Fluffy Bead Pen Blank","beadable-pen-blanks","PEN-FLUFF-DKBLU-1PK","PEN-FLUFF-DKBLU-1PK","1","Exact Etsy SKU matches inventory SKU; excluded from parent conversion"
"Fluffy Bead Pen Blank","beadable-pen-blanks","PEN-FLUFF-GRY-1PK","PEN-FLUFF-GRY-1PK","1","Exact Etsy SKU matches inventory SKU; excluded from parent conversion"
"Fluffy Bead Pen Blank","beadable-pen-blanks","PEN-FLUFF-LMGRN-1PK","PEN-FLUFF-LMGRN-1PK","1","Exact Etsy SKU matches inventory SKU; excluded from parent conversion"
"Fluffy Bead Pen Blank","beadable-pen-blanks","PEN-FLUFF-PNK-1PK","PEN-FLUFF-PNK-1PK","1","Exact Etsy SKU matches inventory SKU; excluded from parent conversion"
"Fluffy Bead Pen Blank","beadable-pen-blanks","PEN-FLUFF-PUR-1PK","PEN-FLUFF-PUR-1PK","1","Exact Etsy SKU matches inventory SKU; excluded from parent conversion"
"Fluffy Bead Pen Blank","beadable-pen-blanks","PEN-FLUFF-RED-1PK","PEN-FLUFF-RED-1PK","1","Exact Etsy SKU matches inventory SKU; excluded from parent conversion"
"Fluffy Bead Pen Blank","beadable-pen-blanks","PEN-FLUFF-SKYBLU-1PK","PEN-FLUFF-SKYBLU-1PK","1","Exact Etsy SKU matches inventory SKU; excluded from parent conversion"
"Fluffy Bead Pen Blank","beadable-pen-blanks","PEN-FLUFF-WHT-1PK","PEN-FLUFF-WHT-1PK","1","Exact Etsy SKU matches inventory SKU; excluded from parent conversion"
"Fluffy Bead Pen Blank","beadable-pen-blanks","PEN-FLUFF-YEL-1PK","PEN-FLUFF-YEL-1PK","1","Exact Etsy SKU matches inventory SKU; excluded from parent conversion"
"Beaded Pen Blank","beadable-pen-blanks","PEN-OMB-BLU-1PK","PEN-OMB-BLU-1PK","1","Exact Etsy SKU matches inventory SKU; excluded from parent conversion"
"Beaded Pen Blank","beadable-pen-blanks","PEN-OMB-COTCAN-1PK","PEN-OMB-COTCAN-1PK","1","Exact Etsy SKU matches inventory SKU; excluded from parent conversion"
"Beaded Pen Blank","beadable-pen-blanks","PEN-OMB-GRN-1PK","PEN-OMB-GRN-1PK","1","Exact Etsy SKU matches inventory SKU; excluded from parent conversion"
"Beaded Pen Blank","beadable-pen-blanks","PEN-OMB-LTBLU-1PK","PEN-OMB-LTBLU-1PK","1","Exact Etsy SKU matches inventory SKU; excluded from parent conversion"
"Beaded Pen Blank","beadable-pen-blanks","PEN-OMB-LTORG-1PK","PEN-OMB-LTORG-1PK","1","Exact Etsy SKU matches inventory SKU; excluded from parent conversion"
"Beaded Pen Blank","beadable-pen-blanks","PEN-OMB-LTPNK-1PK","PEN-OMB-LTPNK-1PK","1","Exact Etsy SKU matches inventory SKU; excluded from parent conversion"
"Beaded Pen Blank","beadable-pen-blanks","PEN-OMB-NEWBLU-1PK","PEN-OMB-NEWBLU-1PK","1","Exact Etsy SKU matches inventory SKU; excluded from parent conversion"
"Beaded Pen Blank","beadable-pen-blanks","PEN-OMB-ORG-1PK","PEN-OMB-ORG-1PK","1","Exact Etsy SKU matches inventory SKU; excluded from parent conversion"
"Beaded Pen Blank","beadable-pen-blanks","PEN-OMB-PNK-1PK","PEN-OMB-PNK-1PK","1","Exact Etsy SKU matches inventory SKU; excluded from parent conversion"
"Beaded Pen Blank","beadable-pen-blanks","PEN-OMB-WHT-1PK","PEN-OMB-WHT-1PK","1","Exact Etsy SKU matches inventory SKU; excluded from parent conversion"
"Beaded Pen Blank","beadable-pen-blanks","PEN-OMB-YEL-1PK","PEN-OMB-YEL-1PK","1","Exact Etsy SKU matches inventory SKU; excluded from parent conversion"
"Printed Beadable Pen Blank","beadable-pen-blanks","PEN-PRT-BLKCWPRT-1PK","PEN-PRT-BLKCWPRT-1PK","1","Exact Etsy SKU matches inventory SKU; excluded from parent conversion"
"Printed Beadable Pen Blank","beadable-pen-blanks","PEN-PRT-BLKDAL-1PK","PEN-PRT-BLKDAL-1PK","1","Exact Etsy SKU matches inventory SKU; excluded from parent conversion"
"Printed Beadable Pen Blank","beadable-pen-blanks","PEN-PRT-BLKPLD-1PK","PEN-PRT-BLKPLD-1PK","1","Exact Etsy SKU matches inventory SKU; excluded from parent conversion"
"Printed Beadable Pen Blank","beadable-pen-blanks","PEN-PRT-BLKRIB-1PK","PEN-PRT-BLKRIB-1PK","1","Exact Etsy SKU matches inventory SKU; excluded from parent conversion"
"Printed Beadable Pen Blank","beadable-pen-blanks","PEN-PRT-BLKRSE-1PK","PEN-PRT-BLKRSE-1PK","1","Exact Etsy SKU matches inventory SKU; excluded from parent conversion"
"Printed Beadable Pen Blank","beadable-pen-blanks","PEN-PRT-BLKRSESKL-1PK","PEN-PRT-BLKRSESKL-1PK","1","Exact Etsy SKU matches inventory SKU; excluded from parent conversion"
"Holiday Pen","beadable-pen-blanks","PEN-PRT-BLKSKLTN-1PK","PEN-PRT-BLKSKLTN-1PK","1","Exact Etsy SKU matches inventory SKU; excluded from parent conversion"
"Printed Beadable Pen Blank","beadable-pen-blanks","PEN-PRT-BLKSNFLWR-1PK","PEN-PRT-BLKSNFLWR-1PK","1","Exact Etsy SKU matches inventory SKU; excluded from parent conversion"
"Holiday Pen","beadable-pen-blanks","PEN-PRT-BLUBOO-1PK","PEN-PRT-BLUBOO-1PK","1","Exact Etsy SKU matches inventory SKU; excluded from parent conversion"
"Holiday Pen","beadable-pen-blanks","PEN-PRT-BLUDOG-1PK","PEN-PRT-BLUDOG-1PK","1","Exact Etsy SKU matches inventory SKU; excluded from parent conversion"
"Printed Beadable Pen Blank","beadable-pen-blanks","PEN-PRT-BLUMRBL-1PK","PEN-PRT-BLUMRBL-1PK","1","Exact Etsy SKU matches inventory SKU; excluded from parent conversion"
"Printed Beadable Pen Blank","beadable-pen-blanks","PEN-PRT-BRNCWPRT-1PK","PEN-PRT-BRNCWPRT-1PK","1","Exact Etsy SKU matches inventory SKU; excluded from parent conversion"
"Printed Beadable Pen Blank","beadable-pen-blanks","PEN-PRT-BTTRFLY-1PK","PEN-PRT-BTTRFLY-1PK","1","Exact Etsy SKU matches inventory SKU; excluded from parent conversion"
"Printed Beadable Pen Blank","beadable-pen-blanks","PEN-PRT-FDDSNFLWR-1PK","PEN-PRT-FDDSNFLWR-1PK","1","Exact Etsy SKU matches inventory SKU; excluded from parent conversion"
"Printed Beadable Pen Blank","beadable-pen-blanks","PEN-PRT-GLDSPRK-1PK","PEN-PRT-GLDSPRK-1PK","1","Exact Etsy SKU matches inventory SKU; excluded from parent conversion"
"Printed Beadable Pen Blank","beadable-pen-blanks","PEN-PRT-GRDBLK-1PK","PEN-PRT-GRDBLK-1PK","1","Exact Etsy SKU matches inventory SKU; excluded from parent conversion"
"Printed Beadable Pen Blank","beadable-pen-blanks","PEN-PRT-GRDWHT-1PK","PEN-PRT-GRDWHT-1PK","1","Exact Etsy SKU matches inventory SKU; excluded from parent conversion"
"Holiday Pen","beadable-pen-blanks","PEN-PRT-GRNGNGRBRD-1PK","PEN-PRT-GRNGNGRBRD-1PK","1","Exact Etsy SKU matches inventory SKU; excluded from parent conversion"
"Holiday Pen","beadable-pen-blanks","PEN-PRT-GRNMEAN-1PK","PEN-PRT-GRNMEAN-1PK","1","Exact Etsy SKU matches inventory SKU; excluded from parent conversion"
"Printed Beadable Pen Blank","beadable-pen-blanks","PEN-PRT-GRNMRBL-1PK","PEN-PRT-GRNMRBL-1PK","1","Exact Etsy SKU matches inventory SKU; excluded from parent conversion"
"Printed Beadable Pen Blank","beadable-pen-blanks","PEN-PRT-GRNPLD-1PK","PEN-PRT-GRNPLD-1PK","1","Exact Etsy SKU matches inventory SKU; excluded from parent conversion"
"Printed Beadable Pen Blank","beadable-pen-blanks","PEN-PRT-GRNSNT-1PK","PEN-PRT-GRNSNT-1PK","1","Exact Etsy SKU matches inventory SKU; excluded from parent conversion"
"Printed Beadable Pen Blank","beadable-pen-blanks","PEN-PRT-GRNTREE-1PK","PEN-PRT-GRNTREE-1PK","1","Exact Etsy SKU matches inventory SKU; excluded from parent conversion"
"Printed Beadable Pen Blank","beadable-pen-blanks","PEN-PRT-GRYMRBL-1PK","PEN-PRT-GRYMRBL-1PK","1","Exact Etsy SKU matches inventory SKU; excluded from parent conversion"
"Holiday Pen","beadable-pen-blanks","PEN-PRT-HELP-1PK","PEN-PRT-HELP-1PK","1","Exact Etsy SKU matches inventory SKU; excluded from parent conversion"
"Printed Beadable Pen Blank","beadable-pen-blanks","PEN-PRT-NRSBLK-1PK","PEN-PRT-NRSBLK-1PK","1","Exact Etsy SKU matches inventory SKU; excluded from parent conversion"
"Printed Beadable Pen Blank","beadable-pen-blanks","PEN-PRT-NRSBLU-1PK","PEN-PRT-NRSBLU-1PK","1","Exact Etsy SKU matches inventory SKU; excluded from parent conversion"
"Printed Beadable Pen Blank","beadable-pen-blanks","PEN-PRT-NRSLTBLU-1PK","PEN-PRT-NRSLTBLU-1PK","1","Exact Etsy SKU matches inventory SKU; excluded from parent conversion"
"Printed Beadable Pen Blank","beadable-pen-blanks","PEN-PRT-NRSMNTGRN-1PK","PEN-PRT-NRSMNTGRN-1PK","1","Exact Etsy SKU matches inventory SKU; excluded from parent conversion"
"Printed Beadable Pen Blank","beadable-pen-blanks","PEN-PRT-NRSPNK-1PK","PEN-PRT-NRSPNK-1PK","1","Exact Etsy SKU matches inventory SKU; excluded from parent conversion"
"Printed Beadable Pen Blank","beadable-pen-blanks","PEN-PRT-NRSPUR-1PK","PEN-PRT-NRSPUR-1PK","1","Exact Etsy SKU matches inventory SKU; excluded from parent conversion"
"Printed Beadable Pen Blank","beadable-pen-blanks","PEN-PRT-ORGPLD-1PK","PEN-PRT-ORGPLD-1PK","1","Exact Etsy SKU matches inventory SKU; excluded from parent conversion"
"Printed Beadable Pen Blank","beadable-pen-blanks","PEN-PRT-PAWPRT-1PK","PEN-PRT-PAWPRT-1PK","1","Exact Etsy SKU matches inventory SKU; excluded from parent conversion"
"Printed Beadable Pen Blank","beadable-pen-blanks","PEN-PRT-PNKCWPRT-1PK","PEN-PRT-PNKCWPRT-1PK","1","Exact Etsy SKU matches inventory SKU; excluded from parent conversion"
"Printed Beadable Pen Blank","beadable-pen-blanks","PEN-PRT-PNKMRBL-1PK","PEN-PRT-PNKMRBL-1PK","1","Exact Etsy SKU matches inventory SKU; excluded from parent conversion"
"Printed Beadable Pen Blank","beadable-pen-blanks","PEN-PRT-PNKRIB-1PK","PEN-PRT-PNKRIB-1PK","1","Exact Etsy SKU matches inventory SKU; excluded from parent conversion"
"Holiday Pen","beadable-pen-blanks","PEN-PRT-PURSKLTN-1PK","PEN-PRT-PURSKLTN-1PK","1","Exact Etsy SKU matches inventory SKU; excluded from parent conversion"
"Holiday Pen","beadable-pen-blanks","PEN-PRT-REDGNGRBRD-1PK","PEN-PRT-REDGNGRBRD-1PK","1","Exact Etsy SKU matches inventory SKU; excluded from parent conversion"
"Printed Beadable Pen Blank","beadable-pen-blanks","PEN-PRT-REDHRT-1PK","PEN-PRT-REDHRT-1PK","1","Exact Etsy SKU matches inventory SKU; excluded from parent conversion"
"Printed Beadable Pen Blank","beadable-pen-blanks","PEN-PRT-REDPLD-1PK","PEN-PRT-REDPLD-1PK","1","Exact Etsy SKU matches inventory SKU; excluded from parent conversion"
"Printed Beadable Pen Blank","beadable-pen-blanks","PEN-PRT-REDSNT-1PK","PEN-PRT-REDSNT-1PK","1","Exact Etsy SKU matches inventory SKU; excluded from parent conversion"
"Printed Beadable Pen Blank","beadable-pen-blanks","PEN-PRT-REDXMAS-1PK","PEN-PRT-REDXMAS-1PK","1","Exact Etsy SKU matches inventory SKU; excluded from parent conversion"
"Printed Beadable Pen Blank","beadable-pen-blanks","PEN-PRT-SKLL-1PK","PEN-PRT-SKLL-1PK","1","Exact Etsy SKU matches inventory SKU; excluded from parent conversion"
"Printed Beadable Pen Blank","beadable-pen-blanks","PEN-PRT-SNFLWR-1PK","PEN-PRT-SNFLWR-1PK","1","Exact Etsy SKU matches inventory SKU; excluded from parent conversion"
"Printed Beadable Pen Blank","beadable-pen-blanks","PEN-PRT-STRFLG-1PK","PEN-PRT-STRFLG-1PK","1","Exact Etsy SKU matches inventory SKU; excluded from parent conversion"
"Printed Beadable Pen Blank","beadable-pen-blanks","PEN-PRT-SUNCWBLK-1PK","PEN-PRT-SUNCWBLK-1PK","1","Exact Etsy SKU matches inventory SKU; excluded from parent conversion"
"Printed Beadable Pen Blank","beadable-pen-blanks","PEN-PRT-SUNCWBRN-1PK","PEN-PRT-SUNCWBRN-1PK","1","Exact Etsy SKU matches inventory SKU; excluded from parent conversion"
"Printed Beadable Pen Blank","beadable-pen-blanks","PEN-PRT-SUNCWPNK-1PK","PEN-PRT-SUNCWPNK-1PK","1","Exact Etsy SKU matches inventory SKU; excluded from parent conversion"
"Printed Beadable Pen Blank","beadable-pen-blanks","PEN-PRT-SUNCWPRP-1PK","PEN-PRT-SUNCWPRP-1PK","1","Exact Etsy SKU matches inventory SKU; excluded from parent conversion"
"Printed Beadable Pen Blank","beadable-pen-blanks","PEN-PRT-SWLFLG-1PK","PEN-PRT-SWLFLG-1PK","1","Exact Etsy SKU matches inventory SKU; excluded from parent conversion"
"Printed Beadable Pen Blank","beadable-pen-blanks","PEN-PRT-UNCRN-1PK","PEN-PRT-UNCRN-1PK","1","Exact Etsy SKU matches inventory SKU; excluded from parent conversion"
"Printed Beadable Pen Blank","beadable-pen-blanks","PEN-PRT-WHTRIB-1PK","PEN-PRT-WHTRIB-1PK","1","Exact Etsy SKU matches inventory SKU; excluded from parent conversion"
"Printed Beadable Pen Blank","beadable-pen-blanks","PEN-PRT-WHTXMAS-1PK","PEN-PRT-WHTXMAS-1PK","1","Exact Etsy SKU matches inventory SKU; excluded from parent conversion"
"Rhine tone Bead Pen Blank","rhinestone-beads","PEN-RHNST-BLK-1PK","PEN-RHNST-BLK-1PK","1","Exact Etsy SKU matches inventory SKU; excluded from parent conversion"
"Rhine tone Bead Pen Blank","rhinestone-beads","PEN-RHNST-DKBLU-1PK","PEN-RHNST-DKBLU-1PK","1","Exact Etsy SKU matches inventory SKU; excluded from parent conversion"
"Rhine tone Bead Pen Blank","rhinestone-beads","PEN-RHNST-GLD-1PK","PEN-RHNST-GLD-1PK","1","Exact Etsy SKU matches inventory SKU; excluded from parent conversion"
"Rhine tone Bead Pen Blank","rhinestone-beads","PEN-RHNST-GLITMSS-1PK","PEN-RHNST-GLITMSS-1PK","1","Exact Etsy SKU matches inventory SKU; excluded from parent conversion"
"Rhine tone Bead Pen Blank","rhinestone-beads","PEN-RHNST-HTPNK-1PK","PEN-RHNST-HTPNK-1PK","1","Exact Etsy SKU matches inventory SKU; excluded from parent conversion"
"Rhine tone Bead Pen Blank","rhinestone-beads","PEN-RHNST-LTPNK-1PK","PEN-RHNST-LTPNK-1PK","1","Exact Etsy SKU matches inventory SKU; excluded from parent conversion"
"Rhine tone Bead Pen Blank","rhinestone-beads","PEN-RHNST-METGRN-1PK","PEN-RHNST-METGRN-1PK","1","Exact Etsy SKU matches inventory SKU; excluded from parent conversion"
"Rhine tone Bead Pen Blank","rhinestone-beads","PEN-RHNST-PUR-1PK","PEN-RHNST-PUR-1PK","1","Exact Etsy SKU matches inventory SKU; excluded from parent conversion"
"Rhine tone Bead Pen Blank","rhinestone-beads","PEN-RHNST-RED-1PK","PEN-RHNST-RED-1PK","1","Exact Etsy SKU matches inventory SKU; excluded from parent conversion"
"Rhine tone Bead Pen Blank","rhinestone-beads","PEN-RHNST-SKYBLU-1PK","PEN-RHNST-SKYBLU-1PK","1","Exact Etsy SKU matches inventory SKU; excluded from parent conversion"
"Rhine tone Bead Pen Blank","rhinestone-beads","PEN-RHNST-SLV-1PK","PEN-RHNST-SLV-1PK","1","Exact Etsy SKU matches inventory SKU; excluded from parent conversion"
"Rhine tone Bead Pen Blank","rhinestone-beads","PEN-RHNST-WHT-1PK","PEN-RHNST-WHT-1PK","1","Exact Etsy SKU matches inventory SKU; excluded from parent conversion"
"Rhine tone Bead Pen Blank","rhinestone-beads","PEN-RHNST-YEL-1PK","PEN-RHNST-YEL-1PK","1","Exact Etsy SKU matches inventory SKU; excluded from parent conversion"
"Beaded Pen Blank","beadable-pen-blanks","PEN-SOL-BBYBLU-1PK","PEN-SOL-BBYBLU-1PK","1","Exact Etsy SKU matches inventory SKU; excluded from parent conversion"
"Beaded Pen Blank","beadable-pen-blanks","PEN-SOL-BBYPNK-1PK","PEN-SOL-BBYPNK-1PK","1","Exact Etsy SKU matches inventory SKU; excluded from parent conversion"
"Beaded Pen Blank","beadable-pen-blanks","PEN-SOL-BLK-1PK","PEN-SOL-BLK-1PK","1","Exact Etsy SKU matches inventory SKU; excluded from parent conversion"
"Beaded Pen Blank","beadable-pen-blanks","PEN-SOL-BRGHTPNK-1PK","PEN-SOL-BRGHTPNK-1PK","1","Exact Etsy SKU matches inventory SKU; excluded from parent conversion"
"Beaded Pen Blank","beadable-pen-blanks","PEN-SOL-BRTBLU-1PK","PEN-SOL-BRTBLU-1PK","1","Exact Etsy SKU matches inventory SKU; excluded from parent conversion"
"Beaded Pen Blank","beadable-pen-blanks","PEN-SOL-BRTORG-1PK","PEN-SOL-BRTORG-1PK","1","Exact Etsy SKU matches inventory SKU; excluded from parent conversion"
"Beaded Pen Blank","beadable-pen-blanks","PEN-SOL-BRTRED-1PK","PEN-SOL-BRTRED-1PK","1","Exact Etsy SKU matches inventory SKU; excluded from parent conversion"
"Beaded Pen Blank","beadable-pen-blanks","PEN-SOL-BRTYEL-1PK","PEN-SOL-BRTYEL-1PK","1","Exact Etsy SKU matches inventory SKU; excluded from parent conversion"
"Beaded Pen Blank","beadable-pen-blanks","PEN-SOL-BUBPNK-1PK","PEN-SOL-BUBPNK-1PK","1","Exact Etsy SKU matches inventory SKU; excluded from parent conversion"
"Beaded Pen Blank","beadable-pen-blanks","PEN-SOL-CAMGRN-1PK","PEN-SOL-CAMGRN-1PK","1","Exact Etsy SKU matches inventory SKU; excluded from parent conversion"
"Beaded Pen Blank","beadable-pen-blanks","PEN-SOL-CELBLU-1PK","PEN-SOL-CELBLU-1PK","1","Exact Etsy SKU matches inventory SKU; excluded from parent conversion"
"Beaded Pen Blank","beadable-pen-blanks","PEN-SOL-DKBLU-1PK","PEN-SOL-DKBLU-1PK","1","Exact Etsy SKU matches inventory SKU; excluded from parent conversion"
"Beaded Pen Blank","beadable-pen-blanks","PEN-SOL-DKGLTRED-1PK","PEN-SOL-DKGLTRED-1PK","1","Exact Etsy SKU matches inventory SKU; excluded from parent conversion"
"Beaded Pen Blank","beadable-pen-blanks","PEN-SOL-DKPUR-1PK","PEN-SOL-DKPUR-1PK","1","Exact Etsy SKU matches inventory SKU; excluded from parent conversion"
"Beaded Pen Blank","beadable-pen-blanks","PEN-SOL-DKYEL-1PK","PEN-SOL-DKYEL-1PK","1","Exact Etsy SKU matches inventory SKU; excluded from parent conversion"
"Beaded Pen Blank","beadable-pen-blanks","PEN-SOL-GLD-1PK","PEN-SOL-GLD-1PK","1","Exact Etsy SKU matches inventory SKU; excluded from parent conversion"
"Beaded Pen Blank","beadable-pen-blanks","PEN-SOL-GLTBLK-1PK","PEN-SOL-GLTBLK-1PK","1","Exact Etsy SKU matches inventory SKU; excluded from parent conversion"
"Beaded Pen Blank","beadable-pen-blanks","PEN-SOL-GLTBRN-1PK","PEN-SOL-GLTBRN-1PK","1","Exact Etsy SKU matches inventory SKU; excluded from parent conversion"
"Beaded Pen Blank","beadable-pen-blanks","PEN-SOL-GLTDKMNT-1PK","PEN-SOL-GLTDKMNT-1PK","1","Exact Etsy SKU matches inventory SKU; excluded from parent conversion"
"Beaded Pen Blank","beadable-pen-blanks","PEN-SOL-GLTDKPNK-1PK","PEN-SOL-GLTDKPNK-1PK","1","Exact Etsy SKU matches inventory SKU; excluded from parent conversion"
"Beaded Pen Blank","beadable-pen-blanks","PEN-SOL-GLTMETBLU-1PK","PEN-SOL-GLTMETBLU-1PK","1","Exact Etsy SKU matches inventory SKU; excluded from parent conversion"
"Beaded Pen Blank","beadable-pen-blanks","PEN-SOL-GLTMOS-1PK","PEN-SOL-GLTMOS-1PK","1","Exact Etsy SKU matches inventory SKU; excluded from parent conversion"
"Beaded Pen Blank","beadable-pen-blanks","PEN-SOL-GLTORG-1PK","PEN-SOL-GLTORG-1PK","1","Exact Etsy SKU matches inventory SKU; excluded from parent conversion"
"Beaded Pen Blank","beadable-pen-blanks","PEN-SOL-GLTPUR-1PK","PEN-SOL-GLTPUR-1PK","1","Exact Etsy SKU matches inventory SKU; excluded from parent conversion"
"Beaded Pen Blank","beadable-pen-blanks","PEN-SOL-GLTRED-1PK","PEN-SOL-GLTRED-1PK","1","Exact Etsy SKU matches inventory SKU; excluded from parent conversion"
"Beaded Pen Blank","beadable-pen-blanks","PEN-SOL-GLTSHNPUR-1PK","PEN-SOL-GLTSHNPUR-1PK","1","Exact Etsy SKU matches inventory SKU; excluded from parent conversion"
"Beaded Pen Blank","beadable-pen-blanks","PEN-SOL-GLTWHT-1PK","PEN-SOL-GLTWHT-1PK","1","Exact Etsy SKU matches inventory SKU; excluded from parent conversion"
"Beaded Pen Blank","beadable-pen-blanks","PEN-SOL-GRN-1PK","PEN-SOL-GRN-1PK","1","Exact Etsy SKU matches inventory SKU; excluded from parent conversion"
"Beaded Pen Blank","beadable-pen-blanks","PEN-SOL-GRY-1PK","PEN-SOL-GRY-1PK","1","Exact Etsy SKU matches inventory SKU; excluded from parent conversion"
"Beaded Pen Blank","beadable-pen-blanks","PEN-SOL-HOTPNK-1PK","PEN-SOL-HOTPNK-1PK","1","Exact Etsy SKU matches inventory SKU; excluded from parent conversion"
"Beaded Pen Blank","beadable-pen-blanks","PEN-SOL-LIMGRN-1PK","PEN-SOL-LIMGRN-1PK","1","Exact Etsy SKU matches inventory SKU; excluded from parent conversion"
"Beaded Pen Blank","beadable-pen-blanks","PEN-SOL-LTORG-1PK","PEN-SOL-LTORG-1PK","1","Exact Etsy SKU matches inventory SKU; excluded from parent conversion"
"Beaded Pen Blank","beadable-pen-blanks","PEN-SOL-LTPNK-1PK","PEN-SOL-LTPNK-1PK","1","Exact Etsy SKU matches inventory SKU; excluded from parent conversion"
"Beaded Pen Blank","beadable-pen-blanks","PEN-SOL-LTPUR-1PK","PEN-SOL-LTPUR-1PK","1","Exact Etsy SKU matches inventory SKU; excluded from parent conversion"
"Beaded Pen Blank","beadable-pen-blanks","PEN-SOL-MATPUR-1PK","PEN-SOL-MATPUR-1PK","1","Exact Etsy SKU matches inventory SKU; excluded from parent conversion"
"Beaded Pen Blank","beadable-pen-blanks","PEN-SOL-MATTEPNK-1PK","PEN-SOL-MATTEPNK-1PK","1","Exact Etsy SKU matches inventory SKU; excluded from parent conversion"
"Beaded Pen Blank","beadable-pen-blanks","PEN-SOL-METGRN-1PK","PEN-SOL-METGRN-1PK","1","Exact Etsy SKU matches inventory SKU; excluded from parent conversion"
"Beaded Pen Blank","beadable-pen-blanks","PEN-SOL-METPNK-1PK","PEN-SOL-METPNK-1PK","1","Exact Etsy SKU matches inventory SKU; excluded from parent conversion"
"Beaded Pen Blank","beadable-pen-blanks","PEN-SOL-MNTGRN-1PK","PEN-SOL-MNTGRN-1PK","1","Exact Etsy SKU matches inventory SKU; excluded from parent conversion"
"Beaded Pen Blank","beadable-pen-blanks","PEN-SOL-OMBBLK-1PK","PEN-SOL-OMBBLK-1PK","1","Exact Etsy SKU matches inventory SKU; excluded from parent conversion"
"Beaded Pen Blank","beadable-pen-blanks","PEN-SOL-OMBPUR-1PK","PEN-SOL-OMBPUR-1PK","1","Exact Etsy SKU matches inventory SKU; excluded from parent conversion"
"Beaded Pen Blank","beadable-pen-blanks","PEN-SOL-OMBRED-1PK","PEN-SOL-OMBRED-1PK","1","Exact Etsy SKU matches inventory SKU; excluded from parent conversion"
"Beaded Pen Blank","beadable-pen-blanks","PEN-SOL-PSTBLU-1PK","PEN-SOL-PSTBLU-1PK","1","Exact Etsy SKU matches inventory SKU; excluded from parent conversion"
"Beaded Pen Blank","beadable-pen-blanks","PEN-SOL-PSTYEL-1PK","PEN-SOL-PSTYEL-1PK","1","Exact Etsy SKU matches inventory SKU; excluded from parent conversion"
"Beaded Pen Blank","beadable-pen-blanks","PEN-SOL-PUR-1PK","PEN-SOL-PUR-1PK","1","Exact Etsy SKU matches inventory SKU; excluded from parent conversion"
"Beaded Pen Blank","beadable-pen-blanks","PEN-SOL-RED-1PK","PEN-SOL-RED-1PK","1","Exact Etsy SKU matches inventory SKU; excluded from parent conversion"
"Beaded Pen Blank","beadable-pen-blanks","PEN-SOL-SKYBLU-1PK","PEN-SOL-SKYBLU-1PK","1","Exact Etsy SKU matches inventory SKU; excluded from parent conversion"
"Beaded Pen Blank","beadable-pen-blanks","PEN-SOL-SLMPNK-1PK","PEN-SOL-SLMPNK-1PK","1","Exact Etsy SKU matches inventory SKU; excluded from parent conversion"
"Beaded Pen Blank","beadable-pen-blanks","PEN-SOL-SLV-1PK","PEN-SOL-SLV-1PK","1","Exact Etsy SKU matches inventory SKU; excluded from parent conversion"
"Beaded Pen Blank","beadable-pen-blanks","PEN-SOL-WHT-1PK","PEN-SOL-WHT-1PK","1","Exact Etsy SKU matches inventory SKU; excluded from parent conversion"
"Beaded Pen Blank","beadable-pen-blanks","PEN-SOL-XMASGRN-1PK","PEN-SOL-XMASGRN-1PK","1","Exact Etsy SKU matches inventory SKU; excluded from parent conversion"
"Beaded Pen Blank","beadable-pen-blanks","PEN-SOL-XMASRED-1PK","PEN-SOL-XMASRED-1PK","1","Exact Etsy SKU matches inventory SKU; excluded from parent conversion"
"Clearance 20mm Bead","clearance-section","RHNST-LTORGBLK-20MM-10PK","RHNST-LTORGBLK-20MM-10PK","10","Exact Etsy SKU matches inventory SKU; excluded from parent conversion"
"20mm  port  Rhine tone Bead","rhinestone-beads","RHNST-SFTBLL-10PK","RHNST-SFTBLL-10PK","10","Exact Etsy SKU matches inventory SKU; excluded from parent conversion"
"20mm  port  Rhine tone Bead","rhinestone-beads","RHNST-SFTBLL-2PK","RHNST-SFTBLL-2PK","2","Exact Etsy SKU matches inventory SKU; excluded from parent conversion"
"20mm  port  Rhine tone Bead","rhinestone-beads","RHNST-SFTBLL-5PK","RHNST-SFTBLL-5PK","5","Exact Etsy SKU matches inventory SKU; excluded from parent conversion"
"20mm  port  Rhine tone Bead","rhinestone-beads","RHNST-SPRTS-MIX-10PK","RHNST-SPRTS-MIX-10PK","10","Exact Etsy SKU matches inventory SKU; excluded from parent conversion"
"20mm  port  Rhine tone Bead","rhinestone-beads","RHNST-SPRTS-MIX-5PK","RHNST-SPRTS-MIX-5PK","5","Exact Etsy SKU matches inventory SKU; excluded from parent conversion"
"20mm White Rhine tone  wirl Bead","rhinestone-beads","RHNST-SWRL-WHTMIX-9PK","RHNST-SWRL-WHTMIX-9PK","9","Exact Etsy SKU matches inventory SKU; excluded from parent conversion"
"12mm  ilicone Bead Mix","mixes-bundles-kits","SIL-12MM-MIX-10PC","SIL-12MM-MIX-10PC","10","Exact Etsy SKU matches inventory SKU; excluded from parent conversion"
"12mm  ilicone Bead Mix","mixes-bundles-kits","SIL-12MM-MIX-30PC","SIL-12MM-MIX-30PC","30","Exact Etsy SKU matches inventory SKU; excluded from parent conversion"
"12mm  ilicone Bead Mix","mixes-bundles-kits","SIL-12MM-MIX-50PC","SIL-12MM-MIX-50PC","50","Exact Etsy SKU matches inventory SKU; excluded from parent conversion"
"ilicone Round Bead","spacers-accessories","SIL-12MM-RSQRTZ-10PK","SIL-12MM-RSQRTZ-10PK","10","Exact Etsy SKU matches inventory SKU; excluded from parent conversion"
"Bright Bead","silicone","SIL-15MM-BRGHTMIX-10PK","SIL-15MM-BRGHTMIX-10PK","10","Exact Etsy SKU matches inventory SKU; excluded from parent conversion"
"15mm  ilicone Bead Mix","mixes-bundles-kits","SIL-15MM-MIX-10PC","SIL-15MM-MIX-10PC","10","Exact Etsy SKU matches inventory SKU; excluded from parent conversion"
"15mm  ilicone Bead Mix","mixes-bundles-kits","SIL-15MM-MIX-30PC","SIL-15MM-MIX-30PC","30","Exact Etsy SKU matches inventory SKU; excluded from parent conversion"
"15mm  ilicone Bead Mix","mixes-bundles-kits","SIL-15MM-MIX-50PC","SIL-15MM-MIX-50PC","50","Exact Etsy SKU matches inventory SKU; excluded from parent conversion"
"ilicone Abacu  Bead Mix","spacers-accessories","SIL-ABA-MIX-10PC","SIL-ABA-MIX-10PC","10","Exact Etsy SKU matches inventory SKU; excluded from parent conversion"
"ilicone Abacu  Bead Mix","spacers-accessories","SIL-ABA-MIX-30PC","SIL-ABA-MIX-30PC","30","Exact Etsy SKU matches inventory SKU; excluded from parent conversion"
"ilicone Abacu  Bead Mix","spacers-accessories","SIL-ABA-MIX-50PC","SIL-ABA-MIX-50PC","50","Exact Etsy SKU matches inventory SKU; excluded from parent conversion"
"ilicone Lentil Bead Mix","spacers-accessories","SIL-LENT-MIX-10PC","SIL-LENT-MIX-10PC","10","Exact Etsy SKU matches inventory SKU; excluded from parent conversion"
"ilicone Lentil Bead Mix","spacers-accessories","SIL-LENT-MIX-30PC","SIL-LENT-MIX-30PC","30","Exact Etsy SKU matches inventory SKU; excluded from parent conversion"
"ilicone Lentil Bead Mix","spacers-accessories","SIL-LENT-MIX-50PC","SIL-LENT-MIX-50PC","50","Exact Etsy SKU matches inventory SKU; excluded from parent conversion"
"M","clearance-section","SIL-LENT-MSSGRN-1PK","SIL-LENT-MSSGRN-1PK","1","Exact Etsy SKU matches inventory SKU; excluded from parent conversion"
"Fancy  pacer","spacers-accessories","SPCR-BNDL-FANCY","SPCR-BNDL-FANCY","1","Exact Etsy SKU matches inventory SKU; excluded from parent conversion"
"Lentil  pacer","spacers-accessories","SPCR-BNDL-LENTIL","SPCR-BNDL-LENTIL","1","Exact Etsy SKU matches inventory SKU; excluded from parent conversion"
"Large Hole Rhine tone  pacer","rhinestone-beads","SPCR-BNDL-RHNST","SPCR-BNDL-RHNST","1","Exact Etsy SKU matches inventory SKU; excluded from parent conversion"
